subscription_id,user_id,plan_type,status,event_effective_ts,mrr_amount,currency
900001,102113,free_trial,trialing,2026-01-06T23:50:01Z,0.0,USD
900001,102113,monthly,active,2026-01-09T23:50:01Z,9.99,USD
900002,105330,monthly,active,2025-10-01T20:09:35Z,9.99,USD
900002,105330,monthly,canceled,2026-01-17T20:09:35Z,9.99,USD
900003,102968,monthly,active,2025-12-11 13:46:07,9.99,USD
900003,102968,monthly,canceled,2026-03-28 13:46:07,9.99,USD
900004,102222,free_trial,trialing,2025-11-27T05:56:33Z,0.0,USD
900004,102222,annual,active,2025-11-30T05:56:33Z,79.99,USD
900004,102222,annual,canceled,2026-03-07T05:56:33Z,79.99,USD
900005,101178,free_trial,trialing,2025-09-10T03:26:21Z,0.0,USD
900005,101178,annual,active,2025-09-21 22:26:21,79.99,USD
900006,106027,free_trial,trialing,2025-12-28T12:40:53Z,0.0,USD
900006,106027,free_trial,expired,2026-01-08T12:40:53Z,0.0,USD
900007,105662,monthly,active,2025-12-27T23:52:54Z,9.99,USD
900007,105662,monthly,expired,2026-03-26T23:52:54Z,9.99,USD
900008,100292,free_trial,trialing,2025-08-16T15:13:24Z,0.0,USD
900008,100292,free_trial,expired,2025-08-23T15:13:24Z,0.0,USD
900009,102611,monthly,active,2025-08-01T05:02:41Z,9.99,USD
900010,106140,free_trial,trialing,2025-12-12T10:17:20Z,0.0,USD
900010,106140,monthly,active,2025-12-15 05:17:20,9.99,USD
900011,100481,monthly,active,2026-02-09T12:20:56Z,9.99,USD
900012,101969,free_trial,trialing,2025-10-18T23:52:47Z,0.0,USD
900013,102173,monthly,active,2025-08-21 10:13:25,9.99,USD
900013,102173,monthly,expired,2026-02-17T15:13:25Z,9.99,USD
900014,103416,annual,active,2025-10-15T23:33:52Z,79.99,USD
900015,106487,free_trial,trialing,2025-11-15T18:36:20Z,0.0,USD
900015,106487,monthly,active,2025-11-26T18:36:20Z,9.99,USD
900016,105595,free_trial,trialing,2025-08-19 16:54:38,0.0,USD
900016,105595,annual,active,2025-08-30T21:54:38Z,79.99,USD
900016,105595,annual,canceled,2025-12-27T21:54:38Z,79.99,USD
900017,107777,annual,active,2026-01-16T22:35:10Z,79.99,USD
900018,105339,monthly,active,2025-11-03T15:13:46Z,9.99,USD
900019,106932,monthly,active,2025-11-20T03:46:36Z,9.99,USD
900019,106932,monthly,canceled,2026-04-04 22:46:36,9.99,USD
900020,101524,free_trial,trialing,2025-07-11T18:37:40Z,0.0,USD
900020,101524,monthly,active,2025-07-19T18:37:40Z,9.99,USD
900021,101460,monthly,active,2025-09-09T13:45:06Z,9.99,USD
900021,101460,monthly,expired,2026-01-05T13:45:06Z,9.99,USD
900022,104877,free_trial,trialing,2025-12-04 04:58:09,0.0,USD
900022,104877,free_trial,expired,2025-12-14T09:58:09Z,0.0,USD
900023,104187,annual,active,2025-07-05T19:05:25Z,79.99,USD
900024,103411,monthly,active,2025-07-27T22:00:28Z,9.99,USD
900025,104200,monthly,active,2025-10-30T00:06:46Z,9.99,USD
900026,107202,monthly,active,2026-01-25T08:04:01Z,9.99,USD
900027,107792,monthly,active,2026-02-06T11:01:59Z,9.99,USD
900028,105593,free_trial,trialing,2025-11-21T12:37:44Z,0.0,USD
900029,100867,free_trial,trialing,2025-10-25T03:33:15Z,0.0,USD
900029,100867,annual,active,2025-10-27 22:33:15,79.99,USD
900030,100480,free_trial,trialing,2025-08-24T06:59:11Z,0.0,USD
900030,100480,free_trial,expired,2025-09-04T06:59:11Z,0.0,USD
900031,106705,monthly,active,2025-10-19T05:25:32Z,9.99,USD
900031,106705,monthly,expired,2025-11-14T05:25:32Z,9.99,USD
900032,107613,annual,active,2025-08-15T14:05:53Z,79.99,USD
900033,103120,free_trial,trialing,2026-01-24 01:26:15,0.0,USD
900033,103120,free_trial,expired,2026-02-02T06:26:15Z,0.0,USD
900034,368343,monthly,active,2025-12-06T03:32:32Z,9.99,USD
900034,368343,monthly,canceled,2026-04-16T03:32:32Z,9.99,EUR
900035,102325,monthly,active,2025-11-20 11:02:37,9.99,USD
900036,102323,free_trial,trialing,2025-09-18 01:21:54,0.0,USD
900036,102323,monthly,active,2025-09-22T06:21:54Z,9.99,USD
900037,104928,free_trial,trialing,2025-07-21T17:33:19Z,0.0,USD
900037,104928,annual,active,2025-07-28 12:33:19,79.99,USD
900038,100922,monthly,active,2025-09-02T07:23:00Z,9.99,USD
900039,104412,monthly,active,2025-11-01T01:40:00Z,9.99,USD
900039,104412,monthly,expired,2026-03-06T01:40:00Z,9.99,USD
900040,107325,monthly,active,2025-08-17T10:33:22Z,9.99,USD
900041,106575,annual,active,2026-02-18T11:24:25Z,79.99,USD
900041,106575,annual,canceled,2026-02-07T11:24:25Z,79.99,USD
900042,101124,free_trial,trialing,2025-08-28T00:26:12Z,0.0,USD
900043,106856,annual,active,2025-08-30T15:43:36Z,79.99,USD
900044,102674,monthly,active,2026-02-16T15:34:43Z,9.99,USD
900045,101732,free_trial,trialing,2025-12-23T03:25:32Z,0.0,USD
900045,101732,free_trial,expired,2026-01-06T03:25:32Z,0.0,USD
900046,104210,annual,active,2025-07-29 18:14:08,79.99,USD
900047,101359,free_trial,trialing,2025-07-13T07:34:45Z,0.0,USD
900047,101359,monthly,active,2025-07-18 02:34:45,9.99,USD
900048,103173,free_trial,trialing,2025-11-06T12:34:24Z,0.0,USD
900048,103173,monthly,active,2025-11-20T12:34:24Z,9.99,USD
900049,103369,monthly,active,2025-08-19T18:06:42Z,9.99,USD
900049,103369,monthly,canceled,2025-11-07T18:06:42Z,9.99,USD
900050,373341,monthly,active,2025-07-29T22:05:10Z,9.99,USD
900051,101512,monthly,active,2025-09-06T15:18:01Z,9.99,USD
900052,102780,free_trial,trialing,2026-01-20 22:39:38,0.0,USD
900053,104264,free_trial,trialing,2026-01-17T04:48:09Z,0.0,USD
900053,104264,free_trial,expired,2026-01-28 23:48:09,0.0,USD
900054,314252,monthly,active,2025-12-03T16:38:32Z,9.99,USD
900054,314252,monthly,canceled,2026-04-04T16:38:32Z,9.99,USD
900055,107490,annual,active,2025-10-29T03:05:32Z,79.99,USD
900056,102824,monthly,active,2025-07-07 17:00:23,9.99,USD
900056,102824,monthly,canceled,2025-09-14T22:00:23Z,9.99,USD
900057,107762,annual,active,2025-10-01T19:59:57Z,79.99,USD
900057,107762,annual,canceled,2025-11-11T19:59:57Z,79.99,USD
900058,103709,monthly,active,2025-10-09T07:04:10Z,9.99,USD
900059,106378,annual,active,2025-11-04 11:40:25,79.99,EUR
900060,101871,free_trial,trialing,2025-12-17T11:14:11Z,0.0,USD
900060,101871,free_trial,expired,2025-12-29T11:14:11Z,0.0,USD
900061,101006,monthly,active,2025-12-30T02:52:01Z,9.99,USD
900061,101006,monthly,canceled,2026-04-15 21:52:01,9.99,USD
900062,106095,monthly,active,2026-01-25T13:36:00Z,9.99,USD
900063,107728,monthly,active,2026-01-14T03:44:49Z,9.99,USD
900063,107728,monthly,canceled,2026-03-11T03:44:49Z,9.99,USD
900064,103101,annual,active,2026-01-09T10:09:04Z,79.99,USD
900064,103101,annual,canceled,2026-03-13 05:09:04,79.99,USD
900065,103968,free_trial,trialing,2025-09-07T04:01:50Z,0.0,USD
900065,103968,free_trial,expired,2025-09-18T04:01:50Z,0.0,USD
900066,103806,monthly,active,2025-10-25T02:38:14Z,9.99,USD
900067,106911,free_trial,trialing,2026-01-28T12:04:37Z,0.0,USD
900067,106911,free_trial,expired,2026-02-10T12:04:37Z,0.0,USD
900068,102414,free_trial,trialing,2025-10-02T09:05:10Z,0.0,USD
900069,100837,monthly,active,2026-01-23T23:43:51Z,9.99,USD
900069,100837,monthly,expired,2026-03-24 18:43:51,9.99,USD
900070,101372,monthly,active,2025-09-25 14:28:25,9.99,USD
900071,100657,monthly,active,2026-01-24T23:24:38Z,9.99,USD
900072,102987,monthly,active,2025-08-29 21:20:44,9.99,USD
900072,102987,monthly,canceled,2025-10-15T02:20:44Z,9.99,USD
900073,107996,annual,active,2025-08-21T07:48:28Z,79.99,USD
900074,101087,monthly,active,2025-11-15 19:54:24,9.99,USD
900075,101177,annual,active,2025-10-27T04:01:11Z,79.99,USD
900075,101177,annual,canceled,2026-02-18T04:01:11Z,79.99,USD
900076,107344,free_trial,trialing,2025-08-01T23:34:15Z,0.0,USD
900076,107344,free_trial,expired,2025-08-13T23:34:15Z,0.0,USD
900077,106260,monthly,active,2025-07-12T10:31:30Z,9.99,USD
900078,107981,monthly,active,2025-11-25T14:36:28Z,9.99,USD
900079,107579,free_trial,trialing,2025-10-04T18:38:39Z,0.0,USD
900079,107579,monthly,active,2025-10-13 13:38:39,9.99,USD
900080,103550,monthly,active,2025-12-19 15:16:15,9.99,USD
900081,102770,free_trial,trialing,2025-08-04T22:03:07Z,0.0,USD
900081,102770,monthly,active,2025-08-11T22:03:07Z,9.99,USD
900082,105876,monthly,active,2025-12-09T21:12:35Z,9.99,USD
900082,105876,monthly,canceled,2026-04-21T21:12:35Z,9.99,USD
900083,102129,annual,active,2025-08-25 16:49:04,79.99,USD
900083,102129,annual,canceled,2025-08-20T21:49:04Z,79.99,USD
900084,101837,monthly,active,2025-11-23T22:41:25Z,9.99,USD
900085,106296,free_trial,trialing,2025-12-03T14:49:28Z,0.0,USD
900085,106296,free_trial,expired,2025-12-13T14:49:28Z,0.0,USD
900086,104702,monthly,active,2026-01-31T00:57:30Z,9.99,USD
900087,104649,free_trial,trialing,2025-11-25T12:02:23Z,0.0,USD
900087,104649,monthly,active,2025-11-28T12:02:23Z,9.99,USD
900088,106196,monthly,active,2026-01-27 21:29:56,9.99,USD
900088,106196,monthly,canceled,2026-04-12T02:29:56Z,9.99,USD
900089,103249,free_trial,trialing,2025-10-12T04:21:10Z,0.0,USD
900089,103249,free_trial,expired,2025-10-19T04:21:10Z,0.0,USD
900090,105515,monthly,active,2025-11-20T16:39:09Z,9.99,USD
900091,103200,monthly,active,2026-02-02T12:31:32Z,9.99,USD
900092,105292,free_trial,trialing,2025-08-19T02:46:27Z,0.0,USD
900092,105292,free_trial,expired,2025-09-02T02:46:27Z,0.0,USD
900093,107067,monthly,active,2025-08-02T20:15:32Z,9.99,USD
900093,107067,monthly,canceled,2025-09-04T20:15:32Z,9.99,USD
900094,106336,monthly,active,2026-02-05 15:51:54,9.99,USD
900094,106336,monthly,canceled,2026-02-21T20:51:54Z,9.99,USD
900095,100543,free_trial,trialing,2025-08-09T15:00:21Z,0.0,USD
900095,100543,free_trial,expired,2025-08-17T15:00:21Z,0.0,USD
900096,106238,annual,active,2025-08-17T13:59:22Z,79.99,USD
900097,104156,monthly,active,2025-07-11T11:47:09Z,9.99,USD
900098,107364,free_trial,trialing,2025-11-18T02:37:18Z,0.0,USD
900099,107185,monthly,active,2026-02-17T04:12:15Z,9.99,USD
900100,100428,monthly,active,2025-07-21T10:53:41Z,9.99,USD
900100,100428,monthly,canceled,2025-11-12T10:53:41Z,9.99,USD
900101,104988,free_trial,trialing,2025-08-08T07:27:44Z,0.0,USD
900101,104988,free_trial,expired,2025-08-15T07:27:44Z,0.0,USD
900102,106405,monthly,active,2026-01-06T22:34:46Z,9.99,USD
900103,106913,monthly,active,2025-09-22 04:41:20,9.99,USD
900104,107931,monthly,active,2026-01-01 20:42:11,9.99,USD
900105,100568,monthly,active,2025-11-29T05:47:50Z,9.99,USD
900106,105343,monthly,active,2025-09-20T10:58:45Z,9.99,USD
900106,105343,monthly,canceled,2025-10-20T10:58:45Z,9.99,USD
900107,102573,monthly,active,2025-12-30 10:11:28,9.99,USD
900107,102573,monthly,canceled,2026-03-30T15:11:28Z,9.99,USD
900108,100799,free_trial,trialing,2026-01-19 10:05:26,0.0,USD
900108,100799,annual,active,2026-01-30T15:05:26Z,79.99,USD
900109,105767,monthly,active,2026-01-10T20:26:51Z,9.99,USD
900109,105767,monthly,canceled,2026-05-27T20:26:51Z,9.99,USD
900110,103539,monthly,active,2025-09-05T14:24:49Z,9.99,USD
900111,106711,free_trial,trialing,2025-11-14 02:27:59,0.0,USD
900111,106711,monthly,active,2025-11-23T07:27:59Z,9.99,USD
900111,106711,monthly,canceled,2026-03-08T07:27:59Z,9.99,USD
900112,104264,monthly,active,2025-09-28T14:49:08Z,9.99,USD
900112,104264,monthly,canceled,2025-11-03T14:49:08Z,9.99,USD
900113,101731,annual,active,2025-08-29T04:50:42Z,79.99,USD
900114,100561,monthly,active,2025-11-01T17:08:30Z,9.99,USD
900114,100561,monthly,canceled,2025-11-25T17:08:30Z,9.99,USD
900115,101511,monthly,active,2025-09-27T00:17:48Z,9.99,USD
900116,104089,annual,active,2025-10-03T12:55:14Z,79.99,USD
900117,107976,monthly,active,2025-12-12T10:43:39Z,9.99,USD
900118,105256,free_trial,trialing,2025-09-20T02:24:44Z,0.0,USD
900118,105256,free_trial,expired,2025-09-30 21:24:44,0.0,USD
900119,101332,monthly,active,2025-11-29T12:50:05Z,9.99,USD
900120,100712,free_trial,trialing,2025-08-05T01:36:38Z,0.0,USD
900120,100712,free_trial,expired,2025-08-18T01:36:38Z,0.0,USD
900121,106913,monthly,active,2026-02-03T20:15:24Z,9.99,USD
900121,106913,monthly,canceled,2026-05-28T20:15:24Z,9.99,USD
900122,102511,monthly,active,2025-11-25T02:44:10Z,9.99,USD
900123,107861,monthly,active,2026-01-17T08:40:49Z,9.99,USD
900123,107861,monthly,expired,2026-04-23T08:40:49Z,9.99,USD
900124,102047,annual,active,2025-10-20T19:56:52Z,79.99,USD
900124,102047,annual,canceled,2025-10-06T19:56:52Z,79.99,USD
900125,106054,annual,active,2025-11-05T20:48:50Z,79.99,USD
900125,106054,annual,canceled,2026-01-03T20:48:50Z,79.99,USD
900126,105232,free_trial,trialing,2025-07-13T04:48:56Z,0.0,USD
900126,105232,annual,active,2025-07-20T04:48:56Z,79.99,USD
900127,103733,monthly,active,2026-01-24T12:24:39Z,9.99,USD
900128,103628,free_trial,trialing,2025-09-13T05:39:27Z,0.0,USD
900129,106026,monthly,active,2025-08-04 07:29:20,9.99,USD
900129,106026,monthly,canceled,2025-10-18T12:29:20Z,9.99,USD
900130,103506,monthly,active,2025-07-24 20:57:58,9.99,USD
900130,103506,monthly,canceled,2025-09-02T01:57:58Z,9.99,USD
900131,101915,free_trial,trialing,2025-11-25T12:52:58Z,0.0,USD
900131,101915,free_trial,expired,2025-12-06T12:52:58Z,0.0,USD
900132,104675,monthly,active,2025-08-31 01:45:10,9.99,USD
900133,102960,monthly,active,2025-11-27T03:35:09Z,9.99,USD
900134,105130,free_trial,trialing,2025-11-26T15:46:24Z,0.0,USD
900134,105130,free_trial,expired,2025-12-04T15:46:24Z,0.0,USD
900135,107938,monthly,active,2026-01-09T11:25:21Z,9.99,USD
900136,100773,annual,active,2026-01-21T19:02:08Z,79.99,USD
900136,100773,annual,expired,2026-05-06T19:02:08Z,79.99,USD
900137,103903,monthly,active,2025-09-10T17:38:30Z,9.99,USD
900138,101716,annual,active,2025-07-30T04:10:12Z,79.99,USD
900139,104804,monthly,active,2025-10-26T04:14:51Z,9.99,USD
900140,107406,annual,active,2025-07-09T22:10:59Z,79.99,USD
900140,107406,annual,canceled,2025-11-15T22:10:59Z,79.99,USD
900141,102825,monthly,active,2026-01-26 21:25:32,9.99,USD
900141,102825,monthly,canceled,2026-05-18T02:25:32Z,9.99,USD
900142,105147,monthly,active,2025-12-21T21:09:35Z,9.99,USD
900142,105147,monthly,expired,2026-01-30T21:09:35Z,9.99,USD
900143,105685,monthly,active,2026-01-09T16:22:31Z,9.99,USD
900144,107285,monthly,active,2025-11-18T06:03:35Z,9.99,USD
900144,107285,monthly,expired,2026-05-04T06:03:35Z,9.99,USD
900145,105402,monthly,active,2025-07-31T03:57:34Z,9.99,USD
900146,104428,annual,active,2025-10-11T10:09:18Z,79.99,USD
900147,107792,monthly,active,2025-12-06T15:49:14Z,9.99,USD
900147,107792,monthly,expired,2026-05-06T15:49:14Z,9.99,USD
900148,102898,monthly,active,2025-12-05T05:59:29Z,9.99,USD
900149,104106,monthly,active,2025-07-08T10:32:03Z,9.99,USD
900149,104106,monthly,canceled,2025-08-29T10:32:03Z,9.99,USD
900150,100316,free_trial,trialing,2026-02-09T11:15:31Z,0.0,USD
900150,100316,annual,active,2026-02-15T11:15:31Z,79.99,USD
900151,101239,monthly,active,2025-10-08 14:40:11,9.99,USD
900152,104554,monthly,active,2025-11-27T02:13:54Z,9.99,USD
900153,100120,monthly,active,2025-07-15T15:01:19Z,9.99,USD
900153,100120,monthly,canceled,2025-08-23T15:01:19Z,9.99,USD
900154,106513,monthly,active,2025-12-27T16:03:57Z,9.99,USD
900154,106513,monthly,canceled,2026-01-28 11:03:57,9.99,USD
900155,106770,annual,active,2025-09-28T08:02:47Z,79.99,USD
900155,106770,annual,expired,2026-04-04T08:02:47Z,79.99,USD
900156,102427,monthly,active,2025-08-12T00:29:31Z,9.99,USD
900157,102353,annual,active,2025-09-30T22:24:18Z,79.99,USD
900158,323489,monthly,active,2026-02-16T10:32:48Z,9.99,USD
900159,301510,annual,active,2026-01-05T01:36:27Z,79.99,USD
900160,102445,monthly,active,2025-09-20T22:29:32Z,9.99,USD
900161,104954,monthly,active,2025-08-07T09:10:31Z,9.99,USD
900161,104954,monthly,expired,2025-11-29T09:10:31Z,9.99,USD
900162,107525,monthly,active,2025-10-10 03:09:56,9.99,USD
900163,102587,monthly,active,2025-10-27T20:28:25Z,9.99,USD
900164,101421,monthly,active,2025-12-05T09:55:05Z,9.99,USD
900164,101421,monthly,canceled,2026-02-16T09:55:05Z,9.99,USD
900165,101157,annual,active,2025-12-19T16:37:48Z,79.99,USD
900166,100900,monthly,active,2026-01-01 23:02:47,9.99,USD
900166,100900,monthly,canceled,2026-05-08T04:02:47Z,9.99,USD
900167,101937,annual,active,2025-07-28T09:46:53Z,79.99,USD
900168,377943,annual,active,2026-01-03T23:49:15Z,79.99,USD
900168,377943,annual,canceled,2026-04-05T23:49:15Z,79.99,USD
900169,104264,free_trial,trialing,2025-11-29T08:41:43Z,0.0,USD
900169,104264,free_trial,expired,2025-12-11T08:41:43Z,0.0,USD
900170,104400,free_trial,trialing,2026-01-23T02:49:25Z,0.0,USD
900170,104400,monthly,active,2026-02-04 21:49:25,9.99,USD
900171,102186,free_trial,trialing,2025-07-04T16:02:34Z,0.0,USD
900172,101949,monthly,active,2026-01-24T00:03:07Z,9.99,USD
900172,101949,monthly,canceled,2026-03-27T00:03:07Z,9.99,USD
900173,100185,free_trial,trialing,2025-09-28T05:10:30Z,0.0,USD
900173,100185,annual,active,2025-10-05 00:10:30,79.99,USD
900174,100721,monthly,active,2025-11-12T02:13:41Z,9.99,USD
900175,102177,free_trial,trialing,2026-02-13 10:35:00,0.0,USD
900175,102177,annual,active,2026-02-19T15:35:00Z,79.99,USD
900176,107587,free_trial,trialing,2025-11-10T22:22:56Z,0.0,USD
900176,107587,annual,active,2025-11-15T22:22:56Z,79.99,USD
900177,104758,annual,active,2025-09-01T19:40:38Z,79.99,USD
900177,104758,annual,canceled,2025-12-22T19:40:38Z,79.99,USD
900178,104913,monthly,active,2025-09-24T18:14:21Z,9.99,USD
900178,104913,monthly,expired,2025-11-24T18:14:21Z,9.99,USD
900179,102916,free_trial,trialing,2025-08-17T20:11:08Z,0.0,USD
900179,102916,monthly,active,2025-08-29T20:11:08Z,9.99,USD
900180,102038,free_trial,trialing,2025-11-25T10:56:01Z,0.0,USD
900180,102038,monthly,active,2025-11-28 05:56:01,9.99,USD
900180,102038,monthly,canceled,2026-03-11T10:56:01Z,9.99,USD
900181,100701,free_trial,trialing,2025-07-03T19:57:28Z,0.0,USD
900182,106215,annual,active,2026-01-05T16:47:32Z,79.99,USD
900182,106215,annual,canceled,2026-04-16 11:47:32,79.99,USD
900183,105705,free_trial,trialing,2025-12-16T20:34:34Z,0.0,USD
900183,105705,annual,active,2025-12-24T20:34:34Z,79.99,USD
900184,103127,annual,active,2025-09-21T22:28:40Z,79.99,USD
900185,102076,annual,active,2026-02-14T13:14:50Z,79.99,USD
900186,106022,annual,active,2026-02-09 01:54:53,79.99,USD
900187,107642,monthly,active,2026-02-13T16:01:23Z,9.99,USD
900187,107642,monthly,canceled,2026-04-11T16:01:23Z,9.99,USD
900188,103613,free_trial,trialing,2026-01-28T10:33:38Z,0.0,USD
900188,103613,annual,active,2026-02-09T10:33:38Z,79.99,USD
900188,103613,annual,canceled,2026-06-02T10:33:38Z,79.99,USD
900189,101585,monthly,active,2025-12-02T16:21:17Z,9.99,USD
900189,101585,monthly,canceled,2026-03-06T16:21:17Z,9.99,USD
900190,102241,free_trial,trialing,2026-01-19T06:29:57Z,0.0,USD
900191,100094,monthly,active,2025-09-25T18:02:37Z,9.99,USD
900192,101838,free_trial,trialing,2026-01-07T13:24:22Z,0.0,USD
900192,101838,free_trial,expired,2026-01-19T13:24:22Z,0.0,USD
900193,104377,monthly,active,2025-07-23T06:25:01Z,9.99,USD
900194,105801,free_trial,trialing,2025-08-28T22:25:59Z,0.0,USD
900194,105801,monthly,active,2025-09-04T22:25:59Z,9.99,USD
900195,101059,free_trial,trialing,2026-01-27T01:26:43Z,0.0,USD
900195,101059,annual,active,2026-01-31T01:26:43Z,79.99,USD
900195,101059,annual,canceled,2026-04-03T01:26:43Z,79.99,USD
900196,107002,annual,active,2025-08-08 23:55:25,79.99,USD
900196,107002,annual,canceled,2025-12-14T04:55:25Z,79.99,USD
900197,101330,annual,active,2025-07-07 17:28:17,79.99,USD
900197,101330,annual,canceled,2025-11-26T22:28:17Z,79.99,USD
900198,100373,free_trial,trialing,2026-01-10T00:27:46Z,0.0,USD
900198,100373,free_trial,expired,2026-01-17T00:27:46Z,0.0,USD
900199,104089,free_trial,trialing,2026-01-18T13:34:55Z,0.0,USD
900199,104089,monthly,active,2026-01-22 08:34:55,9.99,USD
900200,107849,monthly,active,2025-08-10T18:57:27Z,9.99,USD
900201,107905,monthly,active,2025-08-29T17:46:59Z,9.99,USD
900202,103608,annual,active,2026-01-30T07:12:09Z,79.99,USD
900203,102713,monthly,active,2025-10-04T22:17:24Z,9.99,USD
900204,102551,annual,active,2025-12-03T13:21:55Z,79.99,USD
900205,101919,free_trial,trialing,2025-12-02 04:51:02,0.0,USD
900205,101919,free_trial,expired,2025-12-12T09:51:02Z,0.0,USD
900206,106508,monthly,active,2025-07-08T16:36:46Z,9.99,USD
900207,107657,annual,active,2025-12-09T15:15:10Z,79.99,USD
900208,107832,monthly,active,2025-09-10T21:05:02Z,9.99,USD
900208,107832,monthly,canceled,2026-02-02T21:05:02Z,9.99,USD
900209,100674,free_trial,trialing,2025-12-24T01:31:08Z,0.0,USD
900209,100674,free_trial,expired,2026-01-01T01:31:08Z,0.0,USD
900210,107236,monthly,active,2026-01-06 07:12:33,9.99,USD
900211,105904,monthly,active,2025-07-21T01:31:10Z,9.99,USD
900211,105904,monthly,canceled,2025-08-07T01:31:10Z,9.99,USD
900212,100437,annual,active,2025-12-04T06:39:19Z,79.99,USD
900213,105426,monthly,active,2025-11-11T19:59:12Z,9.99,USD
900213,105426,monthly,canceled,2026-01-29T19:59:12Z,9.99,USD
900214,105617,monthly,active,2025-11-03T02:42:45Z,9.99,USD
900215,100018,annual,active,2025-09-05T00:07:22Z,79.99,USD
900215,100018,annual,expired,2025-10-13T00:07:22Z,79.99,USD
900216,106523,annual,active,2025-11-24T02:33:53Z,79.99,USD
900217,100755,annual,active,2026-02-14T17:12:06Z,79.99,USD
900217,100755,annual,canceled,2026-05-28T17:12:06Z,79.99,USD
900218,106692,free_trial,trialing,2025-08-19T10:15:11Z,0.0,USD
900218,106692,monthly,active,2025-08-31T10:15:11Z,9.99,USD
900218,106692,monthly,canceled,2025-10-16T10:15:11Z,9.99,USD
900219,102464,monthly,active,2025-12-25T08:00:17Z,9.99,USD
900219,102464,monthly,canceled,2026-05-05T08:00:17Z,9.99,USD
900220,105405,monthly,active,2025-08-03T13:57:58Z,9.99,USD
900221,104076,free_trial,trialing,2025-12-20T17:36:53Z,0.0,USD
900222,103380,monthly,active,2025-10-14 05:53:06,9.99,USD
900223,100202,free_trial,trialing,2025-10-17T10:34:28Z,0.0,USD
900224,304601,monthly,active,2026-02-03T00:00:50Z,9.99,USD
900225,101647,monthly,active,2025-12-16 18:33:23,9.99,USD
900226,100690,monthly,active,2025-10-13T18:21:03Z,9.99,USD
900227,105746,free_trial,trialing,2025-12-20 05:15:12,0.0,USD
900227,105746,annual,active,2025-12-29T10:15:12Z,79.99,USD
900228,100914,free_trial,trialing,2025-08-01T05:29:43Z,0.0,USD
900228,100914,free_trial,expired,2025-08-12 00:29:43,0.0,USD
900229,101246,monthly,active,2025-08-27 00:43:17,9.99,USD
900230,103810,monthly,active,2026-01-04T14:39:48Z,9.99,USD
900230,103810,monthly,expired,2026-03-07T14:39:48Z,9.99,USD
900231,103396,monthly,active,2025-07-23T21:57:46Z,9.99,USD
900232,101933,annual,active,2026-02-01T07:48:37Z,79.99,USD
900233,105403,monthly,active,2025-08-21T23:01:04Z,9.99,USD
900233,105403,monthly,canceled,2026-01-09T23:01:04Z,9.99,USD
900234,106807,annual,active,2025-08-13T19:24:33Z,79.99,USD
900234,106807,annual,canceled,2025-09-14T19:24:33Z,79.99,USD
900235,103408,monthly,active,2026-01-05T03:54:04Z,9.99,USD
900236,101709,free_trial,trialing,2025-11-03T19:49:14Z,0.0,USD
900236,101709,monthly,active,2025-11-10T19:49:14Z,9.99,USD
900236,101709,monthly,canceled,2026-02-11T19:49:14Z,9.99,USD
900237,105859,monthly,active,2025-08-20T10:33:35Z,9.99,USD
900238,104404,monthly,active,2026-02-17 09:35:25,9.99,USD
900238,104404,monthly,canceled,2026-06-06T14:35:25Z,9.99,USD
900239,105117,free_trial,trialing,2026-02-18T11:20:34Z,0.0,USD
900239,105117,monthly,active,2026-02-23T11:20:34Z,9.99,USD
900240,106102,annual,active,2025-10-22T01:12:25Z,79.99,USD
900241,102495,monthly,active,2025-08-05T21:23:44Z,9.99,USD
900241,102495,monthly,canceled,2025-09-26 16:23:44,9.99,USD
900242,101119,monthly,active,2025-08-20T04:31:51Z,9.99,USD
900242,101119,monthly,expired,2026-01-27T04:31:51Z,9.99,USD
900243,105156,free_trial,trialing,2025-12-03T12:07:39Z,0.0,USD
900243,105156,annual,active,2025-12-15T12:07:39Z,79.99,USD
900244,103835,free_trial,trialing,2025-12-18T01:53:42Z,0.0,USD
900244,103835,annual,active,2025-12-21T01:53:42Z,79.99,USD
900244,103835,annual,canceled,2026-04-16T01:53:42Z,79.99,USD
900245,107127,annual,active,2025-11-05T19:47:27Z,79.99,USD
900246,102639,free_trial,trialing,2026-01-28T04:58:39Z,0.0,USD
900246,102639,monthly,active,2026-02-02T04:58:39Z,9.99,USD
900247,103965,free_trial,trialing,2025-08-29 01:54:31,0.0,USD
900247,103965,free_trial,expired,2025-09-08 01:54:31,0.0,USD
900248,101022,monthly,active,2025-08-02T22:06:15Z,9.99,EUR
900249,107067,monthly,active,2025-11-11 03:01:33,9.99,USD
900250,107451,monthly,active,2025-10-24T04:03:08Z,9.99,USD
900251,104456,annual,active,2025-08-03T19:09:16Z,79.99,USD
900252,103341,annual,active,2025-07-29 23:14:36,79.99,USD
900252,103341,annual,canceled,2025-12-07T04:14:36Z,79.99,USD
900253,107284,free_trial,trialing,2025-11-26 20:08:10,0.0,USD
900253,107284,annual,active,2025-12-02 20:08:10,79.99,USD
900253,107284,annual,canceled,2025-12-31T01:08:10Z,79.99,USD
900254,105746,annual,active,2025-07-04 09:04:59,79.99,USD
900255,105456,monthly,active,2025-12-10T14:59:03Z,9.99,USD
900255,105456,monthly,canceled,2026-02-19T14:59:03Z,9.99,USD
900256,105656,monthly,active,2026-01-16T14:51:52Z,9.99,USD
900256,105656,monthly,canceled,2026-03-26T14:51:52Z,9.99,USD
900257,107181,monthly,active,2025-09-15 09:49:14,9.99,USD
900257,107181,monthly,canceled,2025-10-31T14:49:14Z,9.99,USD
900258,105983,monthly,active,2025-09-27T07:55:53Z,9.99,USD
900258,105983,monthly,canceled,2026-01-27T07:55:53Z,9.99,USD
900259,101119,free_trial,trialing,2025-10-28T12:38:05Z,0.0,USD
900260,106567,monthly,active,2025-09-10T14:11:20Z,9.99,USD
900261,104881,annual,active,2025-07-11T05:05:22Z,79.99,USD
900262,103336,free_trial,trialing,2025-10-08T06:09:32Z,0.0,USD
900262,103336,free_trial,expired,2025-10-15T06:09:32Z,0.0,USD
900263,102129,free_trial,trialing,2025-07-19T07:22:32Z,0.0,USD
900263,102129,annual,active,2025-08-02T07:22:32Z,79.99,USD
900264,105993,monthly,active,2025-11-06 22:43:53,9.99,USD
900265,100017,annual,active,2025-08-11T08:26:28Z,79.99,USD
900265,100017,annual,canceled,2025-11-15T08:26:28Z,79.99,USD
900266,105287,free_trial,trialing,2025-12-01 19:50:28,0.0,USD
900266,105287,monthly,active,2025-12-07T00:50:28Z,9.99,USD
900266,105287,monthly,canceled,2026-02-17 19:50:28,9.99,USD
900267,101184,free_trial,trialing,2025-09-07T17:55:01Z,0.0,USD
900267,101184,annual,active,2025-09-21T17:55:01Z,79.99,USD
900268,100738,annual,active,2025-11-05T18:51:36Z,79.99,USD
900268,100738,annual,canceled,2026-03-21T18:51:36Z,79.99,USD
900269,103083,monthly,active,2025-09-10T11:56:02Z,9.99,USD
900270,105415,monthly,active,2025-11-02 23:42:28,9.99,USD
900270,105415,monthly,canceled,2026-03-18T04:42:28Z,9.99,USD
900271,103905,annual,active,2025-10-17T16:19:07Z,79.99,USD
900272,103344,free_trial,trialing,2025-08-21T11:53:09Z,0.0,USD
900272,103344,free_trial,expired,2025-08-30T11:53:09Z,0.0,USD
900273,107599,free_trial,trialing,2025-12-21T06:15:39Z,0.0,USD
900273,107599,free_trial,expired,2025-12-28T06:15:39Z,0.0,USD
900274,106492,monthly,active,2025-09-07T09:30:49Z,9.99,USD
900275,107877,free_trial,trialing,2025-09-23 13:05:57,0.0,USD
900276,107843,monthly,active,2025-09-22T20:53:56Z,9.99,USD
900277,104885,monthly,active,2026-01-14T21:23:11Z,9.99,USD
900278,100239,free_trial,trialing,2026-02-06T09:06:58Z,0.0,USD
900278,100239,monthly,active,2026-02-12T09:06:58Z,9.99,USD
900278,100239,monthly,canceled,2026-03-05T09:06:58Z,9.99,USD
900279,100595,monthly,active,2025-09-24T00:47:27Z,9.99,USD
900280,105343,monthly,active,2026-01-31T02:27:57Z,9.99,USD
900280,105343,monthly,canceled,2026-03-28T02:27:57Z,9.99,USD
900281,104036,monthly,active,2025-08-11 04:24:23,9.99,USD
900282,101124,free_trial,trialing,2025-09-25 09:51:18,0.0,USD
900282,101124,monthly,active,2025-10-04 09:51:18,9.99,USD
900283,102223,monthly,active,2025-11-09T13:48:22Z,9.99,USD
900283,102223,monthly,expired,2025-10-23 08:48:22,9.99,USD
900284,103044,annual,active,2025-09-19 22:11:29,79.99,USD
900284,103044,annual,canceled,2026-01-17T03:11:29Z,79.99,USD
900285,101980,annual,active,2025-09-23T10:26:57Z,79.99,USD
900286,103907,monthly,active,2026-01-09T13:24:51Z,9.99,USD
900286,103907,monthly,canceled,2026-03-05T13:24:51Z,9.99,USD
900287,100004,annual,active,2026-01-05 17:19:53,79.99,USD
900287,100004,annual,expired,2026-02-17 17:19:53,79.99,USD
900288,101465,free_trial,trialing,2025-07-06 15:49:51,0.0,USD
900288,101465,annual,active,2025-07-15 15:49:51,79.99,USD
900289,105134,annual,active,2025-10-12T09:21:01Z,79.99,USD
900289,105134,annual,canceled,2026-02-04 04:21:01,79.99,USD
900290,102087,free_trial,trialing,2026-01-01T05:39:46Z,0.0,USD
900290,102087,monthly,active,2026-01-07T05:39:46Z,9.99,USD
900291,103971,monthly,active,2025-12-01 21:58:13,9.99,USD
900292,104029,monthly,active,2025-09-20T00:10:56Z,9.99,USD
900292,104029,monthly,canceled,2025-12-12T00:10:56Z,9.99,USD
900293,102396,monthly,active,2025-12-13 21:30:37,9.99,USD
900294,101026,annual,active,2026-01-13T19:06:56Z,79.99,USD
900295,104949,monthly,active,2025-12-01T19:38:40Z,9.99,USD
900295,104949,monthly,expired,2026-03-30T19:38:40Z,9.99,USD
900296,107081,monthly,active,2025-12-02T15:24:33Z,9.99,USD
900297,107429,annual,active,2026-01-12T22:05:19Z,79.99,USD
900298,103655,monthly,active,2025-10-20T04:29:53Z,9.99,USD
900298,103655,monthly,expired,2025-11-15T04:29:53Z,9.99,USD
900299,107932,free_trial,trialing,2025-11-29T08:47:11Z,0.0,USD
900299,107932,free_trial,expired,2025-12-09T08:47:11Z,0.0,USD
900300,104214,monthly,active,2025-09-20T01:27:06Z,9.99,USD
900301,102345,free_trial,trialing,2025-12-03T01:33:31Z,0.0,USD
900302,101972,monthly,active,2025-11-06T07:06:29Z,9.99,USD
900303,107576,monthly,active,2025-12-03 07:39:20,9.99,USD
900303,107576,monthly,expired,2026-03-23T12:39:20Z,9.99,USD
900304,101386,monthly,active,2025-12-15T23:00:05Z,9.99,USD
900305,102787,monthly,active,2025-10-06T07:06:42Z,9.99,USD
900306,100069,free_trial,trialing,2025-08-08T04:47:56Z,0.0,USD
900306,100069,annual,active,2025-08-21T04:47:56Z,79.99,USD
900307,104009,free_trial,trialing,2025-08-07T15:55:27Z,0.0,USD
900307,104009,free_trial,expired,2025-08-16T15:55:27Z,0.0,USD
900308,105313,monthly,active,2025-12-29T22:47:40Z,9.99,USD
900308,105313,monthly,canceled,2026-05-04T22:47:40Z,9.99,USD
900309,102185,monthly,active,2025-09-13T12:38:06Z,9.99,USD
900309,102185,monthly,canceled,2025-11-10 07:38:06,9.99,USD
900310,107092,free_trial,trialing,2025-11-04T09:32:29Z,0.0,USD
900310,107092,free_trial,expired,2025-11-17T09:32:29Z,0.0,USD
900311,100327,free_trial,trialing,2026-01-11T19:48:40Z,0.0,USD
900312,104227,monthly,active,2025-07-08T02:58:39Z,9.99,USD
900312,104227,monthly,canceled,2025-08-15T02:58:39Z,9.99,USD
900313,107442,monthly,active,2025-10-09T06:52:23Z,9.99,USD
900313,107442,monthly,expired,2026-02-11T06:52:23Z,9.99,GBP
900314,104348,monthly,active,2025-07-15T21:57:10Z,9.99,USD
900314,104348,monthly,canceled,2025-08-01T21:57:10Z,9.99,USD
900315,102512,free_trial,trialing,2025-08-05T08:50:14Z,0.0,USD
900316,316524,free_trial,trialing,2025-10-17T21:13:47Z,0.0,USD
900317,103984,free_trial,trialing,2026-02-13T17:18:45Z,0.0,USD
900317,103984,free_trial,expired,2026-02-24T17:18:45Z,0.0,USD
900318,107245,annual,active,2025-10-10T17:29:46Z,79.99,USD
900318,107245,annual,canceled,2026-02-14T17:29:46Z,79.99,USD
900319,105898,monthly,active,2025-11-10T12:13:22Z,9.99,USD
900320,104613,monthly,active,2025-08-05T08:14:39Z,9.99,USD
900321,104626,free_trial,trialing,2025-08-23T10:54:28Z,0.0,USD
900321,104626,monthly,active,2025-08-29T10:54:28Z,9.99,USD
900321,104626,monthly,canceled,2025-10-26T10:54:28Z,9.99,USD
900322,100247,annual,active,2025-08-05T22:59:58Z,79.99,USD
900322,100247,annual,canceled,2025-10-15T22:59:58Z,79.99,USD
900323,106302,monthly,active,2025-07-25 10:52:51,9.99,USD
900324,104717,monthly,active,2025-08-22T17:20:32Z,9.99,USD
900325,101463,monthly,active,2025-10-15T17:02:38Z,9.99,USD
900326,107068,free_trial,trialing,2025-07-26T05:15:14Z,0.0,USD
900326,107068,annual,active,2025-07-31T05:15:14Z,79.99,USD
900326,107068,annual,canceled,2025-11-05 00:15:14,79.99,USD
900327,103221,free_trial,trialing,2025-12-28T09:29:21Z,0.0,USD
900328,100123,monthly,active,2025-08-31 14:15:04,9.99,USD
900329,102935,monthly,active,2025-08-20T09:28:49Z,9.99,USD
900330,100237,annual,active,2025-11-04 11:57:00,79.99,USD
900331,102464,monthly,active,2026-01-02T23:35:45Z,9.99,USD
900331,102464,monthly,canceled,2026-01-27T23:35:45Z,9.99,USD
900332,101950,monthly,active,2025-07-18T23:23:03Z,9.99,USD
900333,107501,annual,active,2025-07-24T13:33:22Z,79.99,USD
900334,105785,monthly,active,2025-11-12T08:39:07Z,9.99,USD
900335,103014,free_trial,trialing,2025-11-24T05:47:38Z,0.0,USD
900335,103014,free_trial,expired,2025-12-02T05:47:38Z,0.0,USD
900336,381378,free_trial,trialing,2025-08-04T07:08:54Z,0.0,USD
900336,381378,free_trial,expired,2025-08-17T07:08:54Z,0.0,USD
900337,106152,annual,active,2025-10-15T15:07:24Z,79.99,USD
900338,352835,annual,active,2025-11-15T08:04:59Z,79.99,USD
900339,102503,annual,active,2025-08-17 20:12:11,79.99,USD
900340,107479,monthly,active,2025-09-15T07:15:49Z,9.99,USD
900341,325978,monthly,active,2025-09-17T03:41:14Z,9.99,USD
900342,102167,monthly,active,2025-09-11 20:54:14,9.99,USD
900343,103177,annual,active,2025-10-16 22:36:38,79.99,USD
900343,103177,annual,canceled,2025-11-14T03:36:38Z,79.99,USD
900344,106747,monthly,active,2025-12-31T08:00:04Z,9.99,USD
900345,106380,monthly,active,2025-10-08T05:00:33Z,9.99,USD
900345,106380,monthly,canceled,2025-11-06T05:00:33Z,9.99,USD
900346,105724,free_trial,trialing,2025-11-10T03:52:49Z,0.0,USD
900346,105724,free_trial,expired,2025-11-18T03:52:49Z,0.0,USD
900347,105690,annual,active,2025-10-23T00:08:55Z,79.99,USD
900348,100073,free_trial,trialing,2025-09-26T10:48:48Z,0.0,USD
900348,100073,monthly,active,2025-10-02T10:48:48Z,9.99,USD
900349,106684,monthly,active,2026-01-31T04:56:20Z,9.99,USD
900350,105777,monthly,active,2026-01-31T20:50:07Z,9.99,USD
900351,100072,monthly,active,2025-10-10T23:34:47Z,9.99,USD
900352,105145,annual,active,2025-12-10T10:10:50Z,79.99,USD
900352,105145,annual,expired,2026-04-16 05:10:50,79.99,USD
900353,103574,annual,active,2025-10-25T22:03:29Z,79.99,USD
900353,103574,annual,canceled,2026-01-12T22:03:29Z,79.99,USD
900354,103672,monthly,active,2026-02-01T07:52:28Z,9.99,USD
900355,107482,free_trial,trialing,2025-12-28T17:55:43Z,0.0,USD
900356,100915,monthly,active,2025-10-21T23:07:09Z,9.99,USD
900356,100915,monthly,expired,2026-04-07T23:07:09Z,9.99,USD
900357,103903,free_trial,trialing,2025-08-15 04:24:25,0.0,USD
900357,103903,free_trial,expired,2025-08-27T09:24:25Z,0.0,USD
900358,102497,monthly,active,2026-01-26T08:59:06Z,9.99,USD
900358,102497,monthly,canceled,2026-05-01T08:59:06Z,9.99,USD
900359,105782,monthly,active,2025-09-02T01:47:47Z,9.99,USD
900360,102287,monthly,active,2025-09-19T22:41:07Z,9.99,USD
900361,104789,annual,active,2025-10-07T02:59:26Z,79.99,USD
900361,104789,annual,canceled,2025-12-01T02:59:26Z,79.99,USD
900362,105513,free_trial,trialing,2026-01-24T13:40:42Z,0.0,USD
900362,105513,monthly,active,2026-01-27T13:40:42Z,9.99,USD
900363,105951,monthly,active,2025-11-24T17:10:07Z,9.99,USD
900363,105951,monthly,canceled,2025-12-23T17:10:07Z,9.99,GBP
900364,107758,monthly,active,2025-09-01T21:30:14Z,9.99,USD
900365,100922,monthly,active,2025-10-19T22:58:13Z,9.99,USD
900366,104263,free_trial,trialing,2026-01-26T20:49:00Z,0.0,USD
900366,104263,monthly,active,2026-02-07T20:49:00Z,9.99,USD
900367,104537,annual,active,2025-10-31T19:51:58Z,79.99,USD
900368,104479,monthly,active,2025-11-14T09:40:52Z,9.99,USD
900369,102762,free_trial,trialing,2025-09-01T17:12:49Z,0.0,USD
900369,102762,free_trial,expired,2025-09-13T17:12:49Z,0.0,USD
900370,102176,free_trial,trialing,2025-12-24T11:13:24Z,0.0,USD
900370,102176,free_trial,expired,2026-01-06T11:13:24Z,0.0,USD
900371,398922,monthly,active,2026-02-18T14:26:53Z,9.99,USD
900372,100262,annual,active,2025-11-30T05:13:31Z,79.99,USD
900373,102232,monthly,active,2025-11-30T21:02:36Z,9.99,USD
900373,102232,monthly,canceled,2025-12-15T21:02:36Z,9.99,USD
900374,103289,monthly,active,2026-01-23 09:09:29,9.99,USD
900374,103289,monthly,expired,2026-03-24T14:09:29Z,9.99,USD
900375,104694,annual,active,2025-08-28T13:12:20Z,79.99,USD
900375,104694,annual,expired,2025-12-04T13:12:20Z,79.99,USD
900376,100022,annual,active,2026-02-17T02:29:20Z,79.99,USD
900377,107960,monthly,active,2026-01-30T23:54:08Z,9.99,USD
900378,100260,annual,active,2026-01-25T02:40:51Z,79.99,USD
900379,104089,free_trial,trialing,2025-12-11T00:49:26Z,0.0,USD
900379,104089,free_trial,expired,2025-12-18T00:49:26Z,0.0,USD
900380,101596,monthly,active,2026-02-03T11:55:47Z,9.99,USD
900380,101596,monthly,canceled,2026-04-12T11:55:47Z,9.99,USD
900381,101692,monthly,active,2025-09-27T21:27:50Z,9.99,USD
900381,101692,monthly,canceled,2026-01-27T21:27:50Z,9.99,USD
900382,103405,monthly,active,2025-11-15T04:02:05Z,9.99,USD
900383,103305,monthly,active,2026-01-17T08:25:22Z,9.99,USD
900383,103305,monthly,canceled,2026-03-17T08:25:22Z,9.99,USD
900384,103730,monthly,active,2025-09-03T09:37:45Z,9.99,USD
900384,103730,monthly,canceled,2025-10-08T09:37:45Z,9.99,USD
900385,105233,annual,active,2025-11-30T21:25:34Z,79.99,USD
900385,105233,annual,canceled,2026-03-02T21:25:34Z,79.99,USD
900386,104170,monthly,active,2025-10-17T07:13:51Z,9.99,USD
900387,103068,annual,active,2026-02-01T18:54:23Z,79.99,USD
900388,107623,annual,active,2025-12-11T08:06:35Z,79.99,USD
900389,105763,monthly,active,2026-01-09T13:30:33Z,9.99,USD
900390,100900,free_trial,trialing,2025-08-01T03:15:08Z,0.0,USD
900390,100900,free_trial,expired,2025-08-10T03:15:08Z,0.0,USD
900391,101683,annual,active,2026-01-12T22:59:16Z,79.99,USD
900391,101683,annual,canceled,2026-03-31T22:59:16Z,79.99,USD
900392,103980,free_trial,trialing,2025-11-13T22:39:25Z,0.0,USD
900392,103980,annual,active,2025-11-22 17:39:25,79.99,USD
900392,103980,annual,canceled,2026-01-08T22:39:25Z,79.99,USD
900393,104894,free_trial,trialing,2025-10-27T06:51:38Z,0.0,USD
900393,104894,free_trial,expired,2025-11-09T06:51:38Z,0.0,USD
900394,101908,monthly,active,2025-12-15T14:28:51Z,9.99,USD
900395,103136,monthly,active,2025-11-21 00:46:41,9.99,USD
900396,107400,monthly,active,2026-02-16T02:07:27Z,9.99,USD
900397,101996,monthly,active,2025-10-07T01:33:53Z,9.99,GBP
900397,101996,monthly,canceled,2025-11-25 20:33:53,9.99,USD
900398,102274,free_trial,trialing,2026-02-18T23:06:04Z,0.0,USD
900398,102274,free_trial,expired,2026-02-26T23:06:04Z,0.0,USD
900399,103945,monthly,active,2026-02-15T11:59:48Z,9.99,USD
900400,100299,free_trial,trialing,2025-12-02T02:12:15Z,0.0,USD
900400,100299,annual,active,2025-12-14T02:12:15Z,79.99,USD
900401,103222,annual,active,2025-10-16T10:53:27Z,79.99,USD
900401,103222,annual,canceled,2025-12-07T10:53:27Z,79.99,USD
900402,103252,annual,active,2025-09-13T21:21:29Z,79.99,USD
900403,102484,annual,active,2025-07-10T05:22:01Z,79.99,USD
900404,100601,monthly,active,2025-12-11T05:25:15Z,9.99,USD
900404,100601,monthly,canceled,2026-03-23T05:25:15Z,9.99,USD
900405,101489,monthly,active,2025-09-29T07:01:00Z,9.99,USD
900406,100990,free_trial,trialing,2026-01-23T17:10:46Z,0.0,USD
900406,100990,monthly,active,2026-01-26T17:10:46Z,9.99,USD
900407,100292,monthly,active,2025-12-11T21:46:45Z,9.99,USD
900407,100292,monthly,canceled,2026-02-08T21:46:45Z,9.99,USD
900408,102819,monthly,active,2025-08-16T06:44:35Z,9.99,USD
900409,100988,annual,active,2025-10-20T15:41:30Z,79.99,USD
900409,100988,annual,expired,2026-03-23T15:41:30Z,79.99,USD
900410,107020,monthly,active,2025-10-02T21:18:42Z,9.99,USD
900411,101825,free_trial,trialing,2025-10-07T06:22:59Z,0.0,USD
900411,101825,monthly,active,2025-10-12T06:22:59Z,9.99,USD
900412,104435,monthly,active,2026-01-06 14:00:17,9.99,USD
900412,104435,monthly,canceled,2026-06-03 14:00:17,9.99,USD
900413,389943,free_trial,trialing,2025-11-02T09:13:25Z,0.0,USD
900413,389943,annual,active,2025-11-09T09:13:25Z,79.99,USD
900414,104887,free_trial,trialing,2025-07-04T03:09:55Z,0.0,USD
900415,103394,free_trial,trialing,2025-10-07 16:33:08,0.0,USD
900416,105039,annual,active,2025-07-20T21:38:24Z,79.99,USD
900417,104479,annual,active,2025-10-30T10:12:39Z,79.99,USD
900417,104479,annual,canceled,2025-11-23T10:12:39Z,79.99,USD
900418,106481,annual,active,2025-07-05T03:48:07Z,79.99,USD
900419,101315,monthly,active,2026-01-07T23:27:12Z,9.99,USD
900419,101315,monthly,canceled,2026-03-20T23:27:12Z,9.99,USD
900420,100420,free_trial,trialing,2025-07-18T23:09:21Z,0.0,USD
900420,100420,annual,active,2025-07-30T23:09:21Z,79.99,USD
900421,107939,monthly,active,2025-07-06T00:09:45Z,9.99,USD
900422,105831,annual,active,2025-08-08T00:07:14Z,79.99,USD
900423,106121,annual,active,2025-12-02T19:46:00Z,79.99,USD
900424,106774,annual,active,2026-01-12T09:12:50Z,79.99,USD
900424,106774,annual,canceled,2026-05-07T09:12:50Z,79.99,USD
900425,107449,monthly,active,2025-10-08T16:55:57Z,9.99,USD
900426,105630,free_trial,trialing,2025-09-22T19:10:17Z,0.0,USD
900427,102761,monthly,active,2026-02-10T09:10:23Z,9.99,USD
900428,106323,monthly,active,2025-11-03T19:19:54Z,9.99,USD
900428,106323,monthly,canceled,2026-02-10T19:19:54Z,9.99,USD
900429,102618,free_trial,trialing,2026-01-29T06:41:15Z,0.0,USD
900429,102618,free_trial,expired,2026-02-09T06:41:15Z,0.0,USD
900430,101771,monthly,active,2025-08-25T04:09:57Z,9.99,USD
900431,103121,free_trial,trialing,2026-01-20T20:55:24Z,0.0,USD
900431,103121,free_trial,expired,2026-01-30 15:55:24,0.0,USD
900432,105783,free_trial,trialing,2025-07-14T14:21:58Z,0.0,USD
900432,105783,free_trial,expired,2025-07-23T14:21:58Z,0.0,USD
900433,101824,monthly,active,2025-10-28T03:56:21Z,9.99,USD
900434,105796,free_trial,trialing,2025-07-26T20:36:25Z,0.0,USD
900435,102479,monthly,active,2025-09-08T23:19:07Z,9.99,USD
900435,102479,monthly,canceled,2025-12-10T23:19:07Z,9.99,USD
900436,105197,free_trial,trialing,2025-08-10T10:32:41Z,0.0,USD
900436,105197,annual,active,2025-08-21T10:32:41Z,79.99,USD
900436,105197,annual,canceled,2025-10-31T10:32:41Z,79.99,USD
900437,106256,annual,active,2025-08-20T01:55:33Z,79.99,USD
900438,102480,monthly,active,2026-01-28T16:00:30Z,9.99,USD
900439,104826,monthly,active,2026-02-13T07:33:45Z,9.99,USD
900439,104826,monthly,canceled,2026-03-22T07:33:45Z,9.99,USD
900440,106932,monthly,active,2025-10-24T10:13:22Z,9.99,USD
900440,106932,monthly,expired,2025-12-11 05:13:22,9.99,USD
900441,106432,monthly,active,2025-09-17T17:50:33Z,9.99,USD
900442,104809,free_trial,trialing,2025-09-08T09:38:09Z,0.0,USD
900443,107904,free_trial,trialing,2025-11-23T05:56:46Z,0.0,USD
900443,107904,monthly,active,2025-12-05 00:56:46,9.99,USD
900443,107904,monthly,canceled,2025-12-25T05:56:46Z,9.99,USD
900444,101898,annual,active,2026-02-01T15:32:45Z,79.99,USD
900444,101898,annual,canceled,2026-05-01T15:32:45Z,79.99,USD
900445,104455,monthly,active,2025-11-03T05:10:30Z,9.99,USD
900446,100267,free_trial,trialing,2025-12-27T00:18:58Z,0.0,USD
900446,100267,monthly,active,2026-01-05T00:18:58Z,9.99,USD
900447,102308,annual,active,2025-10-07T06:42:38Z,79.99,USD
900447,102308,annual,canceled,2025-11-14 01:42:38,79.99,USD
900448,100574,monthly,active,2025-12-03T08:03:31Z,9.99,USD
900448,100574,monthly,canceled,2025-12-28T08:03:31Z,9.99,USD
900449,103673,free_trial,trialing,2025-09-25T02:22:54Z,0.0,USD
900450,103738,free_trial,trialing,2026-01-24 20:29:28,0.0,USD
900451,102484,monthly,active,2025-11-23T13:39:16Z,9.99,USD
900452,105852,free_trial,trialing,2025-10-15T23:19:47Z,0.0,USD
900452,105852,annual,active,2025-10-19T23:19:47Z,79.99,USD
900453,106579,annual,active,2026-01-29T18:57:26Z,79.99,USD
900453,106579,annual,canceled,2026-03-05T18:57:26Z,79.99,USD
900454,101624,annual,active,2025-10-23T19:20:05Z,79.99,USD
900455,104557,free_trial,trialing,2025-08-26T18:35:54Z,0.0,USD
900455,104557,annual,active,2025-09-01T18:35:54Z,79.99,USD
900456,100093,monthly,active,2025-11-11T07:20:01Z,9.99,USD
900456,100093,monthly,canceled,2026-03-16T07:20:01Z,9.99,USD
900457,107014,monthly,active,2026-01-15T00:25:11Z,9.99,USD
900458,106899,monthly,active,2025-11-13T04:33:16Z,9.99,USD
900459,105411,free_trial,trialing,2025-10-08T01:11:19Z,0.0,USD
900459,105411,annual,active,2025-10-14T01:11:19Z,79.99,USD
900460,101465,free_trial,trialing,2025-11-06T15:49:50Z,0.0,USD
900460,101465,free_trial,expired,2025-11-16T15:49:50Z,0.0,USD
900461,105629,free_trial,trialing,2025-08-30 08:56:10,0.0,USD
900461,105629,monthly,active,2025-09-02T13:56:10Z,9.99,USD
900462,100322,free_trial,trialing,2025-10-07T00:05:27Z,0.0,USD
900462,100322,monthly,active,2025-10-16T00:05:27Z,9.99,USD
900462,100322,monthly,canceled,2026-01-16T00:05:27Z,9.99,USD
900463,101277,free_trial,trialing,2025-09-30T09:36:25Z,0.0,USD
900464,102782,monthly,active,2025-09-02T16:27:38Z,9.99,USD
900465,107567,monthly,active,2026-01-31T17:41:08Z,9.99,USD
900465,107567,monthly,canceled,2026-04-08 12:41:08,9.99,USD
900466,106425,annual,active,2026-01-22T02:53:34Z,79.99,USD
900467,103420,monthly,active,2025-11-30T07:35:41Z,9.99,USD
900468,106067,annual,active,2025-11-27T01:25:04Z,79.99,USD
900468,106067,annual,canceled,2026-02-24T01:25:04Z,79.99,USD
900469,104687,monthly,active,2026-01-13T00:44:47Z,9.99,USD
900469,104687,monthly,canceled,2026-05-24T00:44:47Z,9.99,USD
900470,104936,free_trial,trialing,2025-11-12T17:11:36Z,0.0,USD
900470,104936,monthly,active,2025-11-17T17:11:36Z,9.99,USD
900471,105698,monthly,active,2025-12-23 19:06:30,9.99,USD
900471,105698,monthly,canceled,2026-04-29 19:06:30,9.99,USD
900472,106056,annual,active,2026-02-16T08:47:34Z,79.99,USD
900473,101980,monthly,active,2025-11-30T12:50:33Z,9.99,USD
900474,105833,monthly,active,2025-12-03T10:54:25Z,9.99,USD
900475,107859,monthly,active,2025-07-04T22:21:27Z,9.99,USD
900475,107859,monthly,canceled,2025-06-19T22:21:27Z,9.99,USD
900476,107526,monthly,active,2025-11-28T20:16:12Z,9.99,USD
900476,107526,monthly,expired,2026-04-10T20:16:12Z,9.99,USD
900477,105420,free_trial,trialing,2025-07-19T21:50:53Z,0.0,USD
900477,105420,free_trial,expired,2025-07-29T21:50:53Z,0.0,USD
900478,105782,monthly,active,2025-08-01T08:35:22Z,9.99,USD
900479,106402,free_trial,trialing,2025-10-01T20:06:52Z,0.0,USD
900479,106402,free_trial,expired,2025-10-11T20:06:52Z,0.0,USD
900480,102068,free_trial,trialing,2025-09-24 06:19:15,0.0,USD
900481,100935,annual,active,2025-10-02T23:32:34Z,79.99,USD
900481,100935,annual,canceled,2025-12-08T23:32:34Z,79.99,USD
900482,107577,free_trial,trialing,2025-08-17T10:55:03Z,0.0,USD
900482,107577,free_trial,expired,2025-08-30T10:55:03Z,0.0,USD
900483,107833,monthly,active,2025-10-09T21:18:28Z,9.99,USD
900484,337150,annual,active,2025-12-30 13:03:22,79.99,USD
900485,103026,monthly,active,2026-01-29T06:11:37Z,9.99,USD
900485,103026,monthly,canceled,2026-04-06T06:11:37Z,9.99,USD
900486,104031,free_trial,trialing,2025-12-29 14:13:17,0.0,USD
900486,104031,free_trial,expired,2026-01-08T19:13:17Z,0.0,USD
900487,106829,annual,active,2025-10-25T00:57:43Z,79.99,USD
900488,103397,monthly,active,2025-11-12T11:43:36Z,9.99,USD
900488,103397,monthly,canceled,2025-12-28 06:43:36,9.99,USD
900489,102624,monthly,active,2026-02-02T14:06:48Z,9.99,USD
900489,102624,monthly,canceled,2026-06-04T14:06:48Z,9.99,USD
900490,100927,annual,active,2025-08-05T04:05:36Z,79.99,USD
900491,106325,monthly,active,2025-09-08T22:38:48Z,9.99,USD
900492,101231,monthly,active,2025-11-15T11:51:03Z,9.99,USD
900492,101231,monthly,canceled,2026-03-05T11:51:03Z,9.99,USD
900493,101271,free_trial,trialing,2025-09-02T15:52:10Z,0.0,USD
900493,101271,free_trial,expired,2025-09-13T15:52:10Z,0.0,USD
900494,102038,free_trial,trialing,2026-01-27T09:16:46Z,0.0,USD
900494,102038,free_trial,expired,2026-02-10T09:16:46Z,0.0,USD
900495,106787,monthly,active,2025-10-21T19:12:23Z,9.99,USD
900495,106787,monthly,expired,2026-04-04T19:12:23Z,9.99,USD
900496,101016,free_trial,trialing,2025-07-03T20:16:11Z,0.0,USD
900496,101016,monthly,active,2025-07-15T20:16:11Z,9.99,USD
900497,103367,monthly,active,2025-07-04 03:45:52,9.99,USD
900498,101092,monthly,active,2025-11-30T23:04:31Z,9.99,USD
900498,101092,monthly,canceled,2026-04-14T23:04:31Z,9.99,USD
900499,100261,annual,active,2026-02-15T07:14:29Z,79.99,USD
900499,100261,annual,canceled,2026-04-11T07:14:29Z,79.99,USD
900500,102939,monthly,active,2025-07-10 04:14:50,9.99,USD
900501,101619,monthly,active,2025-07-14T23:36:15Z,9.99,USD
900502,105715,monthly,active,2025-11-14T09:31:42Z,9.99,USD
900502,105715,monthly,expired,2026-03-23T09:31:42Z,9.99,USD
900503,102302,monthly,active,2025-08-03T06:59:19Z,9.99,USD
900504,106629,monthly,active,2025-12-18T00:26:43Z,9.99,USD
900504,106629,monthly,canceled,2026-05-11T00:26:43Z,9.99,USD
900505,360794,free_trial,trialing,2025-09-17T18:14:57Z,0.0,USD
900505,360794,free_trial,expired,2025-09-25 13:14:57,0.0,USD
900506,102102,free_trial,trialing,2025-09-14T06:36:18Z,0.0,USD
900506,102102,monthly,active,2025-09-22T06:36:18Z,9.99,USD
900507,334174,free_trial,trialing,2025-11-26T15:33:18Z,0.0,USD
900507,334174,monthly,active,2025-12-02 10:33:18,9.99,USD
900508,105854,free_trial,trialing,2025-12-10T23:56:25Z,0.0,USD
900508,105854,monthly,active,2025-12-23T23:56:25Z,9.99,USD
900508,105854,monthly,canceled,2026-01-14T23:56:25Z,9.99,USD
900509,104248,monthly,active,2025-09-04T17:26:07Z,9.99,USD
900510,101526,monthly,active,2025-11-03T21:19:45Z,9.99,USD
900511,105798,monthly,active,2025-09-28T19:03:26Z,9.99,USD
900512,102641,monthly,active,2025-11-14T08:29:58Z,9.99,USD
900512,102641,monthly,canceled,2026-01-16T08:29:58Z,9.99,USD
900513,103069,monthly,active,2026-01-04T05:47:21Z,9.99,USD
900513,103069,monthly,canceled,2026-04-12T05:47:21Z,9.99,USD
900514,101159,monthly,active,2025-11-13T20:27:17Z,9.99,USD
900514,101159,monthly,canceled,2025-12-17T20:27:17Z,9.99,USD
900515,103100,free_trial,trialing,2025-09-16T11:18:02Z,0.0,USD
900515,103100,annual,active,2025-09-30T11:18:02Z,79.99,USD
900516,104725,monthly,active,2025-07-17T16:18:05Z,9.99,USD
900516,104725,monthly,canceled,2025-10-01T16:18:05Z,9.99,USD
900517,104549,monthly,active,2025-11-22T02:58:48Z,9.99,USD
900517,104549,monthly,canceled,2026-01-19T02:58:48Z,9.99,USD
900518,102252,annual,active,2026-02-05T19:38:16Z,79.99,USD
900518,102252,annual,expired,2026-06-08T19:38:16Z,79.99,USD
900519,101680,monthly,active,2025-09-20T07:15:10Z,9.99,USD
900520,103260,free_trial,trialing,2025-10-22T16:11:37Z,0.0,USD
900521,106883,monthly,active,2026-02-02T15:34:50Z,9.99,USD
900522,105287,free_trial,trialing,2025-08-28T01:56:04Z,0.0,USD
900523,104530,free_trial,trialing,2025-07-09T16:37:32Z,0.0,USD
900523,104530,monthly,active,2025-07-18T16:37:32Z,9.99,USD
900524,102498,free_trial,trialing,2025-07-29 22:26:18,0.0,USD
900524,102498,free_trial,expired,2025-08-12 22:26:18,0.0,USD
900525,101641,monthly,active,2026-02-15 17:57:25,9.99,USD
900525,101641,monthly,canceled,2026-05-08T22:57:25Z,9.99,USD
900526,103351,annual,active,2025-11-01 18:29:53,79.99,USD
900527,101746,monthly,active,2025-07-25T15:59:28Z,9.99,USD
900528,104577,monthly,active,2025-10-18 21:32:34,9.99,USD
900529,104324,annual,active,2025-07-17T15:35:37Z,79.99,USD
900530,104277,monthly,active,2026-01-01T19:07:21Z,9.99,USD
900531,101363,free_trial,trialing,2025-12-08T00:05:45Z,0.0,USD
900532,102465,monthly,active,2025-10-31T18:27:40Z,9.99,USD
900532,102465,monthly,canceled,2025-11-17T18:27:40Z,9.99,USD
900533,107657,monthly,active,2025-07-25T18:43:43Z,9.99,USD
900533,107657,monthly,expired,2025-12-02T18:43:43Z,9.99,USD
900534,103228,annual,active,2025-07-09T16:04:43Z,79.99,USD
900535,105904,monthly,active,2025-08-06T04:49:05Z,9.99,USD
900535,105904,monthly,canceled,2025-11-06T04:49:05Z,9.99,USD
900536,104589,annual,active,2025-09-07T21:51:27Z,79.99,USD
900537,101214,annual,active,2025-12-25T01:44:45Z,79.99,USD
900538,100193,annual,active,2025-11-07T05:31:00Z,79.99,USD
900539,101690,free_trial,trialing,2025-11-22 02:23:33,0.0,USD
900540,101080,monthly,active,2025-12-29T05:40:26Z,9.99,USD
900540,101080,monthly,canceled,2026-05-06T05:40:26Z,9.99,USD
900541,102352,monthly,active,2025-11-25T13:39:02Z,9.99,USD
900542,103451,free_trial,trialing,2025-11-07T08:17:10Z,0.0,USD
900542,103451,free_trial,expired,2025-11-18T08:17:10Z,0.0,USD
900543,103222,free_trial,trialing,2025-07-16T07:47:59Z,0.0,USD
900543,103222,annual,active,2025-07-26T07:47:59Z,79.99,USD
900544,104360,free_trial,trialing,2026-02-11T01:47:30Z,0.0,USD
900544,104360,annual,active,2026-02-25T01:47:30Z,79.99,USD
900545,103677,free_trial,trialing,2025-09-11T13:32:00Z,0.0,USD
900545,103677,annual,active,2025-09-25T13:32:00Z,79.99,USD
900546,101722,monthly,active,2025-10-20T10:56:36Z,9.99,USD
900547,105008,monthly,active,2025-12-16T21:37:48Z,9.99,USD
900547,105008,monthly,canceled,2026-04-29 16:37:48,9.99,USD
900548,101832,monthly,active,2025-07-30T01:59:29Z,9.99,USD
900548,101832,monthly,expired,2025-11-10T01:59:29Z,9.99,USD
900549,105447,free_trial,trialing,2026-01-07T01:31:40Z,0.0,USD
900549,105447,free_trial,expired,2026-01-15T01:31:40Z,0.0,USD
900550,106039,monthly,active,2026-01-19T15:12:43Z,9.99,USD
900550,106039,monthly,expired,2026-04-08T15:12:43Z,9.99,USD
900551,395308,monthly,active,2025-11-28T07:56:34Z,9.99,USD
900552,106143,monthly,active,2025-07-22T14:31:28Z,9.99,USD
900552,106143,monthly,canceled,2025-09-14T14:31:28Z,9.99,USD
900553,105580,monthly,active,2025-10-12T15:41:53Z,9.99,USD
900554,102049,free_trial,trialing,2025-09-23 19:32:31,0.0,USD
900554,102049,monthly,active,2025-10-02T00:32:31Z,9.99,USD
900555,101567,monthly,active,2025-08-08T03:28:33Z,9.99,USD
900555,101567,monthly,canceled,2025-10-18T03:28:33Z,9.99,USD
900556,102860,annual,active,2025-08-10T04:09:45Z,79.99,USD
900557,107177,monthly,active,2025-07-12T06:03:23Z,9.99,USD
900558,100744,monthly,active,2026-01-04T06:19:08Z,9.99,USD
900559,107002,monthly,active,2025-12-31T03:43:44Z,9.99,USD
900560,106162,monthly,active,2025-12-09 11:18:17,9.99,USD
900560,106162,monthly,canceled,2026-04-10T16:18:17Z,9.99,USD
900561,103959,free_trial,trialing,2026-02-02T05:49:07Z,0.0,USD
900561,103959,monthly,active,2026-02-05T05:49:07Z,9.99,USD
900562,100488,monthly,active,2025-11-07T12:41:53Z,9.99,USD
900562,100488,monthly,canceled,2025-11-24T12:41:53Z,9.99,USD
900563,102970,annual,active,2025-09-14T09:51:23Z,79.99,USD
900564,103896,free_trial,trialing,2025-12-21T07:26:39Z,0.0,USD
900565,101643,monthly,active,2025-07-21 06:21:40,9.99,USD
900566,105292,monthly,active,2025-09-25T19:38:17Z,9.99,USD
900567,102655,monthly,active,2025-12-13T22:02:17Z,9.99,USD
900568,105773,monthly,active,2025-09-08T23:19:23Z,9.99,USD
900569,105069,monthly,active,2025-10-24T14:22:32Z,9.99,USD
900570,102781,monthly,active,2026-01-09T22:45:53Z,9.99,USD
900570,102781,monthly,canceled,2026-01-04T22:45:53Z,9.99,USD
900571,103105,monthly,active,2025-10-01T08:49:18Z,9.99,USD
900571,103105,monthly,canceled,2025-11-15T08:49:18Z,9.99,USD
900572,107359,annual,active,2026-01-07 15:00:48,79.99,USD
900572,107359,annual,canceled,2026-04-21 15:00:48,79.99,USD
900573,100854,annual,active,2026-01-22T06:27:46Z,79.99,USD
900573,100854,annual,canceled,2026-03-14T06:27:46Z,79.99,USD
900574,106854,free_trial,trialing,2026-01-30 14:46:46,0.0,USD
900574,106854,free_trial,expired,2026-02-07T19:46:46Z,0.0,USD
900575,100920,annual,active,2026-01-31T06:32:07Z,79.99,USD
900576,103891,monthly,active,2025-07-09T22:27:20Z,9.99,USD
900577,101850,free_trial,trialing,2025-09-15T15:02:55Z,0.0,USD
900577,101850,free_trial,expired,2025-09-23T15:02:55Z,0.0,USD
900578,102861,free_trial,trialing,2025-09-18T13:48:22Z,0.0,USD
900578,102861,free_trial,expired,2025-09-29T13:48:22Z,0.0,USD
900579,106542,free_trial,trialing,2025-09-28T20:34:49Z,0.0,USD
900579,106542,monthly,active,2025-10-12T20:34:49Z,9.99,USD
900579,106542,monthly,canceled,2026-01-31T20:34:49Z,9.99,USD
900580,105079,free_trial,trialing,2025-07-31T15:52:50Z,0.0,USD
900581,105705,monthly,active,2025-10-28T23:34:41Z,9.99,USD
900581,105705,monthly,canceled,2026-03-04T23:34:41Z,9.99,USD
900582,102362,monthly,active,2025-10-17T21:42:18Z,9.99,USD
900583,100844,free_trial,trialing,2025-08-09T07:46:08Z,0.0,USD
900583,100844,free_trial,expired,2025-08-22T07:46:08Z,0.0,USD
900584,100480,annual,active,2026-01-12T18:07:56Z,79.99,USD
900585,105746,free_trial,trialing,2025-12-11T09:33:01Z,0.0,USD
900585,105746,free_trial,expired,2025-12-22T09:33:01Z,0.0,USD
900586,100526,monthly,active,2026-01-22T04:30:09Z,9.99,USD
900586,100526,monthly,canceled,2026-04-24T04:30:09Z,9.99,USD
900587,106545,free_trial,trialing,2025-12-03T14:19:46Z,0.0,USD
900587,106545,monthly,active,2025-12-12T14:19:46Z,9.99,USD
900588,103289,free_trial,trialing,2025-10-18T07:37:34Z,0.0,USD
900588,103289,annual,active,2025-10-22T07:37:34Z,79.99,USD
900589,103854,annual,active,2026-02-07T10:27:14Z,79.99,USD
900589,103854,annual,canceled,2026-03-12T10:27:14Z,79.99,USD
900590,105703,monthly,active,2025-11-21T22:36:22Z,9.99,USD
900590,105703,monthly,canceled,2025-12-21T22:36:22Z,9.99,USD
900591,105940,free_trial,trialing,2025-10-30T06:04:00Z,0.0,USD
900591,105940,free_trial,expired,2025-11-06T06:04:00Z,0.0,USD
900592,103872,free_trial,trialing,2026-02-04T02:55:10Z,0.0,USD
900592,103872,annual,active,2026-02-08T02:55:10Z,79.99,USD
900593,100867,monthly,active,2025-11-09T02:16:05Z,9.99,USD
900594,105760,monthly,active,2025-07-04T22:53:59Z,9.99,USD
900595,106248,monthly,active,2025-09-08T17:40:52Z,9.99,USD
900595,106248,monthly,canceled,2025-11-26T17:40:52Z,9.99,USD
900596,107430,free_trial,trialing,2025-10-03T08:27:59Z,0.0,USD
900596,107430,annual,active,2025-10-14T08:27:59Z,79.99,USD
900597,104807,monthly,active,2025-11-02T15:52:29Z,9.99,USD
900598,103928,monthly,active,2026-02-03T00:00:56Z,9.99,USD
900599,100046,free_trial,trialing,2025-12-02T19:53:04Z,0.0,USD
900599,100046,monthly,active,2025-12-09T19:53:04Z,9.99,USD
900600,104290,free_trial,trialing,2025-11-29T20:45:47Z,0.0,USD
900600,104290,annual,active,2025-12-07T20:45:47Z,79.99,USD
900601,101530,monthly,active,2025-08-21T15:00:42Z,9.99,USD
900601,101530,monthly,canceled,2026-01-03T15:00:42Z,9.99,USD
900602,103510,free_trial,trialing,2025-07-20T20:31:47Z,0.0,USD
900602,103510,annual,active,2025-07-28T20:31:47Z,79.99,USD
900603,107292,monthly,active,2025-11-10T08:14:07Z,9.99,USD
900603,107292,monthly,expired,2026-05-15T08:14:07Z,9.99,USD
900604,102495,monthly,active,2025-07-21T09:55:45Z,9.99,USD
900605,104528,free_trial,trialing,2025-09-24T10:27:10Z,0.0,USD
900605,104528,annual,active,2025-09-28T10:27:10Z,79.99,USD
900605,104528,annual,canceled,2026-01-14T10:27:10Z,79.99,USD
900606,103172,monthly,active,2025-11-29 07:54:24,9.99,USD
900607,103342,free_trial,trialing,2025-11-28T10:40:46Z,0.0,USD
900607,103342,monthly,active,2025-12-10T10:40:46Z,9.99,USD
900607,103342,monthly,canceled,2026-01-10T10:40:46Z,9.99,USD
900608,104941,monthly,active,2025-11-12T22:00:39Z,9.99,USD
900609,101883,monthly,active,2025-12-31T16:41:54Z,9.99,USD
900610,106051,annual,active,2025-08-04T02:42:13Z,79.99,USD
900611,101500,free_trial,trialing,2025-11-16T04:52:44Z,0.0,USD
900611,101500,annual,active,2025-11-29T04:52:44Z,79.99,USD
900612,103687,free_trial,trialing,2026-01-17T02:12:44Z,0.0,USD
900612,103687,free_trial,expired,2026-01-31T02:12:44Z,0.0,USD
900613,105758,annual,active,2025-12-25 15:46:28,79.99,USD
900613,105758,annual,canceled,2026-02-13T20:46:28Z,79.99,USD
900614,104046,free_trial,trialing,2025-11-04T08:12:53Z,0.0,USD
900614,104046,monthly,active,2025-11-07T08:12:53Z,9.99,USD
900615,106530,free_trial,trialing,2025-11-28T14:27:57Z,0.0,USD
900615,106530,free_trial,expired,2025-12-10T14:27:57Z,0.0,USD
900616,104007,monthly,active,2025-07-17 03:30:45,9.99,USD
900616,104007,monthly,canceled,2025-08-14T08:30:45Z,9.99,USD
900617,107404,annual,active,2025-10-20T07:38:43Z,79.99,USD
900617,107404,annual,canceled,2026-03-07T07:38:43Z,79.99,USD
900618,107737,annual,active,2026-01-30T23:38:49Z,79.99,USD
900619,107864,monthly,active,2025-10-02T17:36:52Z,9.99,USD
900619,107864,monthly,expired,2026-01-17T17:36:52Z,9.99,USD
900620,101579,annual,active,2025-12-31T18:01:10Z,79.99,USD
900621,103504,monthly,active,2025-08-06T21:02:38Z,9.99,USD
900622,107527,free_trial,trialing,2025-08-10T13:52:12Z,0.0,USD
900622,107527,annual,active,2025-08-13T13:52:12Z,79.99,USD
900622,107527,annual,canceled,2025-10-14T13:52:12Z,79.99,USD
900623,102679,monthly,active,2025-10-23T02:16:47Z,9.99,USD
900624,105434,monthly,active,2025-10-22 01:10:32,9.99,EUR
900625,104326,annual,active,2026-01-19T13:58:42Z,79.99,USD
900626,102879,monthly,active,2025-12-06 12:29:54,9.99,USD
900627,104853,annual,active,2025-11-14 16:05:47,79.99,USD
900628,105286,monthly,active,2025-11-28T06:32:58Z,9.99,USD
900628,105286,monthly,canceled,2025-12-18T06:32:58Z,9.99,USD
900629,107936,monthly,active,2025-12-06 07:52:12,9.99,USD
900630,105956,monthly,active,2025-10-23T18:53:27Z,9.99,USD
900631,107628,monthly,active,2025-12-21T09:24:12Z,9.99,USD
900632,107396,annual,active,2025-09-08T19:40:49Z,79.99,USD
900633,101028,annual,active,2025-12-02T16:04:42Z,79.99,USD
900634,104321,monthly,active,2025-09-11T17:44:18Z,9.99,USD
900635,107211,monthly,active,2026-01-17T02:11:25Z,9.99,USD
900636,102034,free_trial,trialing,2025-07-21T02:18:32Z,0.0,USD
900636,102034,free_trial,expired,2025-07-28T02:18:32Z,0.0,USD
900637,106979,free_trial,trialing,2025-08-07 02:16:12,0.0,USD
900638,105713,free_trial,trialing,2025-09-01T19:14:43Z,0.0,USD
900638,105713,annual,active,2025-09-08T19:14:43Z,79.99,USD
900639,100310,monthly,active,2025-08-08T02:39:17Z,9.99,USD
900639,100310,monthly,expired,2025-11-02T02:39:17Z,9.99,USD
900640,100068,monthly,active,2025-07-06 16:09:46,9.99,USD
900640,100068,monthly,expired,2025-09-11T21:09:46Z,9.99,USD
900641,107136,monthly,active,2025-09-08T21:13:48Z,9.99,USD
900641,107136,monthly,canceled,2025-10-05T21:13:48Z,9.99,USD
900642,101935,monthly,active,2026-01-02T08:09:18Z,9.99,USD
900642,101935,monthly,expired,2026-03-21T08:09:18Z,9.99,USD
900643,101538,free_trial,trialing,2025-10-03T19:57:17Z,0.0,USD
900643,101538,annual,active,2025-10-13T19:57:17Z,79.99,USD
900644,103026,monthly,active,2026-02-18T18:27:35Z,9.99,USD
900645,103727,monthly,active,2025-08-28 12:55:11,9.99,USD
900645,103727,monthly,canceled,2025-11-20T17:55:11Z,9.99,USD
900646,100283,monthly,active,2025-11-05T09:23:35Z,9.99,USD
900647,103216,monthly,active,2025-12-29T13:38:29Z,9.99,USD
900648,102855,free_trial,trialing,2026-01-27T10:03:45Z,0.0,USD
900648,102855,free_trial,expired,2026-02-09T10:03:45Z,0.0,USD
900649,104757,annual,active,2025-08-27T03:43:04Z,79.99,USD
900649,104757,annual,expired,2026-03-04T03:43:04Z,79.99,USD
900650,104971,annual,active,2025-10-09T14:32:56Z,79.99,USD
900650,104971,annual,expired,2026-04-17T14:32:56Z,79.99,USD
900651,100768,monthly,active,2025-10-19T04:26:09Z,9.99,USD
900652,102054,monthly,active,2025-11-07T19:22:35Z,9.99,USD
900652,102054,monthly,expired,2026-03-03T19:22:35Z,9.99,USD
900653,105699,monthly,active,2025-08-22T07:51:13Z,9.99,USD
900654,105512,monthly,active,2025-12-07T21:48:37Z,9.99,USD
900655,100411,annual,active,2025-08-01T12:28:35Z,79.99,USD
900656,105626,free_trial,trialing,2025-10-19T13:08:44Z,0.0,USD
900656,105626,free_trial,expired,2025-10-31T13:08:44Z,0.0,USD
900657,107074,free_trial,trialing,2025-08-27T08:57:54Z,0.0,USD
900657,107074,annual,active,2025-09-10T08:57:54Z,79.99,USD
900658,107505,annual,active,2025-11-02 20:51:29,79.99,USD
900659,103216,monthly,active,2025-10-31T23:36:01Z,9.99,USD
900659,103216,monthly,canceled,2025-12-28 18:36:01,9.99,USD
900660,102833,monthly,active,2025-10-27T23:41:52Z,9.99,USD
900660,102833,monthly,expired,2026-04-04T23:41:52Z,9.99,USD
900661,101221,annual,active,2026-01-08T04:06:29Z,79.99,USD
900662,103249,annual,active,2025-09-09T23:59:24Z,79.99,USD
900663,105505,annual,active,2025-08-17T04:13:13Z,79.99,USD
900663,105505,annual,expired,2025-11-28 23:13:13,79.99,USD
900664,107764,monthly,active,2025-08-24T07:03:15Z,9.99,USD
900665,103997,monthly,active,2025-07-29T10:49:39Z,9.99,USD
900666,107721,monthly,active,2025-11-29T03:18:36Z,9.99,USD
900666,107721,monthly,expired,2026-02-08T03:18:36Z,9.99,USD
900667,102207,free_trial,trialing,2025-07-25T08:15:03Z,0.0,USD
900667,102207,annual,active,2025-07-29T08:15:03Z,79.99,USD
900668,105611,annual,active,2025-10-23T03:46:55Z,79.99,USD
900669,107585,annual,active,2026-02-09 06:12:19,79.99,USD
900670,102703,annual,active,2026-01-12T10:52:24Z,79.99,USD
900671,100176,monthly,active,2025-09-08T06:00:11Z,9.99,USD
900671,100176,monthly,canceled,2025-12-04T06:00:11Z,9.99,USD
900672,107949,annual,active,2025-11-17T00:18:50Z,79.99,USD
900673,101906,free_trial,trialing,2025-12-23T22:17:13Z,0.0,USD
900673,101906,free_trial,expired,2026-01-01T22:17:13Z,0.0,USD
900674,102556,monthly,active,2025-10-17T13:50:20Z,9.99,USD
900675,101732,free_trial,trialing,2026-01-01T14:32:49Z,0.0,USD
900675,101732,annual,active,2026-01-11T14:32:49Z,79.99,USD
900676,101374,annual,active,2025-08-16T05:13:42Z,79.99,USD
900677,106590,monthly,active,2025-12-09T16:32:41Z,9.99,USD
900678,106679,annual,active,2025-12-21T06:15:00Z,79.99,USD
900679,104966,annual,active,2025-07-23T00:02:37Z,79.99,USD
900680,101136,monthly,active,2025-09-24T14:44:08Z,9.99,USD
900681,104262,free_trial,trialing,2025-08-26 14:48:38,0.0,USD
900682,104757,annual,active,2025-09-15T14:52:17Z,79.99,USD
900682,104757,annual,canceled,2026-02-10T14:52:17Z,79.99,USD
900683,106884,monthly,active,2025-09-05T20:27:36Z,9.99,USD
900684,104738,annual,active,2026-01-19T05:49:10Z,79.99,USD
900685,105949,monthly,active,2025-08-13T21:23:00Z,9.99,USD
900685,105949,monthly,canceled,2025-12-25T21:23:00Z,9.99,USD
900686,106723,free_trial,trialing,2025-08-22T10:04:38Z,0.0,USD
900686,106723,monthly,active,2025-09-01T10:04:38Z,9.99,USD
900687,106625,free_trial,trialing,2025-10-08T12:24:12Z,0.0,USD
900687,106625,annual,active,2025-10-22T12:24:12Z,79.99,USD
900687,106625,annual,canceled,2026-01-08T12:24:12Z,79.99,USD
900688,101540,free_trial,trialing,2025-09-14T23:28:32Z,0.0,USD
900688,101540,free_trial,expired,2025-09-28T23:28:32Z,0.0,USD
900689,106498,annual,active,2026-01-12T14:01:40Z,79.99,USD
900690,105690,monthly,active,2025-08-03T16:00:30Z,9.99,USD
900690,105690,monthly,canceled,2025-11-16 11:00:30,9.99,USD
900691,102308,free_trial,trialing,2025-09-26T16:43:21Z,0.0,USD
900691,102308,free_trial,expired,2025-10-04 11:43:21,0.0,USD
900692,100674,monthly,active,2025-08-10T03:05:11Z,9.99,USD
900693,106127,free_trial,trialing,2025-07-07 07:37:37,0.0,USD
900693,106127,monthly,active,2025-07-12T12:37:37Z,9.99,USD
900693,106127,monthly,canceled,2025-07-05T12:37:37Z,9.99,USD
900694,100053,annual,active,2025-09-05T17:31:03Z,79.99,USD
900694,100053,annual,canceled,2025-12-04T17:31:03Z,79.99,USD
900695,100075,monthly,active,2025-12-01 08:32:29,9.99,USD
900695,100075,monthly,canceled,2026-01-24T13:32:29Z,9.99,USD
900696,105706,monthly,active,2025-08-31T10:08:55Z,9.99,USD
900696,105706,monthly,canceled,2026-01-27T10:08:55Z,9.99,USD
900697,100633,monthly,active,2025-12-21 17:00:47,9.99,USD
900697,100633,monthly,expired,2026-02-12T22:00:47Z,9.99,USD
900698,103735,monthly,active,2025-11-11 04:50:28,9.99,USD
900699,101990,monthly,active,2025-10-07T21:19:29Z,9.99,USD
900700,103114,free_trial,trialing,2025-11-12T03:11:53Z,0.0,USD
900700,103114,annual,active,2025-11-17T03:11:53Z,79.99,USD
900700,103114,annual,canceled,2025-12-12 22:11:53,79.99,USD
900701,104580,monthly,active,2025-10-24T15:04:51Z,9.99,USD
900702,101618,free_trial,trialing,2025-09-27T21:25:08Z,0.0,USD
900702,101618,free_trial,expired,2025-10-06T21:25:08Z,0.0,USD
900703,105874,annual,active,2026-01-19 05:57:36,79.99,USD
900704,105460,monthly,active,2025-08-21T17:24:22Z,9.99,USD
900704,105460,monthly,canceled,2025-09-15T17:24:22Z,9.99,USD
900705,101871,free_trial,trialing,2025-09-03T12:06:59Z,0.0,USD
900705,101871,monthly,active,2025-09-10T12:06:59Z,9.99,USD
900705,101871,monthly,canceled,2025-10-05T12:06:59Z,9.99,USD
900706,104087,monthly,active,2025-07-25 18:08:04,9.99,USD
900706,104087,monthly,canceled,2025-12-05 18:08:04,9.99,USD
900707,103648,monthly,active,2025-11-23 00:47:22,9.99,EUR
900708,100076,monthly,active,2025-10-21T19:27:54Z,9.99,USD
900709,101363,monthly,active,2026-01-26T00:37:01Z,9.99,USD
900710,100640,monthly,active,2025-09-13T15:42:24Z,9.99,USD
900710,100640,monthly,canceled,2026-02-10T15:42:24Z,9.99,USD
900711,107064,free_trial,trialing,2025-12-25T10:03:45Z,0.0,USD
900711,107064,free_trial,expired,2026-01-03T10:03:45Z,0.0,USD
900712,107500,annual,active,2025-12-28T21:21:42Z,79.99,USD
900712,107500,annual,canceled,2026-04-06T21:21:42Z,79.99,USD
900713,100623,free_trial,trialing,2026-01-04T03:44:15Z,0.0,USD
900713,100623,free_trial,expired,2026-01-12T03:44:15Z,0.0,USD
900714,100679,annual,active,2025-11-21T01:04:35Z,79.99,USD
900714,100679,annual,canceled,2026-01-15T01:04:35Z,79.99,USD
900715,104782,annual,active,2026-02-04 16:02:51,79.99,USD
900716,102932,monthly,active,2026-02-11T17:36:18Z,9.99,USD
900717,106590,monthly,active,2025-11-11 17:38:13,9.99,USD
900717,106590,monthly,canceled,2026-03-13T22:38:13Z,9.99,USD
900718,104264,monthly,active,2026-02-14T04:00:18Z,9.99,USD
900719,103581,monthly,active,2026-02-14T11:59:53Z,9.99,USD
900720,106217,annual,active,2026-01-27 00:41:35,79.99,USD
900720,106217,annual,canceled,2026-03-27T05:41:35Z,79.99,USD
900721,107954,monthly,active,2025-09-17T10:33:59Z,9.99,USD
900722,102774,monthly,active,2025-11-27T15:12:51Z,9.99,USD
900723,105782,free_trial,trialing,2025-11-30T12:53:01Z,0.0,USD
900723,105782,free_trial,expired,2025-12-10T12:53:01Z,0.0,USD
900724,103410,free_trial,trialing,2026-01-30T09:06:08Z,0.0,USD
900724,103410,monthly,active,2026-02-12T09:06:08Z,9.99,USD
900725,102083,monthly,active,2025-10-24T06:06:44Z,9.99,USD
900726,106155,annual,active,2025-07-04 20:05:48,79.99,USD
900727,100011,free_trial,trialing,2026-02-11T00:41:50Z,0.0,USD
900727,100011,free_trial,expired,2026-02-25T00:41:50Z,0.0,USD
900728,100619,monthly,active,2025-10-30 20:19:22,9.99,USD
900729,100810,monthly,active,2026-01-26T20:31:30Z,9.99,USD
900729,100810,monthly,canceled,2026-05-28 15:31:30,9.99,USD
900730,105831,annual,active,2025-12-25 20:04:01,79.99,USD
900731,106020,monthly,active,2025-12-10T23:05:32Z,9.99,USD
900732,103538,monthly,active,2025-11-07T01:05:13Z,9.99,USD
900732,103538,monthly,canceled,2026-02-28T01:05:13Z,9.99,USD
900733,101107,monthly,active,2025-12-28T00:39:15Z,9.99,USD
900734,101373,annual,active,2025-12-10T03:04:04Z,79.99,USD
900735,106583,free_trial,trialing,2025-07-27T03:24:22Z,0.0,USD
900735,106583,annual,active,2025-08-05 22:24:22,79.99,USD
900735,106583,annual,canceled,2025-11-18T03:24:22Z,79.99,USD
900736,103445,free_trial,trialing,2025-08-27T02:52:10Z,0.0,USD
900736,103445,free_trial,expired,2025-09-03T02:52:10Z,0.0,USD
900737,107078,free_trial,trialing,2025-09-13T22:18:09Z,0.0,USD
900737,107078,monthly,active,2025-09-19T22:18:09Z,9.99,USD
900738,103335,monthly,active,2025-12-22T08:15:33Z,9.99,USD
900738,103335,monthly,expired,2026-06-17T08:15:33Z,9.99,USD
900739,105236,monthly,active,2025-07-13T12:57:51Z,9.99,USD
900739,105236,monthly,canceled,2025-08-03T12:57:51Z,9.99,USD
900740,100860,annual,active,2025-07-30 11:28:45,79.99,USD
900740,100860,annual,expired,2026-01-10 11:28:45,79.99,USD
900741,107488,annual,active,2025-12-01T18:04:31Z,79.99,USD
900742,101054,free_trial,trialing,2025-12-09T23:02:35Z,0.0,USD
900742,101054,annual,active,2025-12-18T23:02:35Z,79.99,USD
900742,101054,annual,canceled,2026-01-17T23:02:35Z,79.99,USD
900743,103433,free_trial,trialing,2025-12-29 19:43:00,0.0,USD
900743,103433,free_trial,expired,2025-12-16 19:43:00,0.0,USD
900744,106650,monthly,active,2025-11-26T03:37:20Z,9.99,USD
900744,106650,monthly,canceled,2026-03-27T03:37:20Z,9.99,USD
900745,100758,free_trial,trialing,2026-02-10T10:17:56Z,0.0,USD
900745,100758,free_trial,expired,2026-02-20T10:17:56Z,0.0,USD
900746,104209,annual,active,2025-12-17T11:27:46Z,79.99,USD
900747,107776,monthly,active,2025-10-25T04:43:37Z,9.99,USD
900748,106069,monthly,active,2025-12-20T06:57:12Z,9.99,USD
900748,106069,monthly,expired,2026-03-29T06:57:12Z,9.99,USD
900749,101666,monthly,active,2025-12-09T16:59:56Z,9.99,USD
900750,103961,monthly,active,2025-07-12T05:05:49Z,9.99,USD
900751,102243,annual,active,2026-01-10T14:42:51Z,79.99,USD
900752,101913,monthly,active,2025-07-27T20:51:07Z,9.99,USD
900753,105085,monthly,active,2025-10-03T17:38:12Z,9.99,USD
900753,105085,monthly,canceled,2025-12-22T17:38:12Z,9.99,USD
900754,104642,annual,active,2026-02-09T11:04:38Z,79.99,USD
900754,104642,annual,expired,2026-05-08T11:04:38Z,79.99,USD
900755,105317,free_trial,trialing,2025-11-13T13:13:42Z,0.0,USD
900755,105317,free_trial,expired,2025-11-27 08:13:42,0.0,USD
900756,102302,monthly,active,2025-12-24 08:49:40,9.99,USD
900756,102302,monthly,canceled,2026-03-06T13:49:40Z,9.99,USD
900757,103495,monthly,active,2026-02-14T19:33:50Z,9.99,USD
900758,105257,free_trial,trialing,2025-10-01T07:16:57Z,0.0,USD
900758,105257,free_trial,expired,2025-10-12T07:16:57Z,0.0,USD
900759,107185,monthly,active,2025-11-05T04:06:58Z,9.99,USD
900759,107185,monthly,canceled,2025-11-23T04:06:58Z,9.99,USD
900760,100292,free_trial,trialing,2026-01-28T23:12:10Z,0.0,USD
900760,100292,annual,active,2026-02-06T23:12:10Z,79.99,USD
900761,104198,free_trial,trialing,2025-09-24T15:50:09Z,0.0,USD
900761,104198,annual,active,2025-10-01 10:50:09,79.99,USD
900762,101564,free_trial,trialing,2025-11-19T15:53:46Z,0.0,USD
900762,101564,free_trial,expired,2025-12-03T15:53:46Z,0.0,USD
900763,107177,monthly,active,2025-11-12T12:03:35Z,9.99,USD
900764,104456,monthly,active,2025-11-20T06:21:40Z,9.99,USD
900765,107289,annual,active,2025-10-07T08:42:54Z,79.99,USD
900766,106649,free_trial,trialing,2025-10-14T14:30:30Z,0.0,USD
900766,106649,annual,active,2025-10-18T14:30:30Z,79.99,USD
900766,106649,annual,canceled,2025-11-09T14:30:30Z,79.99,USD
900767,105618,monthly,active,2025-08-02T13:39:43Z,9.99,USD
900768,102666,monthly,active,2026-02-05T09:44:24Z,9.99,USD
900768,102666,monthly,expired,2026-07-29T09:44:24Z,9.99,USD
900769,101613,monthly,active,2025-12-30T13:17:36Z,9.99,USD
900769,101613,monthly,canceled,2025-12-23T13:17:36Z,9.99,USD
900770,104740,free_trial,trialing,2025-09-28T07:26:45Z,0.0,USD
900770,104740,monthly,active,2025-10-03T07:26:45Z,9.99,USD
900771,103209,free_trial,trialing,2025-10-06T05:18:12Z,0.0,USD
900771,103209,annual,active,2025-10-19T05:18:12Z,79.99,USD
900772,102262,monthly,active,2025-10-05T13:23:27Z,9.99,USD
900773,100137,free_trial,trialing,2025-11-09T16:36:11Z,0.0,USD
900773,100137,free_trial,expired,2025-11-17T16:36:11Z,0.0,USD
900774,100128,monthly,active,2025-09-15T05:18:49Z,9.99,USD
900775,106800,annual,active,2026-02-16T12:57:13Z,79.99,USD
900776,106319,monthly,active,2025-09-03T02:32:10Z,9.99,USD
900777,105461,monthly,active,2025-12-04T12:05:11Z,9.99,USD
900778,104086,monthly,active,2025-10-14T00:02:44Z,9.99,USD
900778,104086,monthly,canceled,2025-12-11T00:02:44Z,9.99,USD
900779,103504,monthly,active,2026-02-09T06:31:52Z,9.99,USD
900780,107326,free_trial,trialing,2025-07-30T05:04:15Z,0.0,USD
900780,107326,monthly,active,2025-08-04T05:04:15Z,9.99,USD
900781,107026,monthly,active,2025-09-11 11:49:23,9.99,USD
900782,107144,free_trial,trialing,2025-12-12T15:14:39Z,0.0,USD
900782,107144,free_trial,expired,2025-12-24T15:14:39Z,0.0,USD
900783,100745,monthly,active,2025-11-29T16:19:43Z,9.99,USD
900784,105476,annual,active,2025-11-20T05:35:38Z,79.99,USD
900785,105461,monthly,active,2025-09-20 06:34:28,9.99,USD
900785,105461,monthly,canceled,2025-11-04T11:34:28Z,9.99,USD
900786,101427,free_trial,trialing,2026-01-10T06:40:10Z,0.0,USD
900787,103563,monthly,active,2025-08-02T20:42:54Z,9.99,USD
900788,105673,annual,active,2026-01-28T23:04:19Z,79.99,USD
900789,100754,monthly,active,2025-08-18T14:15:54Z,9.99,USD
900790,107698,monthly,active,2025-11-19T11:04:46Z,9.99,USD
900790,107698,monthly,canceled,2026-01-24T11:04:46Z,9.99,USD
900791,107693,annual,active,2025-10-08T02:44:45Z,79.99,USD
900791,107693,annual,expired,2025-12-19T02:44:45Z,79.99,USD
900792,103002,free_trial,trialing,2026-01-22T08:41:12Z,0.0,USD
900792,103002,annual,active,2026-01-27T08:41:12Z,79.99,USD
900793,106129,monthly,active,2025-12-20T00:20:10Z,9.99,USD
900794,100462,monthly,active,2025-10-15T09:30:50Z,9.99,USD
900795,104232,free_trial,trialing,2026-01-14T11:29:37Z,0.0,USD
900795,104232,free_trial,expired,2026-01-28T11:29:37Z,0.0,USD
900796,101197,annual,active,2025-07-25T08:13:34Z,79.99,USD
900797,101222,free_trial,trialing,2026-02-14T05:36:35Z,0.0,USD
900797,101222,free_trial,expired,2026-02-22T05:36:35Z,0.0,USD
900798,103812,annual,active,2026-01-25 12:06:13,79.99,USD
900799,104521,monthly,active,2025-08-29T21:47:43Z,9.99,USD
900799,104521,monthly,canceled,2026-01-06T21:47:43Z,9.99,USD
900800,106560,annual,active,2025-07-21 10:51:27,79.99,USD
900800,106560,annual,canceled,2025-08-08T15:51:27Z,79.99,USD
900801,102116,annual,active,2026-01-22T12:21:28Z,79.99,USD
900802,107708,free_trial,trialing,2025-08-17T07:23:35Z,0.0,USD
900802,107708,annual,active,2025-08-29T07:23:35Z,79.99,USD
900803,100965,monthly,active,2026-02-12T10:09:45Z,9.99,USD
900804,101071,monthly,active,2025-07-07 06:18:02,9.99,USD
900804,101071,monthly,canceled,2025-10-11 06:18:02,9.99,USD
900805,107594,monthly,active,2025-07-14T12:41:05Z,9.99,USD
900806,106995,annual,active,2025-08-07T04:59:37Z,79.99,USD
900807,105307,annual,active,2025-08-10T22:35:43Z,79.99,USD
900808,105657,free_trial,trialing,2025-12-07 22:22:11,0.0,USD
900809,104184,monthly,active,2025-07-19 07:51:09,9.99,USD
900810,102585,free_trial,trialing,2025-10-27T12:53:14Z,0.0,USD
900810,102585,free_trial,expired,2025-11-08T12:53:14Z,0.0,USD
900811,105266,monthly,active,2025-07-22T04:13:11Z,9.99,USD
900812,100427,free_trial,trialing,2025-07-10T23:46:43Z,0.0,USD
900812,100427,monthly,active,2025-07-19T23:46:43Z,9.99,USD
900812,100427,monthly,canceled,2025-08-10T23:46:43Z,9.99,USD
900813,103895,monthly,active,2025-09-24T02:27:06Z,9.99,USD
900814,100890,annual,active,2025-09-29T12:38:52Z,79.99,USD
900815,100156,annual,active,2025-08-01T15:29:13Z,79.99,USD
900815,100156,annual,canceled,2025-12-12T15:29:13Z,79.99,EUR
900816,106209,monthly,active,2025-12-18T23:12:09Z,9.99,USD
900816,106209,monthly,canceled,2026-04-08 18:12:09,9.99,USD
900817,103101,free_trial,trialing,2026-01-02 03:49:24,0.0,USD
900817,103101,monthly,active,2026-01-10T08:49:24Z,9.99,USD
900818,101772,annual,active,2025-07-30T15:35:32Z,79.99,USD
900819,105894,free_trial,trialing,2025-12-23T07:30:56Z,0.0,USD
900819,105894,free_trial,expired,2025-12-31T07:30:56Z,0.0,USD
900820,101987,free_trial,trialing,2025-08-23T02:42:03Z,0.0,USD
900820,101987,monthly,active,2025-08-28T02:42:03Z,9.99,USD
900820,101987,monthly,canceled,2025-11-28T02:42:03Z,9.99,USD
900821,102186,free_trial,trialing,2025-11-05T23:56:29Z,0.0,USD
900821,102186,free_trial,expired,2025-11-16T23:56:29Z,0.0,USD
900822,105118,monthly,active,2025-11-17T18:01:41Z,9.99,USD
900822,105118,monthly,canceled,2026-01-10 13:01:41,9.99,USD
900823,102726,free_trial,trialing,2026-01-21T20:29:34Z,0.0,USD
900823,102726,free_trial,expired,2026-01-30T20:29:34Z,0.0,USD
900824,107577,annual,active,2025-09-07T18:40:20Z,79.99,USD
900825,103284,monthly,active,2025-12-21T09:06:01Z,9.99,USD
900825,103284,monthly,canceled,2026-01-25T09:06:01Z,9.99,USD
900826,107796,monthly,active,2026-02-09T23:23:15Z,9.99,USD
900826,107796,monthly,canceled,2026-05-08 18:23:15,9.99,GBP
900827,105758,free_trial,trialing,2025-09-24T11:47:40Z,0.0,USD
900827,105758,monthly,active,2025-10-03T11:47:40Z,9.99,USD
900828,101294,monthly,active,2025-12-17T23:51:51Z,9.99,USD
900829,102567,free_trial,trialing,2025-09-03T21:49:27Z,0.0,USD
900830,107927,monthly,active,2025-11-09T06:59:22Z,9.99,USD
900830,107927,monthly,canceled,2026-04-07T06:59:22Z,9.99,USD
900831,100049,monthly,active,2025-07-15 09:00:01,9.99,USD
900832,107105,free_trial,trialing,2025-09-02T03:15:44Z,0.0,USD
900832,107105,monthly,active,2025-09-12T03:15:44Z,9.99,USD
900833,103984,free_trial,trialing,2025-12-15T06:54:43Z,0.0,USD
900834,103599,monthly,active,2025-11-04T12:22:51Z,9.99,USD
900835,102215,annual,active,2025-12-11T03:24:37Z,79.99,USD
900835,102215,annual,canceled,2026-01-07T03:24:37Z,79.99,USD
900836,103273,annual,active,2025-08-06T17:45:27Z,79.99,USD
900837,106134,monthly,active,2026-02-11T04:40:20Z,9.99,USD
900838,102750,free_trial,trialing,2025-07-28T18:06:28Z,0.0,USD
900838,102750,monthly,active,2025-08-11T18:06:28Z,9.99,USD
900839,105417,free_trial,trialing,2025-08-29T17:45:50Z,0.0,USD
900839,105417,free_trial,expired,2025-09-11 12:45:50,0.0,USD
900840,106369,monthly,active,2025-07-03T11:43:53Z,9.99,USD
900841,103563,monthly,active,2025-09-15T07:55:37Z,9.99,USD
900841,103563,monthly,canceled,2025-12-19T07:55:37Z,9.99,USD
900842,103165,monthly,active,2026-02-14 17:06:30,9.99,USD
900843,103797,annual,active,2025-08-06T18:23:49Z,79.99,USD
900843,103797,annual,expired,2026-02-11T18:23:49Z,79.99,USD
900844,102008,monthly,active,2026-01-14 04:06:17,9.99,USD
900844,102008,monthly,canceled,2026-02-04T09:06:17Z,9.99,USD
900845,101218,monthly,active,2025-10-02T15:43:22Z,9.99,USD
900845,101218,monthly,canceled,2026-02-18 10:43:22,9.99,USD
900846,103247,monthly,active,2025-09-19T17:43:34Z,9.99,USD
900847,105870,free_trial,trialing,2025-10-09T02:18:41Z,0.0,USD
900847,105870,free_trial,expired,2025-10-23T02:18:41Z,0.0,USD
900848,104017,annual,active,2025-10-04T20:55:13Z,79.99,USD
900849,341930,free_trial,trialing,2025-08-04T14:03:44Z,0.0,USD
900850,104656,monthly,active,2025-10-16 22:44:56,9.99,USD
900850,104656,monthly,expired,2025-11-28T03:44:56Z,9.99,USD
900851,105484,annual,active,2025-10-10T23:00:37Z,79.99,USD
900852,107513,free_trial,trialing,2026-01-21T22:35:06Z,0.0,USD
900852,107513,monthly,active,2026-01-30T22:35:06Z,9.99,USD
900852,107513,monthly,canceled,2026-05-07T22:35:06Z,9.99,USD
900853,102824,free_trial,trialing,2025-12-31 00:38:31,0.0,USD
900853,102824,monthly,active,2026-01-04T05:38:31Z,9.99,USD
900854,101316,free_trial,trialing,2025-10-16T04:25:21Z,0.0,USD
900854,101316,monthly,active,2025-10-26T04:25:21Z,9.99,USD
900855,100828,monthly,active,2025-11-02T13:59:01Z,9.99,USD
900856,100399,free_trial,trialing,2025-12-07T19:10:02Z,0.0,USD
900856,100399,annual,active,2025-12-14T19:10:02Z,79.99,USD
900857,102780,monthly,active,2025-10-26T18:05:59Z,9.99,USD
900857,102780,monthly,canceled,2025-12-08T18:05:59Z,9.99,USD
900858,105368,annual,active,2025-07-27T00:07:09Z,79.99,USD
900859,106094,free_trial,trialing,2025-11-19T08:49:21Z,0.0,USD
900859,106094,annual,active,2025-11-23T08:49:21Z,79.99,USD
900860,107424,monthly,active,2025-07-05T15:21:55Z,9.99,USD
900860,107424,monthly,canceled,2025-07-26 10:21:55,9.99,USD
900861,105686,monthly,active,2025-11-14T11:04:34Z,9.99,USD
900861,105686,monthly,canceled,2026-01-03T11:04:34Z,9.99,USD
900862,103177,monthly,active,2025-12-22T10:38:47Z,9.99,USD
900863,102245,free_trial,trialing,2025-07-28T02:53:57Z,0.0,USD
900863,102245,annual,active,2025-08-11T02:53:57Z,79.99,USD
900864,102718,annual,active,2025-10-13T21:17:38Z,79.99,USD
900865,105421,monthly,active,2025-12-05T12:55:39Z,9.99,EUR
900866,103008,monthly,active,2026-01-24T14:41:59Z,9.99,USD
900867,102261,monthly,active,2025-12-24T19:54:34Z,9.99,USD
900868,104873,annual,active,2026-01-15T15:02:02Z,79.99,USD
900869,100620,free_trial,trialing,2025-09-27 04:24:34,0.0,USD
900869,100620,free_trial,expired,2025-10-09T09:24:34Z,0.0,USD
900870,104369,monthly,active,2025-10-15T17:49:34Z,9.99,USD
900870,104369,monthly,canceled,2025-11-05T17:49:34Z,9.99,USD
900871,105108,free_trial,trialing,2025-07-08T09:34:26Z,0.0,USD
900871,105108,monthly,active,2025-07-14 04:34:26,9.99,USD
900872,106836,monthly,active,2025-11-09 06:08:33,9.99,USD
900872,106836,monthly,canceled,2026-04-04T11:08:33Z,9.99,USD
900873,102387,annual,active,2025-10-04T23:15:26Z,79.99,USD
900874,102459,annual,active,2026-01-23T09:20:20Z,79.99,USD
900875,100893,monthly,active,2025-10-29T02:55:09Z,9.99,USD
900875,100893,monthly,canceled,2025-12-07T02:55:09Z,9.99,USD
900876,101102,annual,active,2025-08-20T15:39:52Z,79.99,USD
900877,103033,monthly,active,2026-01-10T10:20:21Z,9.99,USD
900878,100772,annual,active,2025-08-03T16:44:58Z,79.99,USD
900879,107613,free_trial,trialing,2025-09-17T02:48:00Z,0.0,USD
900880,104114,annual,active,2025-12-30T20:29:12Z,79.99,USD
900881,107011,monthly,active,2025-09-06T21:36:04Z,9.99,USD
900882,107199,monthly,active,2026-02-05T18:52:03Z,9.99,USD
900882,107199,monthly,expired,2026-04-30T18:52:03Z,9.99,USD
900883,106714,monthly,active,2025-07-05 17:06:05,9.99,USD
900883,106714,monthly,expired,2025-08-26 17:06:05,9.99,USD
900884,106813,annual,active,2025-07-24T18:59:03Z,79.99,USD
900884,106813,annual,expired,2025-09-20T18:59:03Z,79.99,USD
900885,106484,free_trial,trialing,2025-08-19T21:24:29Z,0.0,USD
900885,106484,free_trial,expired,2025-08-28T21:24:29Z,0.0,USD
900886,107324,free_trial,trialing,2025-11-19T20:28:07Z,0.0,USD
900886,107324,free_trial,expired,2025-11-28T20:28:07Z,0.0,USD
900887,102139,monthly,active,2025-09-02 02:25:25,9.99,USD
900887,102139,monthly,expired,2026-03-12T07:25:25Z,9.99,USD
900888,102095,free_trial,trialing,2026-01-03T19:00:41Z,0.0,USD
900888,102095,monthly,active,2026-01-16T19:00:41Z,9.99,USD
900889,102262,monthly,active,2025-08-19T18:57:52Z,9.99,USD
900890,103026,monthly,active,2025-11-13T19:18:29Z,9.99,USD
900891,107281,monthly,active,2025-09-04T15:06:47Z,9.99,USD
900892,100951,annual,active,2025-07-24T06:52:24Z,79.99,USD
900892,100951,annual,expired,2025-10-30T06:52:24Z,79.99,USD
900893,100843,monthly,active,2025-12-17T22:03:48Z,9.99,USD
900894,101758,annual,active,2025-11-11T07:12:33Z,79.99,USD
900895,100338,free_trial,trialing,2025-07-10T19:05:50Z,0.0,USD
900895,100338,annual,active,2025-07-16T19:05:50Z,79.99,USD
900896,106348,annual,active,2025-09-18T01:30:25Z,79.99,USD
900897,100718,free_trial,trialing,2025-11-19T13:54:29Z,0.0,USD
900897,100718,free_trial,expired,2025-11-29T13:54:29Z,0.0,USD
900898,103910,monthly,active,2026-01-29T19:26:33Z,9.99,USD
900899,102643,monthly,active,2025-11-22T14:00:03Z,9.99,USD
900900,103549,annual,active,2025-10-17T22:56:53Z,79.99,USD
900900,103549,annual,canceled,2025-12-30T22:56:53Z,79.99,GBP
900901,100906,annual,active,2025-12-13T08:16:00Z,79.99,USD
900901,100906,annual,canceled,2026-04-23T08:16:00Z,79.99,USD
900902,100512,monthly,active,2025-10-17T04:34:14Z,9.99,USD
900903,103992,monthly,active,2025-09-30T00:10:12Z,9.99,USD
900904,107641,monthly,active,2025-12-02T14:39:11Z,9.99,USD
900905,105580,monthly,active,2025-08-20T08:36:47Z,9.99,USD
900905,105580,monthly,canceled,2025-10-30T08:36:47Z,9.99,USD
900906,102917,annual,active,2025-11-02T17:15:36Z,79.99,USD
900907,106828,monthly,active,2025-09-22T21:11:30Z,9.99,USD
900908,105456,monthly,active,2026-01-05T03:28:49Z,9.99,USD
900908,105456,monthly,canceled,2026-04-02T03:28:49Z,9.99,USD
900909,107262,annual,active,2025-11-14T21:12:56Z,79.99,USD
900910,106310,monthly,active,2025-07-14T13:59:21Z,9.99,USD
900911,103715,monthly,active,2025-09-11T09:39:17Z,9.99,USD
900912,107441,monthly,active,2025-12-14T13:10:23Z,9.99,USD
900913,102258,monthly,active,2025-10-03T22:09:52Z,9.99,USD
900914,102338,monthly,active,2025-11-11 11:21:42,9.99,USD
900914,102338,monthly,canceled,2025-12-08 11:21:42,9.99,USD
900915,102972,monthly,active,2025-09-19T12:00:30Z,9.99,USD
900916,105903,monthly,active,2025-08-09T04:11:28Z,9.99,USD
900917,102196,monthly,active,2026-01-30T07:10:24Z,9.99,USD
900918,105276,monthly,active,2026-01-07T21:19:55Z,9.99,USD
900918,105276,monthly,canceled,2026-02-16T21:19:55Z,9.99,USD
900919,104205,monthly,active,2025-11-17T10:33:33Z,9.99,USD
900920,103341,monthly,active,2025-12-27 17:36:22,9.99,USD
900920,103341,monthly,canceled,2026-01-15T22:36:22Z,9.99,USD
900921,100881,free_trial,trialing,2025-11-27T04:14:43Z,0.0,USD
900921,100881,annual,active,2025-12-04T04:14:43Z,79.99,USD
900922,103713,annual,active,2025-08-11 09:41:09,79.99,USD
900922,103713,annual,canceled,2025-09-27T14:41:09Z,79.99,USD
900923,101205,monthly,active,2026-02-03T09:42:09Z,9.99,USD
900924,102174,monthly,active,2026-02-13 00:02:30,9.99,USD
900925,106564,free_trial,trialing,2025-11-16T11:54:16Z,0.0,USD
900926,106849,annual,active,2025-08-24 17:33:17,79.99,USD
900927,106602,monthly,active,2025-07-05T20:25:08Z,9.99,USD
900927,106602,monthly,canceled,2025-11-24T20:25:08Z,9.99,USD
900928,102113,annual,active,2025-07-29T13:38:20Z,79.99,USD
900928,102113,annual,canceled,2025-11-17T13:38:20Z,79.99,USD
900929,100531,free_trial,trialing,2025-10-23T09:40:06Z,0.0,USD
900929,100531,monthly,active,2025-11-03T09:40:06Z,9.99,USD
900929,100531,monthly,canceled,2025-12-10T09:40:06Z,9.99,USD
900930,106075,annual,active,2026-01-18T04:38:10Z,79.99,USD
900930,106075,annual,canceled,2026-02-20T04:38:10Z,79.99,USD
900931,107460,monthly,active,2025-12-27T11:59:30Z,9.99,USD
900932,103069,free_trial,trialing,2026-02-01T20:50:48Z,0.0,USD
900932,103069,monthly,active,2026-02-12T20:50:48Z,9.99,USD
900933,104615,monthly,active,2025-11-10T00:01:18Z,9.99,USD
900934,107181,free_trial,trialing,2025-07-04T17:27:19Z,0.0,USD
900934,107181,annual,active,2025-07-11T17:27:19Z,79.99,USD
900935,100543,monthly,active,2025-09-06T08:53:33Z,9.99,USD
900935,100543,monthly,canceled,2025-10-29T08:53:33Z,9.99,USD
900936,105857,monthly,active,2025-07-10T12:49:40Z,9.99,USD
900936,105857,monthly,canceled,2025-08-20T12:49:40Z,9.99,USD
900937,101769,monthly,active,2025-11-19T19:51:12Z,9.99,USD
900937,101769,monthly,canceled,2026-03-10T19:51:12Z,9.99,USD
900938,105211,monthly,active,2025-09-22T14:52:35Z,9.99,USD
900939,100665,monthly,active,2025-09-06T11:43:44Z,9.99,USD
900940,106121,monthly,active,2026-01-17T16:26:24Z,9.99,USD
900941,101652,annual,active,2025-12-29T05:43:20Z,79.99,USD
900941,101652,annual,expired,2026-06-12T05:43:20Z,79.99,USD
900942,107378,monthly,active,2026-01-08T08:47:52Z,9.99,USD
900943,102041,monthly,active,2025-09-30 22:52:52,9.99,USD
900943,102041,monthly,canceled,2026-02-28T03:52:52Z,9.99,USD
900944,100207,monthly,active,2025-12-08T20:24:35Z,9.99,USD
900945,104922,annual,active,2026-01-28T13:06:30Z,79.99,USD
900946,100249,monthly,active,2025-10-14T22:08:17Z,9.99,USD
900947,101506,free_trial,trialing,2025-09-03 18:36:51,0.0,USD
900948,107135,monthly,active,2026-02-16T15:01:43Z,9.99,USD
900949,105815,monthly,active,2025-09-14 03:51:41,9.99,USD
900950,101732,free_trial,trialing,2025-12-11T08:59:05Z,0.0,USD
900951,101128,monthly,active,2025-08-11T17:08:49Z,9.99,USD
900952,100418,annual,active,2025-09-05T15:26:43Z,79.99,USD
900953,106020,monthly,active,2025-10-14 23:36:03,9.99,USD
900954,100732,free_trial,trialing,2025-12-19 18:53:25,0.0,USD
900954,100732,free_trial,expired,2025-12-26T23:53:25Z,0.0,USD
900955,106526,annual,active,2025-09-10T03:13:56Z,79.99,USD
900956,100375,monthly,active,2025-11-24T17:02:39Z,9.99,USD
900957,101275,free_trial,trialing,2025-12-29 16:08:22,0.0,USD
900957,101275,monthly,active,2026-01-04T21:08:22Z,9.99,USD
900958,103354,free_trial,trialing,2025-09-01T07:28:45Z,0.0,USD
900958,103354,free_trial,expired,2025-09-15T07:28:45Z,0.0,USD
900959,104218,annual,active,2025-09-08T10:55:41Z,79.99,USD
900959,104218,annual,canceled,2025-10-31T10:55:41Z,79.99,USD
900960,105505,monthly,active,2026-01-26T23:21:13Z,9.99,USD
900960,105505,monthly,expired,2026-06-24T23:21:13Z,9.99,USD
900961,107737,annual,active,2025-09-12T16:29:03Z,79.99,USD
900962,105802,monthly,active,2025-10-31T21:40:30Z,9.99,USD
900963,101756,annual,active,2025-10-09T02:26:27Z,79.99,USD
900963,101756,annual,canceled,2025-11-12T02:26:27Z,79.99,USD
900964,105923,annual,active,2025-07-31T17:42:51Z,79.99,USD
900965,101974,free_trial,trialing,2026-02-03T16:12:47Z,0.0,USD
900966,106976,free_trial,trialing,2026-01-09T21:17:20Z,0.0,USD
900967,101699,monthly,active,2026-02-10T13:20:40Z,9.99,USD
900968,101280,annual,active,2025-10-29 17:06:35,79.99,USD
900969,104726,monthly,active,2025-12-15T22:34:41Z,9.99,USD
900969,104726,monthly,canceled,2026-05-04T22:34:41Z,9.99,USD
900970,106616,monthly,active,2025-09-17 14:18:54,9.99,USD
900971,106002,free_trial,trialing,2025-10-11 10:18:09,0.0,USD
900971,106002,monthly,active,2025-10-19T15:18:09Z,9.99,USD
900972,104724,free_trial,trialing,2026-01-07T07:22:41Z,0.0,USD
900972,104724,monthly,active,2026-01-12 02:22:41,9.99,USD
900973,100982,monthly,active,2026-01-19T22:46:27Z,9.99,USD
900973,100982,monthly,canceled,2026-06-16T22:46:27Z,9.99,USD
900974,105463,monthly,active,2025-07-26T06:11:14Z,9.99,USD
900974,105463,monthly,canceled,2025-08-19T06:11:14Z,9.99,USD
900975,101619,free_trial,trialing,2025-08-30T00:56:20Z,0.0,USD
900975,101619,monthly,active,2025-09-07 19:56:20,9.99,USD
900975,101619,monthly,canceled,2025-10-12T00:56:20Z,9.99,USD
900976,101931,monthly,active,2025-11-08T23:48:53Z,9.99,USD
900976,101931,monthly,canceled,2026-01-07 18:48:53,9.99,USD
900977,104619,annual,active,2026-01-02T20:44:54Z,79.99,USD
900978,107405,monthly,active,2026-02-02 22:45:18,9.99,USD
900978,107405,monthly,expired,2026-05-08T03:45:18Z,9.99,USD
900979,100594,free_trial,trialing,2026-01-19T22:33:59Z,0.0,USD
900979,100594,monthly,active,2026-01-25 17:33:59,9.99,USD
900980,103216,free_trial,trialing,2026-01-11T10:57:17Z,0.0,USD
900980,103216,free_trial,expired,2026-01-20T10:57:17Z,0.0,USD
900981,101652,monthly,active,2026-02-01 02:53:45,9.99,USD
900981,101652,monthly,canceled,2026-06-28T07:53:45Z,9.99,USD
900982,106431,annual,active,2025-09-15T09:25:27Z,79.99,USD
900982,106431,annual,canceled,2025-11-24T09:25:27Z,79.99,USD
900983,104862,monthly,active,2026-01-16T07:43:36Z,9.99,USD
900984,107416,free_trial,trialing,2025-11-23T10:36:59Z,0.0,USD
900984,107416,free_trial,expired,2025-11-30T10:36:59Z,0.0,USD
900985,103618,free_trial,trialing,2026-02-10T00:14:40Z,0.0,USD
900985,103618,annual,active,2026-02-14T00:14:40Z,79.99,GBP
900985,103618,annual,canceled,2026-05-22T00:14:40Z,79.99,USD
900986,101960,monthly,active,2025-08-03T10:18:36Z,9.99,USD
900987,105231,monthly,active,2025-08-15T15:28:54Z,9.99,USD
900987,105231,monthly,canceled,2025-11-16T15:28:54Z,9.99,USD
900988,106068,annual,active,2025-07-17T04:47:49Z,79.99,USD
900988,106068,annual,canceled,2025-09-22T04:47:49Z,79.99,USD
900989,101566,free_trial,trialing,2026-01-15T11:26:27Z,0.0,USD
900989,101566,annual,active,2026-01-27T11:26:27Z,79.99,USD
900990,107532,annual,active,2025-12-19T09:10:25Z,79.99,USD
900990,107532,annual,canceled,2026-04-20 04:10:25,79.99,USD
900991,101238,monthly,active,2025-10-06T21:53:58Z,9.99,USD
900992,100317,monthly,active,2026-01-01T07:01:30Z,9.99,USD
900993,105117,monthly,active,2025-08-16T02:27:14Z,9.99,USD
900994,104825,monthly,active,2025-08-06T10:31:07Z,9.99,USD
900995,100128,free_trial,trialing,2025-11-21T22:33:04Z,0.0,USD
900995,100128,monthly,active,2025-11-25 17:33:04,9.99,USD
900996,102979,annual,active,2025-08-02T02:58:15Z,79.99,USD
900997,104326,free_trial,trialing,2025-12-16T22:19:37Z,0.0,USD
900997,104326,annual,active,2025-12-30T22:19:37Z,79.99,USD
900998,100403,monthly,active,2026-01-11T14:58:59Z,9.99,USD
900998,100403,monthly,expired,2026-03-28T14:58:59Z,9.99,USD
900999,103380,monthly,active,2026-02-12T23:23:56Z,9.99,USD
901000,106723,annual,active,2025-12-16T10:01:24Z,79.99,USD
901000,106723,annual,expired,2026-04-18T10:01:24Z,79.99,USD
901001,100187,monthly,active,2026-02-07T18:05:33Z,9.99,USD
901002,323569,free_trial,trialing,2025-09-16T01:15:42Z,0.0,USD
901002,323569,free_trial,expired,2025-09-24T01:15:42Z,0.0,USD
901003,102027,free_trial,trialing,2025-12-28T04:03:43Z,0.0,USD
901003,102027,annual,active,2026-01-06T04:03:43Z,79.99,USD
901004,101151,monthly,active,2025-10-14T20:00:25Z,9.99,USD
901004,101151,monthly,canceled,2026-02-10T20:00:25Z,9.99,USD
901005,102638,free_trial,trialing,2025-10-24T02:45:27Z,0.0,USD
901005,102638,annual,active,2025-11-05T02:45:27Z,79.99,USD
901006,107762,annual,active,2025-07-12T04:09:23Z,79.99,USD
901007,102965,free_trial,trialing,2025-07-27T22:18:12Z,0.0,USD
901008,103764,monthly,active,2026-01-19T00:08:55Z,9.99,USD
901009,104593,monthly,active,2025-07-05T13:19:48Z,9.99,USD
901009,104593,monthly,canceled,2025-10-19T13:19:48Z,9.99,USD
901010,102985,annual,active,2025-11-30T12:33:23Z,79.99,USD
901011,106236,free_trial,trialing,2025-11-12T18:18:06Z,0.0,USD
901012,103869,monthly,active,2025-11-18T07:04:33Z,9.99,USD
901012,103869,monthly,expired,2026-03-17T07:04:33Z,9.99,USD
901013,107353,monthly,active,2025-11-29T15:45:06Z,9.99,USD
901013,107353,monthly,canceled,2026-02-28T15:45:06Z,9.99,USD
901014,103040,annual,active,2025-07-20T07:24:23Z,79.99,USD
901015,103366,monthly,active,2025-08-22T22:56:08Z,9.99,USD
901016,102944,monthly,active,2025-12-01 03:50:00,9.99,USD
901016,102944,monthly,canceled,2026-04-19T08:50:00Z,9.99,USD
901017,103652,monthly,active,2025-11-09T11:26:31Z,9.99,USD
901017,103652,monthly,canceled,2025-12-12T11:26:31Z,9.99,USD
901018,106824,free_trial,trialing,2026-02-01T11:48:04Z,0.0,USD
901018,106824,annual,active,2026-02-05T11:48:04Z,79.99,USD
901018,106824,annual,canceled,2026-03-19T11:48:04Z,79.99,USD
901019,101101,free_trial,trialing,2026-01-23T10:24:57Z,0.0,USD
901019,101101,free_trial,expired,2026-01-30T10:24:57Z,0.0,USD
901020,102159,free_trial,trialing,2025-09-23T13:53:15Z,0.0,USD
901020,102159,monthly,active,2025-09-27T13:53:15Z,9.99,USD
901021,105782,free_trial,trialing,2026-01-31T10:08:57Z,0.0,USD
901021,105782,monthly,active,2026-02-13T10:08:57Z,9.99,USD
901021,105782,monthly,canceled,2026-04-24T10:08:57Z,9.99,USD
901022,102162,monthly,active,2025-10-25T21:32:25Z,9.99,USD
901022,102162,monthly,canceled,2026-01-29T21:32:25Z,9.99,USD
901023,104009,free_trial,trialing,2025-11-23T16:58:03Z,0.0,USD
901024,101521,annual,active,2025-07-09 13:32:54,79.99,USD
901024,101521,annual,canceled,2025-09-15T18:32:54Z,79.99,USD
901025,106577,free_trial,trialing,2026-02-07T00:50:49Z,0.0,USD
901025,106577,annual,active,2026-02-19T00:50:49Z,79.99,USD
901026,100239,free_trial,trialing,2026-01-01T21:42:19Z,0.0,USD
901026,100239,annual,active,2026-01-13 16:42:19,79.99,USD
901026,100239,annual,canceled,2026-03-20T21:42:19Z,79.99,USD
901027,100269,free_trial,trialing,2025-10-11T21:20:26Z,0.0,USD
901027,100269,free_trial,expired,2025-10-22 16:20:26,0.0,USD
901028,100658,free_trial,trialing,2026-01-01T16:30:28Z,0.0,USD
901028,100658,annual,active,2026-01-12T16:30:28Z,79.99,USD
901029,105004,annual,active,2025-07-13T22:01:08Z,79.99,USD
901029,105004,annual,canceled,2025-10-06T22:01:08Z,79.99,USD
901030,101010,monthly,active,2026-02-06T07:57:14Z,9.99,USD
901031,107557,free_trial,trialing,2025-11-19T00:38:09Z,0.0,USD
901031,107557,free_trial,expired,2025-11-28 19:38:09,0.0,USD
901032,106912,free_trial,trialing,2025-08-30T10:13:15Z,0.0,USD
901032,106912,monthly,active,2025-09-10T10:13:15Z,9.99,USD
901032,106912,monthly,canceled,2025-10-12T10:13:15Z,9.99,USD
901033,100035,monthly,active,2026-01-31T11:14:49Z,9.99,USD
901033,100035,monthly,canceled,2026-02-22T11:14:49Z,9.99,USD
901034,106316,free_trial,trialing,2025-10-13T01:06:25Z,0.0,USD
901034,106316,free_trial,expired,2025-10-20T01:06:25Z,0.0,USD
901035,105165,annual,active,2025-10-30T04:14:24Z,79.99,USD
901036,100144,free_trial,trialing,2025-07-09T06:38:22Z,0.0,USD
901036,100144,monthly,active,2025-07-16T06:38:22Z,9.99,USD
901037,103804,monthly,active,2025-09-29 15:48:16,9.99,USD
901038,102096,free_trial,trialing,2025-07-26T06:41:44Z,0.0,USD
901038,102096,monthly,active,2025-08-07T06:41:44Z,9.99,USD
901038,102096,monthly,canceled,2025-09-08T06:41:44Z,9.99,USD
901039,106471,monthly,active,2025-07-11T16:40:03Z,9.99,USD
901039,106471,monthly,canceled,2025-10-21T16:40:03Z,9.99,USD
901040,107583,free_trial,trialing,2025-09-30T03:30:45Z,0.0,USD
901040,107583,free_trial,expired,2025-10-12T03:30:45Z,0.0,USD
901041,104475,free_trial,trialing,2025-08-24T18:47:07Z,0.0,USD
901042,104621,free_trial,trialing,2025-07-22T14:43:00Z,0.0,USD
901042,104621,monthly,active,2025-08-03T14:43:00Z,9.99,USD
901043,100188,monthly,active,2025-11-29T00:06:29Z,9.99,USD
901044,105796,free_trial,trialing,2025-07-28T15:28:27Z,0.0,USD
901045,105618,monthly,active,2025-09-16 16:35:58,9.99,USD
901046,104367,monthly,active,2025-12-20T08:29:37Z,9.99,USD
901046,104367,monthly,expired,2026-04-29T08:29:37Z,9.99,USD
901047,104655,monthly,active,2026-01-01T08:32:28Z,9.99,USD
901048,101968,annual,active,2025-08-02 02:36:35,79.99,USD
901049,104058,annual,active,2026-01-02T12:15:56Z,79.99,USD
901049,104058,annual,canceled,2026-03-29 07:15:56,79.99,USD
901050,100712,monthly,active,2025-07-19T19:01:57Z,9.99,USD
901050,100712,monthly,canceled,2025-09-12T19:01:57Z,9.99,USD
901051,103335,monthly,active,2025-10-29 19:32:40,9.99,USD
901052,104353,free_trial,trialing,2025-08-10T10:05:11Z,0.0,USD
901052,104353,free_trial,expired,2025-08-22T10:05:11Z,0.0,USD
901053,106654,monthly,active,2025-08-27 01:15:44,9.99,USD
901053,106654,monthly,canceled,2025-10-09T06:15:44Z,9.99,USD
901054,100758,monthly,active,2025-07-04T02:55:26Z,9.99,USD
901055,101014,monthly,active,2026-01-08T13:05:42Z,9.99,USD
901055,101014,monthly,canceled,2026-03-15T13:05:42Z,9.99,USD
901056,102280,monthly,active,2025-11-21 00:45:39,9.99,USD
901057,104404,monthly,active,2025-12-04T03:23:29Z,9.99,USD
901058,107184,monthly,active,2025-10-25T16:37:10Z,9.99,USD
901058,107184,monthly,canceled,2026-02-16T16:37:10Z,9.99,USD
901059,107302,monthly,active,2025-09-04T19:42:28Z,9.99,USD
901059,107302,monthly,canceled,2025-10-25T19:42:28Z,9.99,USD
901060,102389,free_trial,trialing,2026-01-09T06:25:34Z,0.0,USD
901061,107212,monthly,active,2025-10-17 02:38:32,9.99,USD
901062,104199,free_trial,trialing,2025-11-03T03:29:47Z,0.0,USD
901063,100626,annual,active,2025-08-15T15:31:55Z,79.99,USD
901063,100626,annual,canceled,2025-10-16T15:31:55Z,79.99,USD
901064,102874,monthly,active,2026-01-19T20:41:05Z,9.99,USD
901064,102874,monthly,canceled,2026-03-11T20:41:05Z,9.99,USD
901065,105322,monthly,active,2026-02-10T18:04:41Z,9.99,USD
901065,105322,monthly,canceled,2026-02-25T18:04:41Z,9.99,USD
901066,107251,monthly,active,2026-01-09T01:39:56Z,9.99,USD
901067,102790,monthly,active,2025-12-26T06:59:07Z,9.99,USD
901068,105598,monthly,active,2025-07-28T14:47:08Z,9.99,USD
901069,106768,free_trial,trialing,2025-08-16T11:01:42Z,0.0,USD
901069,106768,monthly,active,2025-08-27T11:01:42Z,9.99,USD
901070,100827,monthly,active,2025-10-21T15:17:55Z,9.99,USD
901071,104001,annual,active,2026-01-08T23:55:26Z,79.99,USD
901071,104001,annual,canceled,2026-02-07 18:55:26,79.99,USD
901072,100850,annual,active,2025-09-21T22:30:41Z,79.99,USD
901072,100850,annual,canceled,2025-10-17T22:30:41Z,79.99,USD
901073,104527,monthly,active,2025-12-20T22:31:05Z,9.99,USD
901073,104527,monthly,expired,2026-05-10T22:31:05Z,9.99,USD
901074,106861,monthly,active,2025-12-24T11:00:19Z,9.99,USD
901074,106861,monthly,canceled,2026-04-08T11:00:19Z,9.99,USD
901075,102269,monthly,active,2026-01-25T07:29:44Z,9.99,USD
901076,105179,free_trial,trialing,2025-11-11T13:04:16Z,0.0,USD
901077,103418,annual,active,2025-11-10T22:43:02Z,79.99,USD
901077,103418,annual,canceled,2025-12-06T22:43:02Z,79.99,USD
901078,105470,monthly,active,2025-11-09T17:01:56Z,9.99,USD
901079,107912,monthly,active,2025-10-15T00:13:00Z,9.99,USD
901080,103564,monthly,active,2025-08-22T10:50:37Z,9.99,USD
901081,106011,free_trial,trialing,2025-12-01T00:56:45Z,0.0,USD
901081,106011,monthly,active,2025-12-06 19:56:45,9.99,USD
901082,104529,free_trial,trialing,2026-01-30T10:16:01Z,0.0,USD
901082,104529,monthly,active,2026-02-11T10:16:01Z,9.99,USD
901083,103938,free_trial,trialing,2025-09-14T01:00:04Z,0.0,USD
901083,103938,free_trial,expired,2025-09-25T01:00:04Z,0.0,USD
901084,102618,annual,active,2026-01-20T04:32:44Z,79.99,USD
901084,102618,annual,expired,2026-03-29T04:32:44Z,79.99,USD
901085,102898,free_trial,trialing,2025-09-18 06:10:57,0.0,USD
901085,102898,monthly,active,2025-10-02T11:10:57Z,9.99,USD
901086,104884,monthly,active,2025-08-28T20:01:27Z,9.99,USD
901087,107760,free_trial,trialing,2025-08-25T21:33:09Z,0.0,USD
901087,107760,free_trial,expired,2025-09-03 16:33:09,0.0,USD
901088,107737,monthly,active,2026-01-08T15:19:43Z,9.99,USD
901089,106089,free_trial,trialing,2025-12-28T06:04:19Z,0.0,USD
901089,106089,monthly,active,2026-01-03 01:04:19,9.99,USD
901089,106089,monthly,canceled,2026-04-27T06:04:19Z,9.99,USD
901090,100298,monthly,active,2026-02-04T02:04:49Z,9.99,USD
901091,102782,free_trial,trialing,2026-02-04T22:01:46Z,0.0,USD
901091,102782,monthly,active,2026-02-10T22:01:46Z,9.99,USD
901092,103460,monthly,active,2025-10-04T09:16:26Z,9.99,USD
901093,107842,annual,active,2025-09-27T00:45:45Z,79.99,USD
901093,107842,annual,canceled,2026-02-05T00:45:45Z,79.99,USD
901094,101161,monthly,active,2026-01-30T17:41:02Z,9.99,USD
901095,102918,monthly,active,2025-12-27T11:03:03Z,9.99,USD
901096,104806,monthly,active,2025-12-04T03:15:50Z,9.99,USD
901097,105271,annual,active,2025-10-15T05:54:19Z,79.99,USD
901098,103367,free_trial,trialing,2025-10-26T06:22:22Z,0.0,USD
901099,102178,monthly,active,2025-08-03T17:29:00Z,9.99,USD
901100,101185,monthly,active,2025-12-05T11:10:18Z,9.99,USD
901100,101185,monthly,expired,2026-06-01T11:10:18Z,9.99,USD
901101,103889,annual,active,2025-07-10T08:23:00Z,79.99,USD
901102,105374,monthly,active,2025-07-12T13:40:18Z,9.99,USD
901102,105374,monthly,canceled,2025-09-02T13:40:18Z,9.99,USD
901103,103863,monthly,active,2025-11-06T07:13:49Z,9.99,USD
901104,101161,annual,active,2025-07-25T15:35:50Z,79.99,USD
901105,100064,monthly,active,2025-09-05T01:24:54Z,9.99,USD
901106,105426,annual,active,2025-08-02T10:24:53Z,79.99,USD
901106,105426,annual,canceled,2025-10-29T10:24:53Z,79.99,USD
901107,106870,monthly,active,2025-11-11T03:49:09Z,9.99,USD
901108,101420,monthly,active,2025-12-01 02:47:45,9.99,USD
901109,103958,free_trial,trialing,2025-11-22 15:05:00,0.0,USD
901109,103958,free_trial,expired,2025-11-29T20:05:00Z,0.0,USD
901110,105753,free_trial,trialing,2026-01-30T21:00:08Z,0.0,USD
901110,105753,annual,active,2026-02-06T21:00:08Z,79.99,USD
901111,104165,annual,active,2025-08-01T06:13:44Z,79.99,USD
901111,104165,annual,canceled,2025-12-12T06:13:44Z,79.99,USD
901112,107924,monthly,active,2026-01-12T08:09:57Z,9.99,USD
901112,107924,monthly,canceled,2026-06-09 03:09:57,9.99,USD
901113,104345,free_trial,trialing,2025-10-16T20:16:10Z,0.0,USD
901113,104345,free_trial,expired,2025-10-28T20:16:10Z,0.0,USD
901114,103369,monthly,active,2025-12-03 03:40:51,9.99,USD
901115,105861,monthly,active,2025-07-11 08:57:36,9.99,USD
901115,105861,monthly,expired,2026-01-10 08:57:36,9.99,USD
901116,100651,monthly,active,2025-10-17T16:53:48Z,9.99,USD
901117,103724,free_trial,trialing,2025-09-01T04:45:59Z,0.0,USD
901117,103724,monthly,active,2025-09-15T04:45:59Z,9.99,USD
901117,103724,monthly,canceled,2025-12-28T04:45:59Z,9.99,USD
901118,107803,annual,active,2025-12-17T02:43:44Z,79.99,USD
901118,107803,annual,canceled,2026-03-29T02:43:44Z,79.99,USD
901119,101689,free_trial,trialing,2025-12-27T03:40:48Z,0.0,USD
901119,101689,annual,active,2025-12-30T03:40:48Z,79.99,USD
901119,101689,annual,canceled,2026-03-30 22:40:48,79.99,USD
901120,107988,annual,active,2026-01-16T18:04:47Z,79.99,USD
901121,101106,monthly,active,2025-11-30T22:37:55Z,9.99,USD
901121,101106,monthly,canceled,2026-02-15T22:37:55Z,9.99,USD
901122,105664,annual,active,2025-10-10 15:09:08,79.99,USD
901122,105664,annual,canceled,2026-01-03T20:09:08Z,79.99,USD
901123,100813,free_trial,trialing,2026-01-22T08:47:44Z,0.0,USD
901123,100813,monthly,active,2026-01-29T08:47:44Z,9.99,USD
901124,104916,monthly,active,2025-09-03 00:14:19,9.99,USD
901124,104916,monthly,canceled,2025-11-13T05:14:19Z,9.99,USD
901125,107054,free_trial,trialing,2025-10-10 15:34:20,0.0,USD
901125,107054,annual,active,2025-10-13T20:34:20Z,79.99,USD
901125,107054,annual,canceled,2025-11-20 15:34:20,79.99,USD
901126,107070,free_trial,trialing,2025-09-13T22:44:30Z,0.0,USD
901126,107070,free_trial,expired,2025-09-27T22:44:30Z,0.0,USD
901127,104395,monthly,active,2025-09-15T00:26:00Z,9.99,USD
901127,104395,monthly,canceled,2025-10-17T00:26:00Z,9.99,USD
901128,103920,monthly,active,2025-07-07T13:42:20Z,9.99,USD
901129,102396,monthly,active,2025-10-21T05:15:32Z,9.99,USD
901129,102396,monthly,canceled,2026-01-25T05:15:32Z,9.99,USD
901130,105503,monthly,active,2025-12-22T02:38:19Z,9.99,USD
901131,103244,monthly,active,2026-01-17T06:20:23Z,9.99,USD
901131,103244,monthly,canceled,2026-04-02T06:20:23Z,9.99,USD
901132,107885,free_trial,trialing,2026-01-22T04:34:02Z,0.0,USD
901132,107885,annual,active,2026-01-28 23:34:02,79.99,USD
901132,107885,annual,canceled,2026-04-16T04:34:02Z,79.99,USD
901133,106947,monthly,active,2025-09-10T13:52:49Z,9.99,USD
901133,106947,monthly,canceled,2025-08-27T13:52:49Z,9.99,USD
901134,104573,monthly,active,2025-11-09T13:30:22Z,9.99,USD
901134,104573,monthly,canceled,2025-12-18T13:30:22Z,9.99,USD
901135,103665,annual,active,2025-07-20 22:49:26,79.99,USD
901135,103665,annual,expired,2025-12-09 22:49:26,79.99,USD
901136,102317,monthly,active,2025-08-18T13:04:22Z,9.99,USD
901137,107661,free_trial,trialing,2025-08-09 04:31:01,0.0,USD
901137,107661,free_trial,expired,2025-08-19T09:31:01Z,0.0,USD
901138,102021,monthly,active,2025-11-23T11:44:08Z,9.99,USD
901139,106199,free_trial,trialing,2026-02-11 04:36:32,0.0,USD
901139,106199,monthly,active,2026-02-17T09:36:32Z,9.99,USD
901140,105506,annual,active,2026-01-13 19:30:41,79.99,USD
901141,101145,free_trial,trialing,2026-01-31T05:22:58Z,0.0,USD
901142,106085,monthly,active,2025-10-29T03:37:41Z,9.99,USD
901142,106085,monthly,canceled,2025-12-07T03:37:41Z,9.99,USD
901143,106137,free_trial,trialing,2025-10-04T02:11:23Z,0.0,USD
901144,106755,free_trial,trialing,2025-10-17T00:21:18Z,0.0,USD
901144,106755,annual,active,2025-10-26 19:21:18,79.99,USD
901145,100174,free_trial,trialing,2026-01-31T10:17:08Z,0.0,USD
901145,100174,monthly,active,2026-02-05T10:17:08Z,9.99,USD
901145,100174,monthly,canceled,2026-05-20T10:17:08Z,9.99,USD
901146,100375,monthly,active,2026-01-06T17:13:32Z,9.99,USD
901146,100375,monthly,canceled,2026-05-29T17:13:32Z,9.99,USD
901147,100758,free_trial,trialing,2026-02-17T06:26:02Z,0.0,USD
901147,100758,free_trial,expired,2026-03-03T06:26:02Z,0.0,USD
901148,100388,monthly,active,2025-07-29T15:25:47Z,9.99,USD
901149,103333,annual,active,2025-09-16T07:37:12Z,79.99,USD
901149,103333,annual,canceled,2025-12-27T07:37:12Z,79.99,USD
901150,101942,monthly,active,2025-10-17T14:35:37Z,9.99,USD
901150,101942,monthly,expired,2025-12-24T14:35:37Z,9.99,USD
901151,104903,free_trial,trialing,2025-10-21T14:16:30Z,0.0,USD
901151,104903,monthly,active,2025-10-29T14:16:30Z,9.99,USD
901151,104903,monthly,canceled,2026-02-22T14:16:30Z,9.99,USD
901152,101589,monthly,active,2026-01-06T14:35:03Z,9.99,USD
901152,101589,monthly,canceled,2026-01-24 09:35:03,9.99,USD
901153,104028,monthly,active,2025-12-21T17:12:03Z,9.99,USD
901154,101556,monthly,active,2025-12-02T05:24:57Z,9.99,USD
901154,101556,monthly,canceled,2025-12-26 00:24:57,9.99,USD
901155,101125,monthly,active,2025-10-05T14:33:00Z,9.99,USD
901155,101125,monthly,expired,2025-12-01T14:33:00Z,9.99,USD
901156,100120,annual,active,2025-12-04T07:14:51Z,79.99,USD
901157,106467,monthly,active,2025-08-16T13:21:11Z,9.99,USD
901157,106467,monthly,canceled,2026-01-12T13:21:11Z,9.99,USD
901158,103729,monthly,active,2025-10-26T13:32:43Z,9.99,USD
901158,103729,monthly,canceled,2026-01-01T13:32:43Z,9.99,USD
901159,107928,monthly,active,2025-10-12T20:13:43Z,9.99,USD
901159,107928,monthly,canceled,2026-01-10T20:13:43Z,9.99,USD
901160,100432,monthly,active,2025-10-23 00:31:50,9.99,USD
901160,100432,monthly,canceled,2026-03-18T05:31:50Z,9.99,USD
901161,102533,free_trial,trialing,2025-09-20 14:30:36,0.0,USD
901161,102533,free_trial,expired,2025-09-28T19:30:36Z,0.0,USD
901162,101596,monthly,active,2025-12-09 00:36:51,9.99,USD
901163,107579,monthly,active,2025-10-23T03:25:21Z,9.99,USD
901164,103182,free_trial,trialing,2025-10-27T22:36:11Z,0.0,USD
901165,102641,monthly,active,2025-07-15T06:13:04Z,9.99,USD
901166,100296,monthly,active,2025-08-09T05:45:13Z,9.99,USD
901166,100296,monthly,canceled,2025-11-03T05:45:13Z,9.99,USD
901167,104057,monthly,active,2025-08-05 13:45:14,9.99,USD
901168,107674,monthly,active,2026-01-16T02:05:45Z,9.99,USD
901169,100916,annual,active,2025-10-07T04:40:23Z,79.99,USD
901170,102480,annual,active,2025-08-31T06:42:44Z,79.99,USD
901171,105903,free_trial,trialing,2026-01-14T13:45:28Z,0.0,USD
901171,105903,monthly,active,2026-01-19T13:45:28Z,9.99,USD
901172,104327,monthly,active,2025-08-23T10:46:46Z,9.99,USD
901173,100730,monthly,active,2026-01-02T18:55:47Z,9.99,USD
901173,100730,monthly,expired,2026-03-08T18:55:47Z,9.99,GBP
901174,100881,monthly,active,2025-10-18T18:08:56Z,9.99,USD
901175,103270,monthly,active,2026-01-06T06:43:02Z,9.99,USD
901175,103270,monthly,expired,2026-02-04T06:43:02Z,9.99,USD
901176,103053,monthly,active,2025-08-19T05:07:39Z,9.99,USD
901177,104399,free_trial,trialing,2026-01-17T01:34:09Z,0.0,USD
901177,104399,annual,active,2026-01-23T01:34:09Z,79.99,USD
901178,100699,annual,active,2025-12-29T10:33:39Z,79.99,USD
901179,104171,monthly,active,2025-10-25T03:53:01Z,9.99,USD
901179,104171,monthly,canceled,2026-03-21 22:53:01,9.99,USD
901180,106108,monthly,active,2025-09-23T07:19:50Z,9.99,USD
901180,106108,monthly,canceled,2025-11-23T07:19:50Z,9.99,USD
901181,104250,monthly,active,2025-07-22T00:01:10Z,9.99,USD
901182,314198,monthly,active,2025-10-11T08:41:14Z,9.99,USD
901183,100381,annual,active,2025-11-27T12:06:05Z,79.99,USD
901184,105365,monthly,active,2025-07-27T04:25:26Z,9.99,USD
901185,101812,free_trial,trialing,2026-01-28T10:13:13Z,0.0,USD
901186,107252,monthly,active,2025-12-05T12:57:37Z,9.99,USD
901187,102546,annual,active,2025-07-07T11:36:37Z,79.99,USD
901188,106935,monthly,active,2026-01-11T01:08:33Z,9.99,USD
901188,106935,monthly,canceled,2026-05-17 20:08:33,9.99,USD
901189,100445,monthly,active,2025-12-26T21:32:04Z,9.99,USD
901189,100445,monthly,canceled,2026-01-28T21:32:04Z,9.99,USD
901190,103057,free_trial,trialing,2025-12-06T21:44:34Z,0.0,USD
901190,103057,monthly,active,2025-12-11T21:44:34Z,9.99,USD
901191,102505,free_trial,trialing,2025-12-10T05:25:43Z,0.0,USD
901191,102505,free_trial,expired,2025-12-20T05:25:43Z,0.0,USD
901192,104936,monthly,active,2026-02-02T02:05:21Z,9.99,USD
901192,104936,monthly,expired,2026-07-28T02:05:21Z,9.99,USD
901193,106692,free_trial,trialing,2026-01-12 23:27:38,0.0,USD
901194,103126,free_trial,trialing,2025-09-11T06:39:40Z,0.0,USD
901194,103126,annual,active,2025-09-22T06:39:40Z,79.99,USD
901195,104518,annual,active,2025-12-29T06:26:49Z,79.99,USD
901196,101612,monthly,active,2025-11-12T03:53:21Z,9.99,USD
901197,105056,monthly,active,2025-11-16T07:41:48Z,9.99,USD
901197,105056,monthly,canceled,2025-12-22T07:41:48Z,9.99,USD
901198,105104,monthly,active,2025-12-02T16:18:14Z,9.99,USD
901199,101428,monthly,active,2025-09-27T18:32:02Z,9.99,USD
901200,101274,free_trial,trialing,2026-01-23T08:28:28Z,0.0,USD
901200,101274,annual,active,2026-02-02T08:28:28Z,79.99,USD
901200,101274,annual,canceled,2026-05-24 03:28:28,79.99,USD
901201,106537,monthly,active,2025-10-28T11:04:27Z,9.99,USD
901201,106537,monthly,canceled,2025-12-10T11:04:27Z,9.99,USD
901202,101607,monthly,active,2025-07-25T09:28:14Z,9.99,USD
901202,101607,monthly,canceled,2025-08-15T09:28:14Z,9.99,USD
901203,106490,monthly,active,2025-11-22T02:18:36Z,9.99,USD
901203,106490,monthly,canceled,2026-04-20T02:18:36Z,9.99,USD
901204,100045,monthly,active,2025-11-19T21:45:56Z,9.99,USD
901205,106198,free_trial,trialing,2025-11-17T12:31:01Z,0.0,USD
901205,106198,annual,active,2025-11-21T12:31:01Z,79.99,USD
901205,106198,annual,canceled,2026-02-03T12:31:01Z,79.99,USD
901206,105206,monthly,active,2025-11-05T11:34:49Z,9.99,USD
901206,105206,monthly,canceled,2025-12-19T11:34:49Z,9.99,USD
901207,104572,monthly,active,2025-10-14T08:17:55Z,9.99,USD
901208,100820,annual,active,2025-08-05T21:40:18Z,79.99,USD
901209,107623,free_trial,trialing,2025-08-16T23:54:18Z,0.0,USD
901209,107623,free_trial,expired,2025-08-30T23:54:18Z,0.0,USD
901210,104355,monthly,active,2025-11-01T07:15:44Z,9.99,USD
901210,104355,monthly,canceled,2025-12-03T07:15:44Z,9.99,USD
901211,102441,monthly,active,2025-07-16T14:46:47Z,9.99,USD
901211,102441,monthly,canceled,2025-11-29T14:46:47Z,9.99,USD
901212,106292,annual,active,2026-02-15T19:41:16Z,79.99,USD
901213,102263,monthly,active,2025-09-24 11:48:38,9.99,USD
901214,107281,free_trial,trialing,2025-11-05T13:07:42Z,0.0,USD
901214,107281,monthly,active,2025-11-15T13:07:42Z,9.99,USD
901214,107281,monthly,canceled,2026-03-11T13:07:42Z,9.99,USD
901215,106149,free_trial,trialing,2025-08-22T11:09:08Z,0.0,USD
901215,106149,monthly,active,2025-08-26 06:09:08,9.99,USD
901216,101365,free_trial,trialing,2025-11-04T01:11:26Z,0.0,USD
901216,101365,annual,active,2025-11-12T01:11:26Z,79.99,USD
901217,102484,monthly,active,2026-01-07T11:31:38Z,9.99,USD
901218,103323,free_trial,trialing,2026-01-08T10:18:13Z,0.0,USD
901218,103323,annual,active,2026-01-21 05:18:13,79.99,USD
901218,103323,annual,canceled,2026-04-26 05:18:13,79.99,USD
901219,103959,monthly,active,2025-11-23T06:18:59Z,9.99,USD
901219,103959,monthly,canceled,2026-03-26T06:18:59Z,9.99,USD
901220,106823,annual,active,2026-02-07T04:35:57Z,79.99,USD
901221,105468,annual,active,2025-10-30T09:54:46Z,79.99,USD
901222,100395,monthly,active,2025-08-15T09:24:11Z,9.99,USD
901222,100395,monthly,canceled,2025-11-07T09:24:11Z,9.99,USD
901223,102134,annual,active,2025-07-23T12:10:26Z,79.99,USD
901224,100585,monthly,active,2025-07-16T04:27:28Z,9.99,USD
901225,104458,free_trial,trialing,2025-07-07T13:04:58Z,0.0,USD
901225,104458,free_trial,expired,2025-07-17 08:04:58,0.0,USD
901226,102613,free_trial,trialing,2025-09-16T14:46:31Z,0.0,USD
901226,102613,free_trial,expired,2025-09-28T14:46:31Z,0.0,USD
901227,103158,monthly,active,2026-02-12T17:26:39Z,9.99,USD
901228,107893,free_trial,trialing,2026-01-27T04:40:12Z,0.0,USD
901228,107893,free_trial,expired,2026-02-05T04:40:12Z,0.0,USD
901229,106062,monthly,active,2025-07-17T11:49:13Z,9.99,USD
901230,105223,free_trial,trialing,2025-12-19T23:23:41Z,0.0,USD
901230,105223,free_trial,expired,2025-12-27T23:23:41Z,0.0,USD
901231,103060,monthly,active,2025-12-11T02:37:51Z,9.99,USD
901231,103060,monthly,canceled,2026-02-16T02:37:51Z,9.99,USD
901232,104513,annual,active,2025-12-17 19:11:03,79.99,USD
901233,105014,monthly,active,2025-11-22 20:44:47,9.99,USD
901234,102336,free_trial,trialing,2025-12-25T07:55:46Z,0.0,USD
901235,107359,monthly,active,2025-10-07T10:49:16Z,9.99,USD
901235,107359,monthly,canceled,2026-03-04 05:49:16,9.99,USD
901236,102027,monthly,active,2025-12-13T07:31:50Z,9.99,USD
901236,102027,monthly,canceled,2026-04-16T07:31:50Z,9.99,USD
901237,100763,monthly,active,2026-02-09T14:03:50Z,9.99,USD
901237,100763,monthly,canceled,2026-07-04T14:03:50Z,9.99,USD
901238,100222,monthly,active,2025-10-21T05:57:41Z,9.99,USD
901239,107453,free_trial,trialing,2025-10-29T07:04:56Z,0.0,USD
901239,107453,monthly,active,2025-11-04T07:04:56Z,9.99,USD
901240,106197,free_trial,trialing,2025-11-12T09:34:25Z,0.0,USD
901240,106197,annual,active,2025-11-24T09:34:25Z,79.99,USD
901241,107473,annual,active,2025-10-25T11:41:59Z,79.99,USD
901242,107247,monthly,active,2025-09-06T14:32:53Z,9.99,USD
901242,107247,monthly,canceled,2026-02-03T14:32:53Z,9.99,USD
901243,106209,annual,active,2025-07-06T02:39:34Z,79.99,USD
901244,102737,monthly,active,2025-10-05T22:05:05Z,9.99,USD
901245,104736,monthly,active,2025-07-09T00:59:02Z,9.99,USD
901246,102738,free_trial,trialing,2025-10-05 18:26:53,0.0,USD
901246,102738,free_trial,expired,2025-10-16T23:26:53Z,0.0,USD
901247,104608,monthly,active,2025-09-13T19:14:56Z,9.99,USD
901247,104608,monthly,canceled,2025-09-02 14:14:56,9.99,USD
901248,100290,monthly,active,2025-09-19T01:07:27Z,9.99,USD
901248,100290,monthly,canceled,2025-12-23T01:07:27Z,9.99,USD
901249,107917,monthly,active,2026-01-02 21:44:08,9.99,USD
901249,107917,monthly,expired,2026-03-14T02:44:08Z,9.99,USD
901250,102718,free_trial,trialing,2026-01-07T18:02:50Z,0.0,USD
901250,102718,free_trial,expired,2026-01-21T18:02:50Z,0.0,USD
901251,107588,monthly,active,2025-12-24T16:01:48Z,9.99,USD
901252,102513,monthly,active,2025-08-15T03:12:37Z,9.99,USD
901253,103786,monthly,active,2025-07-30T16:25:31Z,9.99,USD
901254,107870,monthly,active,2025-10-24T14:40:06Z,9.99,USD
901255,100833,annual,active,2025-10-14T15:26:03Z,79.99,USD
901256,102595,monthly,active,2026-02-09T04:53:54Z,9.99,USD
901257,107664,monthly,active,2025-11-27 23:15:22,9.99,USD
901258,103139,free_trial,trialing,2026-02-16T01:09:20Z,0.0,USD
901258,103139,free_trial,expired,2026-02-25T01:09:20Z,0.0,USD
901259,101205,monthly,active,2025-12-27T00:22:26Z,9.99,USD
901260,106364,monthly,active,2025-09-18T20:55:31Z,9.99,USD
901260,106364,monthly,canceled,2025-10-18T20:55:31Z,9.99,USD
901261,104778,monthly,active,2025-09-17T18:11:01Z,9.99,USD
901262,107371,monthly,active,2025-10-13T00:39:50Z,9.99,USD
901263,106282,monthly,active,2025-09-09 02:41:26,9.99,USD
901264,103373,monthly,active,2025-10-24T11:30:35Z,9.99,USD
901265,103560,annual,active,2025-11-25T12:17:36Z,79.99,USD
901266,103429,monthly,active,2025-08-09T05:03:06Z,9.99,USD
901266,103429,monthly,canceled,2025-09-14 00:03:06,9.99,USD
901267,104616,free_trial,trialing,2025-11-03T22:14:26Z,0.0,USD
901267,104616,monthly,active,2025-11-10T22:14:26Z,9.99,USD
901268,325600,free_trial,trialing,2026-01-06T17:46:16Z,0.0,USD
901268,325600,annual,active,2026-01-12T17:46:16Z,79.99,USD
901269,105992,annual,active,2026-01-27T10:37:19Z,79.99,USD
901270,100067,monthly,active,2025-07-30T23:12:02Z,9.99,USD
901271,103761,free_trial,trialing,2025-12-13T05:46:09Z,0.0,USD
901271,103761,annual,active,2025-12-18T05:46:09Z,79.99,USD
901272,100984,free_trial,trialing,2025-12-22T12:51:24Z,0.0,USD
901272,100984,monthly,active,2025-12-30T12:51:24Z,9.99,USD
901272,100984,monthly,canceled,2026-02-07T12:51:24Z,9.99,USD
901273,103463,free_trial,trialing,2026-01-18T08:19:24Z,0.0,USD
901273,103463,free_trial,expired,2026-01-25T08:19:24Z,0.0,USD
901274,103432,free_trial,trialing,2025-07-27T17:42:15Z,0.0,USD
901274,103432,monthly,active,2025-08-09T17:42:15Z,9.99,USD
901275,104872,monthly,active,2026-01-06T14:30:07Z,9.99,USD
901276,105968,free_trial,trialing,2025-12-01T12:35:39Z,0.0,USD
901277,107725,monthly,active,2025-09-19 09:35:00,9.99,USD
901278,103683,monthly,active,2025-07-19T00:14:35Z,9.99,USD
901278,103683,monthly,canceled,2025-08-03 19:14:35,9.99,USD
901279,100437,monthly,active,2026-02-17T11:47:48Z,9.99,USD
901279,100437,monthly,expired,2026-07-12T11:47:48Z,9.99,USD
901280,104925,monthly,active,2025-12-31T19:36:37Z,9.99,USD
901281,104253,monthly,active,2025-12-28T23:41:52Z,9.99,USD
901281,104253,monthly,canceled,2025-12-11T23:41:52Z,9.99,USD
901282,106082,annual,active,2025-11-15T05:46:11Z,79.99,USD
901283,107067,free_trial,trialing,2025-10-07 17:57:41,0.0,USD
901283,107067,monthly,active,2025-10-15T22:57:41Z,9.99,USD
901283,107067,monthly,canceled,2026-01-02T22:57:41Z,9.99,USD
901284,106128,annual,active,2025-10-15 13:55:41,79.99,USD
901284,106128,annual,canceled,2026-03-09T18:55:41Z,79.99,USD
901285,106209,free_trial,trialing,2025-09-17T22:39:02Z,0.0,USD
901285,106209,free_trial,expired,2025-09-27T22:39:02Z,0.0,USD
901286,102286,monthly,active,2026-02-17T18:08:37Z,9.99,USD
901287,104680,monthly,active,2025-11-05T11:49:35Z,9.99,USD
901287,104680,monthly,expired,2025-10-24T11:49:35Z,9.99,USD
901288,102112,monthly,active,2025-11-10T22:19:37Z,9.99,USD
901289,100975,free_trial,trialing,2026-01-27T13:24:17Z,0.0,USD
901289,100975,annual,active,2026-02-08T13:24:17Z,79.99,USD
901289,100975,annual,canceled,2026-03-11T13:24:17Z,79.99,USD
901290,103326,annual,active,2025-09-06T13:10:19Z,79.99,USD
901290,103326,annual,canceled,2026-02-03T13:10:19Z,79.99,USD
901291,103714,free_trial,trialing,2025-08-01T02:52:55Z,0.0,USD
901291,103714,monthly,active,2025-08-09T02:52:55Z,9.99,USD
901292,107225,monthly,active,2025-10-04T12:54:29Z,9.99,USD
901293,101587,monthly,active,2025-07-25T17:36:50Z,9.99,USD
901293,101587,monthly,canceled,2025-10-31T17:36:50Z,9.99,USD
901294,103700,monthly,active,2025-08-24 08:44:59,9.99,USD
901294,103700,monthly,canceled,2025-09-12T13:44:59Z,9.99,USD
901295,102457,annual,active,2025-07-27T19:20:56Z,79.99,USD
901295,102457,annual,canceled,2025-10-10T19:20:56Z,79.99,USD
901296,105421,annual,active,2025-12-04T16:46:50Z,79.99,USD
901297,107949,monthly,active,2025-07-10T08:57:40Z,9.99,USD
901298,102177,annual,active,2025-10-09T05:44:08Z,79.99,USD
901299,102726,monthly,active,2025-12-15T14:14:22Z,9.99,USD
901299,102726,monthly,canceled,2026-01-03T14:14:22Z,9.99,USD
901300,101587,free_trial,trialing,2025-11-05T11:08:52Z,0.0,USD
901300,101587,free_trial,expired,2025-11-19T11:08:52Z,0.0,USD
901301,101243,monthly,active,2026-01-07T18:23:27Z,9.99,USD
901302,100261,free_trial,trialing,2025-12-04T18:21:59Z,0.0,USD
901302,100261,annual,active,2025-12-12T18:21:59Z,79.99,USD
901303,104175,monthly,active,2025-10-12T00:56:05Z,9.99,USD
901303,104175,monthly,canceled,2025-12-24 19:56:05,9.99,USD
901304,100387,free_trial,trialing,2025-09-01T17:59:19Z,0.0,USD
901304,100387,monthly,active,2025-09-07T17:59:19Z,9.99,USD
901305,101152,free_trial,trialing,2026-01-14T21:08:08Z,0.0,USD
901305,101152,monthly,active,2026-01-21T21:08:08Z,9.99,USD
901306,101865,monthly,active,2025-07-30T03:06:41Z,9.99,USD
901306,101865,monthly,canceled,2025-09-03T03:06:41Z,9.99,USD
901307,106911,free_trial,trialing,2025-09-17T12:25:31Z,0.0,USD
901307,106911,monthly,active,2025-09-26T12:25:31Z,9.99,USD
901307,106911,monthly,canceled,2026-01-05T12:25:31Z,9.99,USD
901308,105685,free_trial,trialing,2025-07-12T16:01:00Z,0.0,USD
901308,105685,free_trial,expired,2025-07-20T16:01:00Z,0.0,USD
901309,102468,annual,active,2025-10-28T23:26:57Z,79.99,USD
901310,102516,free_trial,trialing,2025-09-28 18:21:09,0.0,USD
901311,100171,monthly,active,2025-10-20T05:29:36Z,9.99,USD
901311,100171,monthly,canceled,2026-03-11T05:29:36Z,9.99,USD
901312,106282,monthly,active,2025-08-31T05:44:56Z,9.99,USD
901313,107492,monthly,active,2025-11-09T13:53:23Z,9.99,USD
901314,101396,free_trial,trialing,2025-07-25T08:36:54Z,0.0,USD
901314,101396,annual,active,2025-08-06T08:36:54Z,79.99,USD
901315,102362,annual,active,2026-01-02T11:56:47Z,79.99,USD
901315,102362,annual,canceled,2026-03-14T11:56:47Z,79.99,USD
901316,105149,monthly,active,2025-08-17 06:22:36,9.99,USD
901316,105149,monthly,expired,2025-12-17T11:22:36Z,9.99,USD
901317,102691,annual,active,2025-09-17T20:32:19Z,79.99,USD
901318,103033,monthly,active,2025-09-05T06:17:00Z,9.99,USD
901319,106999,annual,active,2025-08-06T06:54:47Z,79.99,USD
901319,106999,annual,canceled,2025-12-04T06:54:47Z,79.99,USD
901320,101080,monthly,active,2025-07-06T09:56:02Z,9.99,USD
901321,104131,annual,active,2025-11-03T15:29:29Z,79.99,USD
901322,104269,monthly,active,2025-08-16T21:35:33Z,9.99,USD
901322,104269,monthly,expired,2026-02-22T21:35:33Z,9.99,USD
901323,103672,free_trial,trialing,2025-08-02T20:27:32Z,0.0,USD
901323,103672,free_trial,expired,2025-08-14T20:27:32Z,0.0,USD
901324,107654,free_trial,trialing,2026-02-16T20:10:31Z,0.0,USD
901324,107654,annual,active,2026-02-21T20:10:31Z,79.99,USD
901324,107654,annual,canceled,2026-06-01T20:10:31Z,79.99,USD
901325,102284,free_trial,trialing,2025-09-29T18:37:51Z,0.0,USD
901325,102284,annual,active,2025-10-03T18:37:51Z,79.99,GBP
901326,104295,annual,active,2025-10-06T05:07:08Z,79.99,USD
901327,100298,free_trial,trialing,2025-07-10T09:03:06Z,0.0,USD
901327,100298,annual,active,2025-07-24 04:03:06,79.99,USD
901328,102550,monthly,active,2025-11-10T14:33:10Z,9.99,USD
901328,102550,monthly,canceled,2025-12-28T14:33:10Z,9.99,USD
901329,100664,monthly,active,2026-02-05T10:04:14Z,9.99,USD
901329,100664,monthly,expired,2026-05-17T10:04:14Z,9.99,USD
901330,103785,free_trial,trialing,2025-08-09T09:41:10Z,0.0,USD
901330,103785,free_trial,expired,2025-08-20T09:41:10Z,0.0,USD
901331,105751,free_trial,trialing,2025-10-13 22:16:44,0.0,USD
901332,100166,annual,active,2026-01-29T10:02:14Z,79.99,USD
901333,102445,monthly,active,2025-07-12 16:24:49,9.99,USD
901334,104285,annual,active,2026-02-04T14:15:50Z,79.99,USD
901335,107728,monthly,active,2025-07-28T11:45:35Z,9.99,USD
901335,107728,monthly,canceled,2025-10-02T11:45:35Z,9.99,USD
901336,103539,monthly,active,2025-12-10T12:41:28Z,9.99,USD
901337,101091,annual,active,2026-02-09T07:31:58Z,79.99,USD
901337,101091,annual,canceled,2026-03-27T07:31:58Z,79.99,USD
901338,106854,free_trial,trialing,2025-10-03T16:00:45Z,0.0,USD
901338,106854,monthly,active,2025-10-08T16:00:45Z,9.99,USD
901339,100102,monthly,active,2025-11-12 05:04:12,9.99,USD
901339,100102,monthly,canceled,2026-02-06T10:04:12Z,9.99,USD
901340,103620,monthly,active,2025-08-17T03:54:37Z,9.99,USD
901341,101665,free_trial,trialing,2025-09-19T18:58:38Z,0.0,USD
901342,107816,monthly,active,2026-02-02T12:52:47Z,9.99,USD
901343,102087,monthly,active,2025-08-31T13:10:46Z,9.99,USD
901343,102087,monthly,expired,2026-03-02T13:10:46Z,9.99,USD
901344,106737,monthly,active,2025-07-12T07:52:55Z,9.99,USD
901345,107306,monthly,active,2026-02-03T19:23:35Z,9.99,USD
901345,107306,monthly,expired,2026-07-19T19:23:35Z,9.99,USD
901346,102002,free_trial,trialing,2026-01-16T05:04:47Z,0.0,USD
901346,102002,free_trial,expired,2025-12-28T05:04:47Z,0.0,USD
901347,106552,monthly,active,2025-08-02T11:35:03Z,9.99,USD
901347,106552,monthly,canceled,2025-11-01T11:35:03Z,9.99,USD
901348,104045,monthly,active,2025-12-29 12:16:24,9.99,USD
901348,104045,monthly,canceled,2026-01-27T17:16:24Z,9.99,USD
901349,106402,free_trial,trialing,2025-08-16T01:49:55Z,0.0,USD
901350,102608,annual,active,2026-01-07T04:14:44Z,79.99,USD
901351,106856,free_trial,trialing,2025-10-04 01:09:08,0.0,USD
901351,106856,annual,active,2025-10-11T06:09:08Z,79.99,USD
901352,103657,free_trial,trialing,2025-09-17T17:10:55Z,0.0,USD
901352,103657,annual,active,2025-09-22T17:10:55Z,79.99,USD
901353,105087,monthly,active,2026-01-25 05:04:51,9.99,USD
901353,105087,monthly,canceled,2026-04-17T10:04:51Z,9.99,USD
901354,104988,monthly,active,2025-11-19T08:01:26Z,9.99,USD
901355,104910,monthly,active,2025-11-26T07:21:11Z,9.99,USD
901356,103053,monthly,active,2025-09-25T03:30:06Z,9.99,USD
901356,103053,monthly,expired,2026-03-29T03:30:06Z,9.99,USD
901357,106878,monthly,active,2025-09-09T23:33:24Z,9.99,USD
901357,106878,monthly,canceled,2025-10-07T23:33:24Z,9.99,USD
901358,100546,free_trial,trialing,2025-10-19T00:42:34Z,0.0,USD
901358,100546,annual,active,2025-10-22T00:42:34Z,79.99,USD
901359,103435,free_trial,trialing,2026-01-10T10:27:33Z,0.0,USD
901360,107358,free_trial,trialing,2025-09-27T08:49:18Z,0.0,USD
901360,107358,free_trial,expired,2025-10-08T08:49:18Z,0.0,USD
901361,100318,monthly,active,2025-12-28 12:41:36,9.99,USD
901362,100673,monthly,active,2025-12-11T06:33:00Z,9.99,USD
901362,100673,monthly,canceled,2026-02-26T06:33:00Z,9.99,USD
901363,105771,free_trial,trialing,2026-01-09T06:33:09Z,0.0,USD
901363,105771,monthly,active,2026-01-20T06:33:09Z,9.99,USD
901364,101711,monthly,active,2025-07-07T01:45:03Z,9.99,USD
901365,106862,monthly,active,2025-12-31 10:01:05,9.99,USD
901366,102948,annual,active,2026-02-09T19:27:53Z,79.99,USD
901367,106829,annual,active,2025-10-11T09:23:37Z,79.99,USD
901367,106829,annual,canceled,2026-01-01T09:23:37Z,79.99,USD
901368,107219,free_trial,trialing,2025-09-23T06:58:12Z,0.0,USD
901369,107995,monthly,active,2025-08-06T17:16:47Z,9.99,USD
901369,107995,monthly,canceled,2025-12-13T17:16:47Z,9.99,USD
901370,102152,free_trial,trialing,2025-12-12T02:45:01Z,0.0,USD
901371,106490,monthly,active,2025-12-02T09:00:46Z,9.99,USD
901372,107654,annual,active,2025-09-06T22:56:33Z,79.99,USD
901372,107654,annual,canceled,2025-12-16T22:56:33Z,79.99,USD
901373,101958,monthly,active,2025-08-04T02:12:12Z,9.99,USD
901373,101958,monthly,expired,2025-11-19T02:12:12Z,9.99,USD
901374,105352,monthly,active,2025-11-24 11:29:30,9.99,USD
901375,105494,monthly,active,2025-12-15T09:40:37Z,9.99,USD
901376,102038,monthly,active,2025-07-11T09:22:43Z,9.99,USD
901376,102038,monthly,canceled,2025-11-08T09:22:43Z,9.99,USD
901377,105581,monthly,active,2026-01-25T04:46:05Z,9.99,USD
901378,102391,monthly,active,2026-02-08T16:07:21Z,9.99,USD
901379,105950,free_trial,trialing,2026-01-28T09:26:20Z,0.0,USD
901380,102220,annual,active,2025-11-16T07:24:17Z,79.99,USD
901380,102220,annual,canceled,2026-03-13T07:24:17Z,79.99,USD
901381,101442,free_trial,trialing,2025-07-27 01:08:53,0.0,USD
901382,102852,monthly,active,2025-08-12T21:29:52Z,9.99,USD
901382,102852,monthly,canceled,2025-11-29 16:29:52,9.99,USD
901383,106846,monthly,active,2025-12-30T12:22:14Z,9.99,USD
901383,106846,monthly,expired,2026-03-25T12:22:14Z,9.99,GBP
901384,102938,free_trial,trialing,2025-08-11T03:27:35Z,0.0,USD
901384,102938,monthly,active,2025-08-16T03:27:35Z,9.99,USD
901385,106645,monthly,active,2025-10-03T05:51:19Z,9.99,USD
901386,107067,monthly,active,2025-10-15T19:52:56Z,9.99,USD
901387,101420,monthly,active,2025-10-25T14:25:53Z,9.99,USD
901387,101420,monthly,canceled,2025-12-01T14:25:53Z,9.99,USD
901388,107925,annual,active,2025-12-06T12:20:49Z,79.99,USD
901389,102457,monthly,active,2025-09-24T22:07:45Z,9.99,USD
901389,102457,monthly,canceled,2025-11-01T22:07:45Z,9.99,USD
901390,106083,annual,active,2025-10-14 02:36:22,79.99,USD
901391,102091,monthly,active,2026-02-09T06:25:05Z,9.99,USD
901392,100959,annual,active,2026-01-06T22:53:25Z,79.99,USD
901393,103092,free_trial,trialing,2025-10-16T22:37:45Z,0.0,USD
901393,103092,monthly,active,2025-10-30T22:37:45Z,9.99,USD
901393,103092,monthly,canceled,2025-11-24T22:37:45Z,9.99,USD
901394,104213,monthly,active,2025-11-02 20:11:57,9.99,USD
901395,101145,annual,active,2026-01-07T13:31:01Z,79.99,USD
901396,107457,monthly,active,2025-08-18T22:16:50Z,9.99,USD
901397,101775,monthly,active,2025-12-01T03:19:24Z,9.99,USD
901398,105657,annual,active,2025-07-19T19:48:12Z,79.99,USD
901398,105657,annual,canceled,2025-09-26 14:48:12,79.99,USD
901399,106732,monthly,active,2026-02-12T17:58:58Z,9.99,USD
901399,106732,monthly,expired,2026-08-01T17:58:58Z,9.99,USD
901400,105464,free_trial,trialing,2025-09-14T05:59:58Z,0.0,USD
901400,105464,free_trial,expired,2025-09-27T05:59:58Z,0.0,USD
901401,104781,free_trial,trialing,2026-01-30T05:40:59Z,0.0,USD
901401,104781,annual,active,2026-02-07T05:40:59Z,79.99,USD
901401,104781,annual,canceled,2026-05-31T05:40:59Z,79.99,USD
901402,102985,monthly,active,2025-12-26 04:25:25,9.99,USD
901402,102985,monthly,canceled,2026-04-07T09:25:25Z,9.99,USD
901403,102856,monthly,active,2025-07-24T05:47:14Z,9.99,USD
901403,102856,monthly,canceled,2025-09-06T05:47:14Z,9.99,USD
901404,106851,monthly,active,2025-08-07T20:56:32Z,9.99,USD
901404,106851,monthly,canceled,2025-11-30T20:56:32Z,9.99,USD
901405,107168,monthly,active,2025-11-30T12:59:20Z,9.99,USD
901406,101292,free_trial,trialing,2025-10-02T23:33:51Z,0.0,USD
901407,105484,annual,active,2026-01-13T12:44:18Z,79.99,USD
901407,105484,annual,canceled,2026-04-02 07:44:18,79.99,USD
901408,106590,annual,active,2025-10-30 11:34:44,79.99,USD
901408,106590,annual,canceled,2026-02-16T16:34:44Z,79.99,USD
901409,106969,free_trial,trialing,2025-08-31T17:53:28Z,0.0,USD
901409,106969,free_trial,expired,2025-09-11T17:53:28Z,0.0,USD
901410,107501,monthly,active,2025-10-29T11:48:14Z,9.99,USD
901411,104999,monthly,active,2025-09-30 15:41:39,9.99,USD
901411,104999,monthly,canceled,2025-12-01T20:41:39Z,9.99,USD
901412,104725,annual,active,2025-10-31T13:27:47Z,79.99,USD
901413,100170,annual,active,2026-02-01T18:33:21Z,79.99,USD
901413,100170,annual,canceled,2026-06-17 13:33:21,79.99,USD
901414,105626,monthly,active,2025-12-23 15:56:48,9.99,USD
901415,104461,monthly,active,2025-07-24T11:41:20Z,9.99,USD
901416,105217,monthly,active,2025-09-01T09:46:27Z,9.99,USD
901417,104058,free_trial,trialing,2025-10-15T13:04:14Z,0.0,USD
901418,103865,monthly,active,2025-11-25T18:56:29Z,9.99,USD
901419,103272,monthly,active,2025-10-29T20:21:13Z,9.99,USD
901419,103272,monthly,canceled,2026-03-13T20:21:13Z,9.99,USD
901420,102851,monthly,active,2025-10-17T18:28:33Z,9.99,USD
901421,100823,monthly,active,2026-02-15 21:05:33,9.99,USD
901422,102389,free_trial,trialing,2025-08-30T07:59:50Z,0.0,USD
901423,100376,free_trial,trialing,2026-01-14T00:10:11Z,0.0,USD
901423,100376,free_trial,expired,2026-01-25T00:10:11Z,0.0,USD
901424,100757,monthly,active,2025-10-24T08:03:13Z,9.99,USD
901425,107344,monthly,active,2025-10-15T17:13:26Z,9.99,USD
901425,107344,monthly,canceled,2026-01-15T17:13:26Z,9.99,USD
901426,106691,annual,active,2025-07-15T11:11:52Z,79.99,USD
901427,101457,annual,active,2026-01-06T09:49:09Z,79.99,USD
901427,101457,annual,canceled,2026-04-14T09:49:09Z,79.99,USD
901428,101362,free_trial,trialing,2025-09-24T16:55:05Z,0.0,USD
901428,101362,annual,active,2025-09-27T16:55:05Z,79.99,USD
901429,100947,monthly,active,2025-10-30T01:13:30Z,9.99,USD
901430,105375,free_trial,trialing,2025-07-13T06:06:15Z,0.0,USD
901430,105375,free_trial,expired,2025-07-21 01:06:15,0.0,USD
901431,106120,monthly,active,2025-08-20T21:32:37Z,9.99,USD
901432,103108,monthly,active,2025-09-30T21:45:28Z,9.99,USD
901433,106041,annual,active,2026-01-25T09:51:25Z,79.99,USD
901433,106041,annual,canceled,2026-04-20T09:51:25Z,79.99,USD
901434,107979,annual,active,2025-10-08T12:17:58Z,79.99,USD
901435,107606,annual,active,2025-07-27T15:16:00Z,79.99,USD
901436,101153,free_trial,trialing,2025-07-22T02:03:06Z,0.0,USD
901436,101153,free_trial,expired,2025-08-03T02:03:06Z,0.0,USD
901437,107003,monthly,active,2025-12-01T17:49:45Z,9.99,USD
901438,102775,monthly,active,2025-12-27T14:55:50Z,9.99,USD
901438,102775,monthly,expired,2026-02-27T14:55:50Z,9.99,USD
901439,107976,annual,active,2026-01-17 03:38:49,79.99,USD
901440,104415,annual,active,2025-09-29 11:33:21,79.99,USD
901441,100784,annual,active,2025-11-08T15:56:40Z,79.99,USD
901441,100784,annual,canceled,2025-12-01T15:56:40Z,79.99,USD
901442,103380,annual,active,2026-01-30T04:46:11Z,79.99,USD
901443,100451,annual,active,2026-02-15T18:03:14Z,79.99,USD
901444,101245,monthly,active,2026-02-02T18:36:22Z,9.99,USD
901445,107337,free_trial,trialing,2025-09-24T04:12:43Z,0.0,USD
901445,107337,annual,active,2025-10-07 23:12:43,79.99,USD
901446,104396,free_trial,trialing,2026-01-21 09:35:04,0.0,USD
901446,104396,monthly,active,2026-01-25T14:35:04Z,9.99,USD
901446,104396,monthly,canceled,2026-04-13T14:35:04Z,9.99,USD
901447,101456,annual,active,2025-10-31T10:18:11Z,79.99,USD
901448,104064,free_trial,trialing,2025-11-24T23:34:27Z,0.0,USD
901448,104064,free_trial,expired,2025-11-04T23:34:27Z,0.0,USD
901449,105088,monthly,active,2025-11-08T23:59:38Z,9.99,USD
901450,107256,annual,active,2025-12-25T08:03:53Z,79.99,USD
901450,107256,annual,expired,2026-04-18 03:03:53,79.99,USD
901451,107383,monthly,active,2025-09-02T21:01:27Z,9.99,USD
901452,103866,free_trial,trialing,2025-07-13T04:04:02Z,0.0,USD
901452,103866,monthly,active,2025-07-22T04:04:02Z,9.99,USD
901452,103866,monthly,canceled,2025-10-28T04:04:02Z,9.99,USD
901453,102830,annual,active,2025-09-26T03:39:41Z,79.99,USD
901453,102830,annual,canceled,2026-02-08T03:39:41Z,79.99,USD
901454,104015,monthly,active,2025-09-18T13:49:56Z,9.99,USD
901455,106020,free_trial,trialing,2025-07-05T02:50:35Z,0.0,USD
901455,106020,free_trial,expired,2025-07-12T02:50:35Z,0.0,USD
901456,101263,monthly,active,2025-12-28T10:29:19Z,9.99,USD
901456,101263,monthly,canceled,2026-05-09 05:29:19,9.99,GBP
901457,100532,monthly,active,2025-07-12T10:30:35Z,9.99,USD
901458,105153,monthly,active,2025-09-02T12:38:30Z,9.99,USD
901459,101822,monthly,active,2025-11-04T14:33:05Z,9.99,USD
901460,107584,free_trial,trialing,2026-01-25T06:50:39Z,0.0,USD
901461,103553,free_trial,trialing,2025-11-13T07:17:29Z,0.0,USD
901461,103553,annual,active,2025-11-27T07:17:29Z,79.99,USD
901461,103553,annual,canceled,2025-12-19T07:17:29Z,79.99,USD
901462,107997,annual,active,2025-08-21T12:22:30Z,79.99,USD
901462,107997,annual,canceled,2025-09-30T12:22:30Z,79.99,USD
901463,104611,monthly,active,2026-01-03T04:00:39Z,9.99,USD
901464,100132,free_trial,trialing,2025-07-21T18:47:01Z,0.0,USD
901464,100132,free_trial,expired,2025-08-02T18:47:01Z,0.0,USD
901465,100958,monthly,active,2025-08-09 09:39:32,9.99,USD
901465,100958,monthly,canceled,2025-11-04 09:39:32,9.99,USD
901466,101926,monthly,active,2025-08-04 20:49:50,9.99,USD
901466,101926,monthly,expired,2025-12-02 20:49:50,9.99,USD
901467,101869,free_trial,trialing,2025-07-12 13:49:44,0.0,USD
901467,101869,monthly,active,2025-07-18T18:49:44Z,9.99,USD
901467,101869,monthly,canceled,2025-10-19T18:49:44Z,9.99,USD
901468,101172,monthly,active,2025-08-02T18:34:11Z,9.99,USD
901469,101230,free_trial,trialing,2025-11-24T22:21:14Z,0.0,USD
901469,101230,free_trial,expired,2025-12-01 17:21:14,0.0,USD
901470,106220,free_trial,trialing,2025-12-03T02:33:10Z,0.0,USD
901470,106220,free_trial,expired,2025-12-17T02:33:10Z,0.0,USD
901471,100940,free_trial,trialing,2026-02-05 17:27:38,0.0,USD
901471,100940,free_trial,expired,2026-02-13T22:27:38Z,0.0,USD
901472,102683,free_trial,trialing,2026-01-16T12:19:38Z,0.0,USD
901472,102683,annual,active,2026-01-21T12:19:38Z,79.99,USD
901473,105617,free_trial,trialing,2025-08-10T00:41:32Z,0.0,USD
901473,105617,annual,active,2025-08-13T00:41:32Z,79.99,USD
901474,103195,monthly,active,2025-10-20T07:49:43Z,9.99,USD
901475,105735,monthly,active,2025-08-15T04:30:15Z,9.99,USD
901476,104833,monthly,active,2025-09-05T04:49:51Z,9.99,USD
901477,105801,monthly,active,2025-12-06T10:01:32Z,9.99,USD
901477,105801,monthly,canceled,2026-03-30T10:01:32Z,9.99,GBP
901478,103108,free_trial,trialing,2025-12-02T19:15:28Z,0.0,USD
901478,103108,free_trial,expired,2025-12-15T19:15:28Z,0.0,USD
901479,102858,monthly,active,2025-09-09T23:55:20Z,9.99,USD
901480,101752,free_trial,trialing,2025-07-29T07:09:49Z,0.0,USD
901480,101752,annual,active,2025-08-11T07:09:49Z,79.99,USD
901481,104390,monthly,active,2025-07-08T18:49:27Z,9.99,USD
901482,100227,free_trial,trialing,2026-02-07 23:37:25,0.0,USD
901482,100227,monthly,active,2026-02-20T04:37:25Z,9.99,USD
901483,106734,monthly,active,2026-01-24T04:44:47Z,9.99,USD
901484,103471,free_trial,trialing,2025-09-12T15:35:04Z,0.0,USD
901484,103471,monthly,active,2025-09-16T15:35:04Z,9.99,USD
901484,103471,monthly,canceled,2025-12-18T15:35:04Z,9.99,USD
901485,106852,annual,active,2025-11-27T06:50:23Z,79.99,USD
901486,103344,annual,active,2025-08-12T07:40:58Z,79.99,USD
901487,102975,free_trial,trialing,2025-11-19T17:52:02Z,0.0,USD
901487,102975,annual,active,2025-11-27T17:52:02Z,79.99,USD
901487,102975,annual,canceled,2026-01-03T17:52:02Z,79.99,USD
901488,107145,monthly,active,2026-02-17T02:18:01Z,9.99,USD
901489,104804,monthly,active,2025-08-19T23:25:02Z,9.99,USD
901489,104804,monthly,canceled,2025-09-23T23:25:02Z,9.99,USD
901490,104401,monthly,active,2026-02-15T14:29:35Z,9.99,USD
901491,106302,monthly,active,2026-01-11T10:10:42Z,9.99,USD
901492,104617,monthly,active,2025-10-17 01:27:35,9.99,USD
901493,104097,monthly,active,2025-12-17T17:19:51Z,9.99,USD
901494,107924,monthly,active,2025-07-24 20:25:13,9.99,USD
901495,106705,monthly,active,2025-10-23 05:37:30,9.99,USD
901496,101746,annual,active,2025-08-18T00:58:29Z,79.99,USD
901496,101746,annual,canceled,2025-10-22T00:58:29Z,79.99,USD
901497,349248,monthly,active,2026-01-23T19:42:17Z,9.99,USD
901497,349248,monthly,canceled,2026-02-19 14:42:17,9.99,USD
901498,100813,annual,active,2025-11-09T06:42:03Z,79.99,USD
901499,103211,monthly,active,2025-07-18 20:29:44,9.99,USD
901500,105822,free_trial,trialing,2025-09-02 04:24:45,0.0,USD
901500,105822,monthly,active,2025-09-05T09:24:45Z,9.99,USD
901501,103378,annual,active,2025-11-18 15:27:05,79.99,USD
901502,104674,annual,active,2026-01-20T21:04:32Z,79.99,USD
901503,107500,monthly,active,2025-12-03T01:45:15Z,9.99,USD
901504,104994,monthly,active,2025-08-17T18:19:30Z,9.99,USD
901505,101548,annual,active,2025-09-08T03:51:03Z,79.99,USD
901506,104838,monthly,active,2025-11-16T03:09:12Z,9.99,USD
901506,104838,monthly,canceled,2025-12-13T03:09:12Z,9.99,USD
901507,103885,free_trial,trialing,2025-09-16 22:24:14,0.0,USD
901507,103885,monthly,active,2025-09-22T03:24:14Z,9.99,USD
901508,107701,free_trial,trialing,2025-08-04T05:28:40Z,0.0,USD
901509,101952,free_trial,trialing,2025-08-29T04:29:08Z,0.0,USD
901509,101952,free_trial,expired,2025-09-07T04:29:08Z,0.0,USD
901510,102786,monthly,active,2025-10-11T16:47:52Z,9.99,USD
901511,102718,free_trial,trialing,2025-09-02T20:07:55Z,0.0,USD
901511,102718,free_trial,expired,2025-09-09 15:07:55,0.0,USD
901512,106976,annual,active,2025-08-11T23:59:07Z,79.99,USD
901512,106976,annual,canceled,2025-10-10T23:59:07Z,79.99,USD
901513,107740,monthly,active,2025-07-26T19:48:16Z,9.99,USD
901514,100124,monthly,active,2026-02-03T00:40:47Z,9.99,USD
901515,107660,free_trial,trialing,2025-07-19T10:42:39Z,0.0,USD
901515,107660,annual,active,2025-07-27T10:42:39Z,79.99,USD
901516,103908,monthly,active,2025-10-23T03:16:34Z,9.99,USD
901517,100477,monthly,active,2025-10-12T19:44:01Z,9.99,USD
901518,313849,monthly,active,2025-08-04T13:28:59Z,9.99,USD
901518,313849,monthly,canceled,2025-09-16T13:28:59Z,9.99,USD
901519,107954,monthly,active,2026-02-09T23:31:20Z,9.99,USD
901519,107954,monthly,canceled,2026-03-02T23:31:20Z,9.99,USD
901520,103798,free_trial,trialing,2025-12-16T03:57:36Z,0.0,USD
901520,103798,monthly,active,2025-12-23T03:57:36Z,9.99,USD
901521,101485,annual,active,2025-07-28T07:53:04Z,79.99,USD
901521,101485,annual,canceled,2025-11-27 02:53:04,79.99,USD
901522,100404,free_trial,trialing,2025-09-26T17:16:22Z,0.0,USD
901522,100404,monthly,active,2025-09-29T17:16:22Z,9.99,USD
901523,105305,monthly,active,2026-01-14T20:42:15Z,9.99,USD
901523,105305,monthly,canceled,2026-02-06 15:42:15,9.99,USD
901524,321254,free_trial,trialing,2025-08-20T13:11:23Z,0.0,USD
901524,321254,monthly,active,2025-08-30 08:11:23,9.99,USD
901525,107686,monthly,active,2025-10-10T01:37:49Z,9.99,USD
901526,103431,free_trial,trialing,2025-07-07T17:44:09Z,0.0,USD
901527,107946,monthly,active,2025-08-06T05:41:58Z,9.99,USD
901528,103476,annual,active,2025-09-20T23:03:42Z,79.99,USD
901529,100144,annual,active,2025-08-01 16:12:04,79.99,USD
901530,103353,monthly,active,2025-07-04T03:30:04Z,9.99,USD
901531,107443,free_trial,trialing,2025-08-22T09:06:27Z,0.0,USD
901531,107443,annual,active,2025-08-29T09:06:27Z,79.99,USD
901531,107443,annual,canceled,2025-10-14T09:06:27Z,79.99,USD
901532,104477,monthly,active,2026-02-11 17:07:27,9.99,USD
901533,341589,monthly,active,2026-01-21 16:44:08,9.99,USD
901534,104639,annual,active,2025-08-31T10:18:23Z,79.99,USD
901535,102193,monthly,active,2025-08-24 22:36:59,9.99,USD
901536,107260,free_trial,trialing,2026-01-01T15:17:12Z,0.0,USD
901536,107260,free_trial,expired,2026-01-14T15:17:12Z,0.0,USD
901537,101892,monthly,active,2025-07-28T08:12:50Z,9.99,USD
901538,107829,monthly,active,2025-07-13T02:17:57Z,9.99,USD
901539,101894,free_trial,trialing,2025-12-15T09:55:09Z,0.0,USD
901539,101894,annual,active,2025-12-25T09:55:09Z,79.99,USD
901540,101976,free_trial,trialing,2026-01-31T06:25:58Z,0.0,USD
901540,101976,free_trial,expired,2026-02-07 01:25:58,0.0,USD
901541,102112,free_trial,trialing,2025-10-26T03:21:27Z,0.0,USD
901541,102112,free_trial,expired,2025-11-04 22:21:27,0.0,USD
901542,104702,free_trial,trialing,2025-07-26 12:40:14,0.0,USD
901542,104702,monthly,active,2025-08-06T17:40:14Z,9.99,USD
901543,107407,monthly,active,2025-10-16T18:54:31Z,9.99,USD
901543,107407,monthly,canceled,2026-02-02T18:54:31Z,9.99,USD
901544,100726,monthly,active,2025-08-13T13:18:25Z,9.99,USD
901545,102002,annual,active,2025-09-25T04:22:50Z,79.99,USD
901545,102002,annual,canceled,2025-12-12T04:22:50Z,79.99,USD
901546,107210,free_trial,trialing,2025-07-13T20:25:24Z,0.0,USD
901546,107210,monthly,active,2025-07-25T20:25:24Z,9.99,USD
901547,106193,monthly,active,2025-08-22T08:56:20Z,9.99,USD
901548,101265,annual,active,2026-02-02 13:11:42,79.99,USD
901549,103789,monthly,active,2026-02-15 14:58:03,9.99,USD
901550,106539,monthly,active,2025-09-10T12:25:40Z,9.99,USD
901550,106539,monthly,canceled,2025-11-26T12:25:40Z,9.99,USD
901551,104084,monthly,active,2025-12-05T06:33:55Z,9.99,USD
901551,104084,monthly,canceled,2025-12-30T06:33:55Z,9.99,USD
901552,106636,free_trial,trialing,2026-02-13T12:11:19Z,0.0,USD
901552,106636,free_trial,expired,2026-02-21T12:11:19Z,0.0,USD
901553,104882,annual,active,2026-01-01T23:35:57Z,79.99,USD
901554,101263,monthly,active,2025-11-07 22:57:02,9.99,USD
901554,101263,monthly,canceled,2025-12-13T03:57:02Z,9.99,USD
901555,100573,monthly,active,2025-07-06T19:11:38Z,9.99,USD
901555,100573,monthly,expired,2025-08-19T19:11:38Z,9.99,USD
901556,105449,monthly,active,2025-11-17 03:46:32,9.99,USD
901556,105449,monthly,canceled,2026-01-21T08:46:32Z,9.99,USD
901557,101692,monthly,active,2025-12-29T16:00:43Z,9.99,USD
901558,103017,monthly,active,2025-11-16 01:06:30,9.99,USD
901558,103017,monthly,canceled,2025-12-10T06:06:30Z,9.99,USD
901559,103039,free_trial,trialing,2025-07-28T17:55:47Z,0.0,USD
901559,103039,annual,active,2025-08-02T17:55:47Z,79.99,USD
901560,101659,monthly,active,2026-01-14T13:19:02Z,9.99,USD
901560,101659,monthly,canceled,2026-05-05T13:19:02Z,9.99,USD
901561,102458,monthly,active,2025-07-23T14:19:46Z,9.99,USD
901562,106362,annual,active,2025-12-17T07:31:42Z,79.99,USD
901562,106362,annual,canceled,2026-01-31T07:31:42Z,79.99,USD
901563,107876,annual,active,2025-12-06T03:32:15Z,79.99,USD
901563,107876,annual,canceled,2026-04-05T03:32:15Z,79.99,USD
901564,107647,annual,active,2025-09-29T20:55:55Z,79.99,USD
901565,106867,monthly,active,2025-07-19T22:38:08Z,9.99,USD
901566,102095,annual,active,2026-02-02T04:27:56Z,79.99,USD
901567,106354,annual,active,2026-01-10 21:45:20,79.99,USD
901568,101846,free_trial,trialing,2025-08-13T14:36:19Z,0.0,USD
901568,101846,annual,active,2025-08-22T14:36:19Z,79.99,USD
901569,103719,free_trial,trialing,2026-01-11 10:18:31,0.0,USD
901570,105464,monthly,active,2025-12-08T15:15:14Z,9.99,USD
901571,102640,annual,active,2025-08-09T21:27:50Z,79.99,GBP
901571,102640,annual,canceled,2025-11-12 16:27:50,79.99,USD
901572,105594,monthly,active,2025-12-29 11:18:57,9.99,USD
901572,105594,monthly,canceled,2026-04-12T16:18:57Z,9.99,USD
901573,103872,free_trial,trialing,2026-01-28T01:59:03Z,0.0,USD
901574,105376,monthly,active,2025-09-27T03:53:41Z,9.99,USD
901575,106318,free_trial,trialing,2025-07-19T22:53:36Z,0.0,USD
901575,106318,free_trial,expired,2025-08-01T22:53:36Z,0.0,USD
901576,102923,monthly,active,2025-10-08T05:53:39Z,9.99,USD
901577,101647,monthly,active,2025-08-22T03:18:15Z,9.99,USD
901578,102332,free_trial,trialing,2025-07-10T17:50:04Z,0.0,USD
901578,102332,monthly,active,2025-07-16T17:50:04Z,9.99,USD
901579,102895,monthly,active,2025-11-22T22:16:14Z,9.99,USD
901579,102895,monthly,canceled,2026-04-20T22:16:14Z,9.99,USD
901580,107402,monthly,active,2025-11-26T03:22:31Z,9.99,USD
901581,106044,free_trial,trialing,2025-08-03 19:12:43,0.0,USD
901581,106044,monthly,active,2025-08-14T00:12:43Z,9.99,USD
901581,106044,monthly,canceled,2025-09-05T00:12:43Z,9.99,USD
901582,105247,monthly,active,2026-01-13T03:11:57Z,9.99,USD
901583,103590,free_trial,trialing,2026-01-19T07:09:34Z,0.0,USD
901584,104982,monthly,active,2025-08-14T04:03:52Z,9.99,USD
901585,107590,free_trial,trialing,2026-02-11T17:21:08Z,0.0,USD
901585,107590,monthly,active,2026-02-14T17:21:08Z,9.99,USD
901586,105491,annual,active,2025-08-30 16:44:18,79.99,USD
901587,107927,free_trial,trialing,2025-08-25T15:24:11Z,0.0,USD
901588,100246,monthly,active,2025-09-25T21:15:36Z,9.99,USD
901589,102310,free_trial,trialing,2025-07-08T17:33:23Z,0.0,USD
901589,102310,free_trial,expired,2025-07-18T17:33:23Z,0.0,USD
901590,107407,free_trial,trialing,2026-01-02T18:22:58Z,0.0,USD
901590,107407,free_trial,expired,2026-01-15T18:22:58Z,0.0,USD
901591,105325,monthly,active,2025-08-26T00:47:57Z,9.99,USD
901592,100572,free_trial,trialing,2026-01-12T18:30:24Z,0.0,USD
901592,100572,monthly,active,2026-01-18T18:30:24Z,9.99,USD
901593,107494,monthly,active,2025-11-22T23:30:25Z,9.99,USD
901593,107494,monthly,canceled,2026-02-23T23:30:25Z,9.99,USD
901594,105337,annual,active,2025-08-12T10:26:45Z,79.99,EUR
901595,106711,monthly,active,2025-10-04T05:29:36Z,9.99,USD
901596,100156,annual,active,2025-11-06T09:44:31Z,79.99,USD
901596,100156,annual,expired,2025-12-11T09:44:31Z,79.99,USD
901597,103766,free_trial,trialing,2025-08-29T04:07:28Z,0.0,USD
901597,103766,annual,active,2025-09-05T04:07:28Z,79.99,USD
901597,103766,annual,canceled,2025-11-21T04:07:28Z,79.99,USD
901598,102088,monthly,active,2025-07-03T15:39:07Z,9.99,USD
901599,100612,monthly,active,2025-10-31 19:41:18,9.99,USD
901600,104048,monthly,active,2026-02-18T19:37:13Z,9.99,USD
901600,104048,monthly,canceled,2026-07-14T19:37:13Z,9.99,USD
901601,102295,monthly,active,2026-01-08T01:36:19Z,9.99,USD
901602,101601,monthly,active,2025-12-30 11:55:40,9.99,USD
901602,101601,monthly,expired,2026-05-05T16:55:40Z,9.99,USD
901603,104979,monthly,active,2026-02-14T09:28:37Z,9.99,USD
901604,106117,free_trial,trialing,2025-08-13T02:35:59Z,0.0,USD
901604,106117,free_trial,expired,2025-08-25T02:35:59Z,0.0,USD
901605,100971,annual,active,2025-08-16T17:20:24Z,79.99,USD
901605,100971,annual,canceled,2025-09-24 12:20:24,79.99,USD
901606,103336,annual,active,2025-08-01T02:53:15Z,79.99,USD
901607,102293,free_trial,trialing,2025-09-27T11:01:12Z,0.0,USD
901607,102293,free_trial,expired,2025-10-11T11:01:12Z,0.0,USD
901608,100874,annual,active,2025-11-28 22:17:44,79.99,USD
901609,107429,free_trial,trialing,2025-10-21T05:50:55Z,0.0,USD
901609,107429,free_trial,expired,2025-10-30 00:50:55,0.0,USD
901610,107027,annual,active,2025-12-06T05:25:13Z,79.99,USD
901610,107027,annual,canceled,2026-04-05 00:25:13,79.99,USD
901611,106884,monthly,active,2025-07-21 17:15:02,9.99,USD
901612,104828,free_trial,trialing,2025-12-11T16:25:11Z,0.0,USD
901612,104828,free_trial,expired,2025-12-21T16:25:11Z,0.0,USD
901613,100645,annual,active,2025-11-09T13:14:17Z,79.99,USD
901614,105336,free_trial,trialing,2025-12-01T07:48:25Z,0.0,USD
901614,105336,annual,active,2025-12-04T07:48:25Z,79.99,USD
901614,105336,annual,canceled,2025-12-24T07:48:25Z,79.99,USD
901615,105005,annual,active,2025-12-25T02:46:17Z,79.99,USD
901616,103935,annual,active,2026-01-26T16:13:22Z,79.99,USD
901616,103935,annual,canceled,2026-06-05T16:13:22Z,79.99,USD
901617,107577,annual,active,2026-02-09T05:25:37Z,79.99,USD
901618,101402,monthly,active,2025-11-24T03:31:18Z,9.99,USD
901619,102454,monthly,active,2025-12-09T04:03:24Z,9.99,USD
901619,102454,monthly,canceled,2026-01-07T04:03:24Z,9.99,USD
901620,103482,free_trial,trialing,2025-12-25T23:54:01Z,0.0,USD
901620,103482,monthly,active,2025-12-29T23:54:01Z,9.99,USD
901621,104432,free_trial,trialing,2025-11-11T21:17:55Z,0.0,USD
901621,104432,annual,active,2025-11-18T21:17:55Z,79.99,USD
901622,101606,annual,active,2025-10-27 21:21:31,79.99,USD
901622,101606,annual,expired,2026-03-30T02:21:31Z,79.99,USD
901623,102356,annual,active,2025-07-12T06:12:54Z,79.99,USD
901624,106969,free_trial,trialing,2026-01-08T18:39:57Z,0.0,USD
901624,106969,free_trial,expired,2026-01-19T18:39:57Z,0.0,USD
901625,106629,monthly,active,2025-12-13T19:14:26Z,9.99,USD
901625,106629,monthly,canceled,2026-04-23T19:14:26Z,9.99,USD
901626,107672,monthly,active,2025-11-19T01:16:19Z,9.99,USD
901627,107235,monthly,active,2025-12-06T21:40:56Z,9.99,USD
901627,107235,monthly,canceled,2026-02-18 16:40:56,9.99,USD
901628,104580,free_trial,trialing,2025-12-24T07:32:45Z,0.0,USD
901629,100066,free_trial,trialing,2025-11-13T11:08:48Z,0.0,USD
901629,100066,free_trial,expired,2025-11-26T11:08:48Z,0.0,USD
901630,100647,monthly,active,2026-02-17 18:16:53,9.99,USD
901631,102288,monthly,active,2026-02-14T23:18:46Z,9.99,USD
901632,103840,monthly,active,2026-01-12T01:01:11Z,9.99,GBP
901633,103047,monthly,active,2025-10-12T23:54:16Z,9.99,USD
901634,107006,monthly,active,2025-09-09T21:05:59Z,9.99,USD
901634,107006,monthly,canceled,2025-11-27T21:05:59Z,9.99,USD
901635,104542,monthly,active,2025-11-10T07:16:22Z,9.99,USD
901636,107310,annual,active,2025-08-19 14:40:04,79.99,USD
901637,104675,monthly,active,2025-09-13T00:17:14Z,9.99,USD
901637,104675,monthly,canceled,2025-11-06T00:17:14Z,9.99,USD
901638,103737,annual,active,2025-10-14T22:19:26Z,79.99,USD
901638,103737,annual,canceled,2026-01-22T22:19:26Z,79.99,USD
901639,100452,monthly,active,2025-07-14T03:14:12Z,9.99,USD
901640,105251,free_trial,trialing,2025-09-02T04:04:09Z,0.0,USD
901640,105251,monthly,active,2025-09-05T04:04:09Z,9.99,USD
901640,105251,monthly,canceled,2025-10-16T04:04:09Z,9.99,USD
901641,105536,monthly,active,2025-08-30T07:18:44Z,9.99,USD
901642,103195,monthly,active,2025-09-01T07:55:27Z,9.99,USD
901643,102750,annual,active,2025-12-07T08:51:25Z,79.99,USD
901643,102750,annual,canceled,2026-03-24T08:51:25Z,79.99,USD
901644,103336,monthly,active,2026-01-24T03:16:53Z,9.99,USD
901645,101954,monthly,active,2025-09-14T15:57:30Z,9.99,USD
901646,101206,annual,active,2025-09-11T03:35:03Z,79.99,USD
901647,102493,free_trial,trialing,2025-08-17T22:59:29Z,0.0,USD
901647,102493,free_trial,expired,2025-08-30T22:59:29Z,0.0,USD
901648,102381,free_trial,trialing,2025-08-30T06:55:45Z,0.0,USD
901648,102381,free_trial,expired,2025-09-10T06:55:45Z,0.0,USD
901649,102203,free_trial,trialing,2026-02-09T23:21:43Z,0.0,USD
901649,102203,free_trial,expired,2026-02-16T23:21:43Z,0.0,USD
901650,101331,monthly,active,2025-12-29T09:14:35Z,9.99,USD
901650,101331,monthly,canceled,2026-05-11T09:14:35Z,9.99,USD
901651,100522,monthly,active,2025-10-27T08:08:13Z,9.99,USD
901651,100522,monthly,expired,2026-02-07T08:08:13Z,9.99,USD
901652,107099,free_trial,trialing,2025-12-08T06:54:56Z,0.0,USD
901652,107099,free_trial,expired,2025-12-20 01:54:56,0.0,USD
901653,106200,monthly,active,2025-10-15 06:05:42,9.99,USD
901654,105666,annual,active,2025-07-03T16:49:01Z,79.99,USD
901654,105666,annual,expired,2025-12-28T16:49:01Z,79.99,USD
901655,107056,monthly,active,2025-10-14T21:59:53Z,9.99,USD
901656,102797,monthly,active,2025-08-14 07:06:31,9.99,USD
901657,105981,monthly,active,2025-10-22T00:49:50Z,9.99,USD
901658,100475,monthly,active,2025-10-28T19:23:58Z,9.99,USD
901658,100475,monthly,expired,2026-03-30T19:23:58Z,9.99,USD
901659,100476,monthly,active,2026-01-12T03:22:48Z,9.99,USD
901660,106356,annual,active,2025-12-20 01:24:23,79.99,USD
901661,107787,free_trial,trialing,2025-12-20 05:10:44,0.0,USD
901662,104433,free_trial,trialing,2025-09-29 04:53:39,0.0,USD
901662,104433,free_trial,expired,2025-10-09T09:53:39Z,0.0,USD
901663,100481,annual,active,2025-12-26T14:24:34Z,79.99,USD
901664,102834,monthly,active,2025-08-17T00:45:30Z,9.99,USD
901665,105379,monthly,active,2025-11-25 12:09:40,9.99,USD
901666,107864,free_trial,trialing,2025-07-04T13:08:29Z,0.0,USD
901666,107864,monthly,active,2025-07-18T13:08:29Z,9.99,USD
901667,106782,annual,active,2025-07-26 01:45:49,79.99,USD
901668,378040,monthly,active,2025-10-01T11:05:33Z,9.99,USD
901668,378040,monthly,canceled,2025-12-19T11:05:33Z,9.99,USD
901669,104348,monthly,active,2025-11-08T11:29:44Z,9.99,USD
901669,104348,monthly,canceled,2026-01-21 06:29:44,9.99,USD
901670,102720,annual,active,2025-08-21T01:54:29Z,79.99,USD
901670,102720,annual,canceled,2025-12-22 20:54:29,79.99,USD
901671,100020,monthly,active,2025-08-15T17:17:47Z,9.99,USD
901672,104479,free_trial,trialing,2025-09-11 07:26:04,0.0,USD
901672,104479,free_trial,expired,2025-09-20T12:26:04Z,0.0,USD
901673,104282,free_trial,trialing,2025-11-22T15:40:00Z,0.0,USD
901673,104282,annual,active,2025-11-29T15:40:00Z,79.99,USD
901674,106808,free_trial,trialing,2025-11-01T06:19:13Z,0.0,USD
901674,106808,monthly,active,2025-11-08 01:19:13,9.99,USD
901674,106808,monthly,canceled,2025-12-27 01:19:13,9.99,USD
901675,103018,free_trial,trialing,2025-09-02T22:23:00Z,0.0,USD
901675,103018,free_trial,expired,2025-09-12T22:23:00Z,0.0,USD
901676,107185,monthly,active,2026-01-20T12:01:29Z,9.99,USD
901676,107185,monthly,canceled,2026-03-15T12:01:29Z,9.99,USD
901677,105054,annual,active,2025-12-23 04:19:28,79.99,USD
901678,106103,monthly,active,2025-08-16T23:03:00Z,9.99,USD
901679,100297,monthly,active,2025-10-06T17:11:21Z,9.99,USD
901679,100297,monthly,canceled,2026-01-11T17:11:21Z,9.99,USD
901680,100016,free_trial,trialing,2026-02-14T06:03:54Z,0.0,USD
901680,100016,monthly,active,2026-02-19T06:03:54Z,9.99,USD
901681,102770,free_trial,trialing,2025-07-21T22:37:21Z,0.0,USD
901681,102770,monthly,active,2025-08-02T22:37:21Z,9.99,USD
901682,102750,free_trial,trialing,2025-10-22T12:52:52Z,0.0,USD
901682,102750,free_trial,expired,2025-10-31T12:52:52Z,0.0,USD
901683,104888,monthly,active,2025-07-19T19:14:55Z,9.99,USD
901683,104888,monthly,expired,2025-10-25T19:14:55Z,9.99,USD
901684,107293,monthly,active,2025-09-12T12:06:14Z,9.99,USD
901684,107293,monthly,expired,2026-03-27T12:06:14Z,9.99,USD
901685,106454,free_trial,trialing,2025-10-01T06:30:11Z,0.0,USD
901685,106454,annual,active,2025-10-04T06:30:11Z,79.99,USD
901685,106454,annual,canceled,2026-01-18T06:30:11Z,79.99,USD
901686,100870,monthly,active,2026-02-18T15:29:41Z,9.99,USD
901687,100564,free_trial,trialing,2025-09-25T16:04:19Z,0.0,USD
901687,100564,annual,active,2025-10-03T16:04:19Z,79.99,USD
901688,104386,free_trial,trialing,2025-08-24T00:51:21Z,0.0,USD
901688,104386,monthly,active,2025-08-30T00:51:21Z,9.99,USD
901689,101678,monthly,active,2025-12-16T20:27:16Z,9.99,USD
901690,107255,monthly,active,2026-01-20T05:26:46Z,9.99,USD
901691,105650,free_trial,trialing,2026-01-20 07:17:34,0.0,USD
901691,105650,free_trial,expired,2026-01-27T12:17:34Z,0.0,USD
901692,100517,free_trial,trialing,2026-01-03T21:39:41Z,0.0,USD
901692,100517,monthly,active,2026-01-09T21:39:41Z,9.99,USD
901693,104984,monthly,active,2026-01-09T17:44:45Z,9.99,USD
901694,106221,free_trial,trialing,2025-10-21T06:01:41Z,0.0,USD
901695,102072,free_trial,trialing,2025-08-30T22:13:11Z,0.0,USD
901696,103121,annual,active,2025-08-10T07:13:01Z,79.99,USD
901697,107477,free_trial,trialing,2026-01-12 00:36:50,0.0,USD
901697,107477,monthly,active,2026-01-23T05:36:50Z,9.99,USD
901698,105587,free_trial,trialing,2026-02-15T11:29:37Z,0.0,USD
901698,105587,annual,active,2026-02-26 06:29:37,79.99,USD
901699,104447,free_trial,trialing,2025-09-06T08:53:26Z,0.0,USD
901700,106151,free_trial,trialing,2025-12-30T22:34:14Z,0.0,USD
901700,106151,monthly,active,2026-01-10 17:34:14,9.99,USD
901700,106151,monthly,canceled,2026-04-09T22:34:14Z,9.99,USD
901701,105323,annual,active,2026-01-26T14:10:54Z,79.99,USD
901702,103663,annual,active,2026-02-14 09:01:22,79.99,USD
901703,103597,monthly,active,2026-01-30T15:52:34Z,9.99,USD
901703,103597,monthly,canceled,2026-02-14T15:52:34Z,9.99,USD
901704,105952,monthly,active,2025-12-27T15:58:26Z,9.99,USD
901704,105952,monthly,canceled,2026-01-14T15:58:26Z,9.99,USD
901705,103588,monthly,active,2026-01-27T23:07:16Z,9.99,USD
901706,102794,annual,active,2026-01-24 01:54:50,79.99,USD
901707,106038,annual,active,2025-07-22T21:49:00Z,79.99,USD
901708,102477,free_trial,trialing,2025-11-11T14:18:07Z,0.0,USD
901708,102477,annual,active,2025-11-21T14:18:07Z,79.99,USD
901709,107936,monthly,active,2025-09-28T00:36:24Z,9.99,USD
901710,101356,monthly,active,2025-09-15T06:51:33Z,9.99,USD
901710,101356,monthly,canceled,2025-10-26T06:51:33Z,9.99,USD
901711,106777,monthly,active,2025-07-27T16:49:14Z,9.99,USD
901711,106777,monthly,canceled,2025-12-08T16:49:14Z,9.99,USD
901712,106535,free_trial,trialing,2025-10-30T23:17:40Z,0.0,USD
901712,106535,free_trial,expired,2025-11-11T23:17:40Z,0.0,USD
901713,100568,monthly,active,2025-11-19T15:45:40Z,9.99,USD
901714,103450,monthly,active,2025-12-29T07:24:56Z,9.99,USD
901715,102618,monthly,active,2025-09-05 17:08:56,9.99,USD
901715,102618,monthly,expired,2025-11-25T22:08:56Z,9.99,USD
901716,106066,monthly,active,2025-08-02T13:16:40Z,9.99,USD
901717,101298,monthly,active,2026-02-02T07:54:30Z,9.99,USD
901717,101298,monthly,canceled,2026-02-22 02:54:30,9.99,USD
901718,100795,annual,active,2025-11-23T18:31:18Z,79.99,USD
901719,103229,annual,active,2025-08-06T05:24:07Z,79.99,USD
901719,103229,annual,expired,2025-10-29T05:24:07Z,79.99,USD
901720,103475,monthly,active,2025-11-03T01:15:40Z,9.99,USD
901721,102439,annual,active,2025-08-02T20:22:40Z,79.99,USD
901721,102439,annual,canceled,2025-09-02T20:22:40Z,79.99,USD
901722,104856,free_trial,trialing,2025-12-14T21:33:47Z,0.0,USD
901722,104856,annual,active,2025-12-19T21:33:47Z,79.99,USD
901722,104856,annual,canceled,2026-02-04T21:33:47Z,79.99,USD
901723,101578,annual,active,2025-08-29 15:03:06,79.99,USD
901723,101578,annual,canceled,2025-10-29 15:03:06,79.99,USD
901724,103776,free_trial,trialing,2025-12-02T17:47:15Z,0.0,USD
901724,103776,free_trial,expired,2025-12-09T17:47:15Z,0.0,USD
901725,105593,free_trial,trialing,2026-01-03T11:40:42Z,0.0,USD
901725,105593,annual,active,2026-01-14T11:40:42Z,79.99,USD
901725,105593,annual,canceled,2026-03-21 06:40:42,79.99,USD
901726,100164,free_trial,trialing,2025-11-06T01:28:29Z,0.0,USD
901726,100164,free_trial,expired,2025-11-19T01:28:29Z,0.0,USD
901727,107213,monthly,active,2025-07-22T08:44:01Z,9.99,USD
901728,105945,monthly,active,2025-09-07T13:38:23Z,9.99,USD
901729,355971,annual,active,2026-01-18T14:34:00Z,79.99,USD
901729,355971,annual,canceled,2026-04-06T14:34:00Z,79.99,USD
901730,102917,monthly,active,2025-11-12T18:10:06Z,9.99,USD
901730,102917,monthly,canceled,2026-02-27 13:10:06,9.99,USD
901731,106247,monthly,active,2025-12-17T04:58:16Z,9.99,USD
901731,106247,monthly,canceled,2026-01-17T04:58:16Z,9.99,USD
901732,106327,monthly,active,2025-11-07T16:49:55Z,9.99,USD
901733,103030,monthly,active,2025-08-31T18:50:59Z,9.99,USD
901734,101935,annual,active,2026-01-26T17:51:16Z,79.99,USD
901735,103265,monthly,active,2025-09-21T15:32:56Z,9.99,USD
901735,103265,monthly,canceled,2026-01-18T15:32:56Z,9.99,USD
901736,104372,free_trial,trialing,2025-07-27T21:42:37Z,0.0,USD
901736,104372,monthly,active,2025-08-10T21:42:37Z,9.99,EUR
901737,102196,annual,active,2026-02-05T05:22:46Z,79.99,USD
901738,106563,annual,active,2025-07-05 22:06:33,79.99,USD
901739,106362,monthly,active,2026-01-08T23:03:53Z,9.99,USD
901740,102645,monthly,active,2025-10-26T09:14:01Z,9.99,USD
901740,102645,monthly,canceled,2026-03-18T09:14:01Z,9.99,USD
901741,100624,annual,active,2025-09-07T12:08:35Z,79.99,USD
901742,104156,monthly,active,2025-11-03T12:20:10Z,9.99,USD
901743,105095,monthly,active,2025-12-06T01:52:42Z,9.99,USD
901744,105705,free_trial,trialing,2026-01-05T03:08:22Z,0.0,USD
901744,105705,monthly,active,2026-01-11T03:08:22Z,9.99,USD
901745,102629,free_trial,trialing,2025-07-24T19:35:58Z,0.0,USD
901745,102629,free_trial,expired,2025-08-01T19:35:58Z,0.0,USD
901746,101789,free_trial,trialing,2025-12-27T22:55:10Z,0.0,USD
901746,101789,free_trial,expired,2026-01-08T22:55:10Z,0.0,USD
901747,101967,monthly,active,2026-01-10T10:56:06Z,9.99,USD
901747,101967,monthly,expired,2026-03-31T10:56:06Z,9.99,USD
901748,103929,monthly,active,2025-11-10T06:15:54Z,9.99,USD
901749,101937,free_trial,trialing,2025-07-12T23:18:04Z,0.0,USD
901749,101937,free_trial,expired,2025-07-23T23:18:04Z,0.0,USD
901750,100708,annual,active,2026-01-23T08:24:59Z,79.99,USD
901750,100708,annual,canceled,2026-03-30T08:24:59Z,79.99,USD
901751,104433,free_trial,trialing,2026-01-07T21:55:58Z,0.0,USD
901752,102117,monthly,active,2025-09-15T12:01:45Z,9.99,USD
901753,107796,free_trial,trialing,2025-08-23 02:05:51,0.0,USD
901753,107796,annual,active,2025-08-26T07:05:51Z,79.99,USD
901753,107796,annual,canceled,2025-10-26T07:05:51Z,79.99,USD
901754,104662,monthly,active,2025-12-22 15:55:51,9.99,USD
901755,102948,monthly,active,2026-02-05T21:30:14Z,9.99,USD
901756,100436,free_trial,trialing,2025-12-10 03:17:56,0.0,USD
901756,100436,annual,active,2025-12-21T08:17:56Z,79.99,USD
901756,100436,annual,canceled,2026-03-27T08:17:56Z,79.99,EUR
901757,100933,monthly,active,2026-01-07T19:27:38Z,9.99,USD
901757,100933,monthly,expired,2026-05-06T19:27:38Z,9.99,USD
901758,103672,monthly,active,2026-01-19T21:50:26Z,9.99,USD
901758,103672,monthly,canceled,2026-06-08T21:50:26Z,9.99,USD
901759,105962,free_trial,trialing,2025-12-31T09:45:08Z,0.0,USD
901759,105962,free_trial,expired,2026-01-08T09:45:08Z,0.0,USD
901760,107738,free_trial,trialing,2025-07-21T19:05:36Z,0.0,USD
901760,107738,free_trial,expired,2025-07-31T19:05:36Z,0.0,USD
901761,100732,free_trial,trialing,2025-09-12T10:36:53Z,0.0,USD
901761,100732,free_trial,expired,2025-09-22T10:36:53Z,0.0,USD
901762,100716,monthly,active,2025-09-06 02:35:50,9.99,USD
901763,105382,monthly,active,2026-02-12T07:54:15Z,9.99,USD
901764,106227,free_trial,trialing,2026-01-16T13:51:31Z,0.0,USD
901764,106227,annual,active,2026-01-23 08:51:31,79.99,USD
901765,104587,free_trial,trialing,2026-01-19T18:52:19Z,0.0,USD
901765,104587,free_trial,expired,2026-01-28T18:52:19Z,0.0,USD
901766,102538,monthly,active,2025-10-10T00:45:02Z,9.99,USD
901767,101143,free_trial,trialing,2025-08-17T14:20:31Z,0.0,USD
901767,101143,annual,active,2025-08-22T14:20:31Z,79.99,USD
901768,105059,annual,active,2026-01-09T08:21:48Z,79.99,USD
901769,107552,monthly,active,2026-02-17T05:01:17Z,9.99,USD
901769,107552,monthly,canceled,2026-03-30 00:01:17,9.99,USD
901770,103925,monthly,active,2025-12-23T17:59:44Z,9.99,USD
901771,101419,monthly,active,2025-10-02T18:20:16Z,9.99,USD
901772,102086,annual,active,2025-07-07T11:00:55Z,79.99,USD
901773,100758,free_trial,trialing,2025-10-12T10:59:09Z,0.0,USD
901773,100758,annual,active,2025-10-21T10:59:09Z,79.99,USD
901774,107120,monthly,active,2025-11-24T02:24:55Z,9.99,USD
901775,103971,annual,active,2026-01-23T22:39:41Z,79.99,USD
901775,103971,annual,canceled,2026-05-12T22:39:41Z,79.99,USD
901776,101374,monthly,active,2026-01-28T15:49:40Z,9.99,USD
901776,101374,monthly,canceled,2026-05-21T15:49:40Z,9.99,USD
901777,105712,monthly,active,2025-10-10T06:09:02Z,9.99,USD
901778,107996,annual,active,2026-01-16T09:24:01Z,79.99,USD
901779,101436,monthly,active,2026-01-12 13:58:38,9.99,USD
901779,101436,monthly,canceled,2026-06-11 13:58:38,9.99,USD
901780,104210,monthly,active,2025-10-07T11:12:13Z,9.99,USD
901781,105771,monthly,active,2025-10-18T13:55:08Z,9.99,USD
901781,105771,monthly,expired,2026-04-10T13:55:08Z,9.99,USD
901782,106120,free_trial,trialing,2025-11-08T11:49:31Z,0.0,USD
901782,106120,free_trial,expired,2025-11-21T11:49:31Z,0.0,USD
901783,107395,free_trial,trialing,2026-01-11T11:08:14Z,0.0,USD
901783,107395,annual,active,2026-01-14T11:08:14Z,79.99,USD
901783,107395,annual,canceled,2026-03-02T11:08:14Z,79.99,USD
901784,104394,free_trial,trialing,2025-12-06T16:51:02Z,0.0,USD
901784,104394,annual,active,2025-12-20T16:51:02Z,79.99,USD
901785,105854,monthly,active,2026-02-07T11:33:55Z,9.99,USD
901785,105854,monthly,canceled,2026-02-26T11:33:55Z,9.99,USD
901786,106481,monthly,active,2025-07-22T02:35:02Z,9.99,USD
901786,106481,monthly,expired,2025-11-04T02:35:02Z,9.99,USD
901787,107738,free_trial,trialing,2025-11-13 20:35:37,0.0,USD
901787,107738,annual,active,2025-11-23T01:35:37Z,79.99,USD
901788,102212,monthly,active,2025-08-08T22:05:40Z,9.99,USD
901789,104471,free_trial,trialing,2026-01-12T20:14:00Z,0.0,USD
901789,104471,monthly,active,2026-01-20T20:14:00Z,9.99,USD
901790,103284,monthly,active,2025-11-30T16:14:11Z,9.99,USD
901791,100932,annual,active,2025-10-26T15:18:03Z,79.99,USD
901792,105999,annual,active,2025-07-18T05:42:00Z,79.99,USD
901793,104280,monthly,active,2025-11-26T06:28:01Z,9.99,USD
901794,107062,monthly,active,2026-01-22 17:11:44,9.99,USD
901795,103522,free_trial,trialing,2026-01-03 02:54:21,0.0,USD
901795,103522,free_trial,expired,2026-01-14T07:54:21Z,0.0,USD
901796,101522,annual,active,2025-09-01T08:41:08Z,79.99,USD
901797,104031,monthly,active,2025-07-10T08:03:24Z,9.99,USD
901798,104675,annual,active,2025-09-23T04:40:01Z,79.99,USD
901799,101058,monthly,active,2025-07-16T07:03:02Z,9.99,USD
901799,101058,monthly,canceled,2025-12-13T07:03:02Z,9.99,USD
901800,106354,free_trial,trialing,2025-10-18T07:15:26Z,0.0,USD
901800,106354,free_trial,expired,2025-10-27T07:15:26Z,0.0,USD
901801,107904,annual,active,2025-09-14T10:16:29Z,79.99,USD
901801,107904,annual,canceled,2025-11-01T10:16:29Z,79.99,USD
901802,103420,monthly,active,2026-01-09T18:15:19Z,9.99,USD
901802,103420,monthly,canceled,2026-05-02T18:15:19Z,9.99,EUR
901803,106221,annual,active,2025-07-20T13:50:56Z,79.99,USD
901804,103905,monthly,active,2025-11-04T20:53:06Z,9.99,USD
901805,105912,monthly,active,2025-12-14T05:43:01Z,9.99,USD
901806,106806,free_trial,trialing,2025-08-26T18:16:02Z,0.0,USD
901806,106806,free_trial,expired,2025-09-09T18:16:02Z,0.0,USD
901807,105956,free_trial,trialing,2025-08-23 00:47:56,0.0,USD
901807,105956,free_trial,expired,2025-09-03T05:47:56Z,0.0,USD
901808,100120,monthly,active,2025-09-25T20:54:10Z,9.99,USD
901809,100156,annual,active,2026-01-07T22:32:12Z,79.99,USD
901809,100156,annual,expired,2026-02-09T22:32:12Z,79.99,USD
901810,102864,free_trial,trialing,2026-02-12T17:26:56Z,0.0,USD
901811,107730,annual,active,2026-01-11T22:45:41Z,79.99,USD
901811,107730,annual,canceled,2026-02-23 17:45:41,79.99,USD
901812,102235,monthly,active,2025-11-23T08:26:08Z,9.99,USD
901812,102235,monthly,expired,2026-05-06T08:26:08Z,9.99,USD
901813,100409,free_trial,trialing,2025-08-23T23:45:54Z,0.0,USD
901813,100409,free_trial,expired,2025-09-04 18:45:54,0.0,USD
901814,107993,annual,active,2026-02-18T15:22:41Z,79.99,USD
901815,102164,monthly,active,2025-12-23T00:10:34Z,9.99,USD
901816,103796,free_trial,trialing,2025-12-15T03:53:29Z,0.0,USD
901816,103796,annual,active,2025-12-29T03:53:29Z,79.99,USD
901816,103796,annual,canceled,2026-04-19 22:53:29,79.99,USD
901817,103156,monthly,active,2025-08-30T13:47:07Z,9.99,USD
901817,103156,monthly,expired,2026-01-27 08:47:07,9.99,USD
901818,101116,monthly,active,2025-12-26T04:28:47Z,9.99,USD
901819,103657,free_trial,trialing,2025-07-31T03:35:46Z,0.0,USD
901819,103657,free_trial,expired,2025-08-08T03:35:46Z,0.0,USD
901820,101128,annual,active,2025-07-25 20:38:19,79.99,USD
901820,101128,annual,canceled,2025-10-19T01:38:19Z,79.99,USD
901821,106797,monthly,active,2025-08-15 09:19:26,9.99,USD
901822,104162,monthly,active,2025-12-19T22:37:07Z,9.99,USD
901822,104162,monthly,canceled,2026-03-07 17:37:07,9.99,EUR
901823,332190,monthly,active,2025-09-22T18:58:07Z,9.99,USD
901823,332190,monthly,canceled,2025-11-24T18:58:07Z,9.99,USD
901824,107219,annual,active,2025-08-31T19:30:02Z,79.99,USD
901825,102369,monthly,active,2025-07-05 08:37:49,9.99,USD
901826,106922,free_trial,trialing,2025-10-27T13:08:23Z,0.0,USD
901826,106922,free_trial,expired,2025-11-08T13:08:23Z,0.0,USD
901827,101900,monthly,active,2025-11-20T10:38:18Z,9.99,USD
901828,102683,monthly,active,2025-12-25 02:08:51,9.99,USD
901829,105005,free_trial,trialing,2025-07-10T04:16:10Z,0.0,USD
901829,105005,free_trial,expired,2025-07-07T04:16:10Z,0.0,USD
901830,101987,annual,active,2025-11-04 16:10:06,79.99,USD
901830,101987,annual,expired,2025-12-18T21:10:06Z,79.99,USD
901831,104219,monthly,active,2026-02-10T18:52:49Z,9.99,USD
901832,101551,monthly,active,2026-01-23 09:13:50,9.99,USD
901833,102546,free_trial,trialing,2025-07-23T09:16:40Z,0.0,USD
901833,102546,free_trial,expired,2025-08-04T09:16:40Z,0.0,USD
901834,102241,monthly,active,2025-10-20T23:07:55Z,9.99,USD
901834,102241,monthly,canceled,2025-11-30T23:07:55Z,9.99,USD
901835,101683,free_trial,trialing,2025-10-15T22:39:28Z,0.0,USD
901835,101683,monthly,active,2025-10-25T22:39:28Z,9.99,USD
901836,107792,free_trial,trialing,2025-11-08T15:35:58Z,0.0,USD
901836,107792,monthly,active,2025-11-17T15:35:58Z,9.99,USD
901836,107792,monthly,canceled,2025-12-10T15:35:58Z,9.99,USD
901837,105176,monthly,active,2025-12-14T05:01:27Z,9.99,USD
901838,105613,annual,active,2025-12-01T12:07:14Z,79.99,USD
901838,105613,annual,canceled,2025-11-14T12:07:14Z,79.99,USD
901839,107793,monthly,active,2025-11-13T17:01:52Z,9.99,USD
901839,107793,monthly,canceled,2026-02-19T17:01:52Z,9.99,USD
901840,106277,monthly,active,2025-09-16T11:20:20Z,9.99,USD
901840,106277,monthly,canceled,2026-01-18T11:20:20Z,9.99,USD
901841,107653,monthly,active,2025-12-30T14:24:57Z,9.99,USD
901841,107653,monthly,canceled,2026-04-26T14:24:57Z,9.99,USD
901842,107700,free_trial,trialing,2025-12-02T08:31:11Z,0.0,USD
901842,107700,annual,active,2025-12-11T08:31:11Z,79.99,USD
901843,104637,annual,active,2025-09-14T23:00:15Z,79.99,USD
901844,105106,free_trial,trialing,2025-08-11T16:00:32Z,0.0,USD
901844,105106,free_trial,expired,2025-08-22T16:00:32Z,0.0,USD
901845,103723,monthly,active,2025-07-09T16:21:50Z,9.99,USD
901846,103791,monthly,active,2026-02-08T14:12:53Z,9.99,USD
901847,107964,free_trial,trialing,2025-10-23T18:39:19Z,0.0,USD
901847,107964,free_trial,expired,2025-11-06 13:39:19,0.0,USD
901848,101220,free_trial,trialing,2026-01-27 13:24:38,0.0,USD
901848,101220,monthly,active,2026-02-02T18:24:38Z,9.99,USD
901849,105124,monthly,active,2025-12-02T18:28:54Z,9.99,USD
901849,105124,monthly,canceled,2026-04-19 13:28:54,9.99,USD
901850,101704,monthly,active,2025-11-28T22:58:39Z,9.99,USD
901851,101049,monthly,active,2025-12-16T13:42:07Z,9.99,USD
901852,105809,annual,active,2025-07-27T18:07:11Z,79.99,USD
901853,104392,annual,active,2026-01-19T23:01:59Z,79.99,USD
901854,103808,monthly,active,2025-08-04T20:34:01Z,9.99,USD
901855,100219,monthly,active,2025-12-12T03:08:58Z,9.99,USD
901855,100219,monthly,canceled,2026-04-15T03:08:58Z,9.99,USD
901856,104423,monthly,active,2025-11-16T09:23:21Z,9.99,USD
901857,102825,free_trial,trialing,2025-11-22T20:59:22Z,0.0,USD
901857,102825,free_trial,expired,2025-12-04 15:59:22,0.0,USD
901858,103752,annual,active,2026-02-01T05:37:35Z,79.99,USD
901858,103752,annual,canceled,2026-06-24T05:37:35Z,79.99,USD
901859,102489,annual,active,2025-08-08T20:48:37Z,79.99,USD
901859,102489,annual,canceled,2025-09-11T20:48:37Z,79.99,GBP
901860,102223,monthly,active,2025-12-23T20:51:32Z,9.99,USD
901861,107671,monthly,active,2025-10-22 01:18:33,9.99,USD
901862,101069,monthly,active,2026-01-14T16:13:36Z,9.99,USD
901862,101069,monthly,canceled,2026-05-11 11:13:36,9.99,USD
901863,103108,free_trial,trialing,2025-09-24 08:33:13,0.0,USD
901863,103108,free_trial,expired,2025-10-03T13:33:13Z,0.0,USD
901864,102268,annual,active,2026-01-23 17:11:40,79.99,USD
901864,102268,annual,canceled,2026-02-23T22:11:40Z,79.99,USD
901865,103753,monthly,active,2025-12-31T10:58:54Z,9.99,USD
901866,101384,monthly,active,2025-08-30T03:25:16Z,9.99,USD
901867,106962,free_trial,trialing,2025-08-27T06:03:35Z,0.0,USD
901867,106962,monthly,active,2025-09-03T06:03:35Z,9.99,USD
901867,106962,monthly,canceled,2025-11-19 01:03:35,9.99,USD
901868,100194,annual,active,2025-07-09T18:51:41Z,79.99,USD
901869,345300,free_trial,trialing,2026-01-05T07:38:31Z,0.0,USD
901869,345300,annual,active,2026-01-17T07:38:31Z,79.99,USD
901869,345300,annual,canceled,2026-02-22T07:38:31Z,79.99,USD
901870,105034,monthly,active,2026-01-26 05:29:39,9.99,USD
901871,106529,monthly,active,2025-10-07T02:26:32Z,9.99,USD
901871,106529,monthly,canceled,2025-12-27T02:26:32Z,9.99,USD
901872,105549,monthly,active,2026-01-19T12:37:21Z,9.99,USD
901873,101670,monthly,active,2026-01-04 02:45:10,9.99,USD
901874,106794,monthly,active,2026-01-22T19:34:14Z,9.99,USD
901875,102548,monthly,active,2025-08-11 23:04:02,9.99,USD
901876,106440,free_trial,trialing,2026-02-06T13:38:17Z,0.0,USD
901877,102198,monthly,active,2025-10-24T19:02:18Z,9.99,USD
901878,100780,free_trial,trialing,2026-02-11T00:14:45Z,0.0,USD
901878,100780,monthly,active,2026-02-22T00:14:45Z,9.99,USD
901879,103836,monthly,active,2026-01-23T07:01:07Z,9.99,USD
901879,103836,monthly,expired,2026-04-26T07:01:07Z,9.99,USD
901880,103631,annual,active,2025-12-11T09:41:58Z,79.99,USD
901881,102310,monthly,active,2025-08-25 04:02:31,9.99,USD
901881,102310,monthly,expired,2025-12-01 04:02:31,9.99,USD
901882,102581,monthly,active,2025-09-25T08:04:18Z,9.99,USD
901883,105531,annual,active,2025-12-15T13:02:55Z,79.99,USD
901884,106282,monthly,active,2025-10-07T15:18:59Z,9.99,USD
901884,106282,monthly,canceled,2026-02-16T15:18:59Z,9.99,USD
901885,105691,monthly,active,2025-11-26T21:41:51Z,9.99,USD
901886,105365,monthly,active,2026-01-12 22:03:57,9.99,USD
901887,103786,monthly,active,2025-11-22T19:15:46Z,9.99,USD
901887,103786,monthly,expired,2026-05-11T19:15:46Z,9.99,USD
901888,106507,free_trial,trialing,2025-12-23T15:18:32Z,0.0,USD
901889,105220,monthly,active,2025-07-21T19:40:55Z,9.99,USD
901890,104363,monthly,active,2025-12-18T08:12:24Z,9.99,USD
901891,100227,annual,active,2026-02-02T06:23:49Z,79.99,USD
901891,100227,annual,expired,2026-03-01T06:23:49Z,79.99,USD
901892,104533,monthly,active,2025-12-01T09:53:07Z,9.99,USD
901893,107901,monthly,active,2025-10-29T08:38:54Z,9.99,USD
901893,107901,monthly,canceled,2026-01-15T08:38:54Z,9.99,EUR
901894,100072,annual,active,2025-12-25T04:53:16Z,79.99,USD
901894,100072,annual,canceled,2025-12-10T04:53:16Z,79.99,USD
901895,105867,monthly,active,2025-10-28T13:37:25Z,9.99,USD
901896,106756,monthly,active,2025-10-30 20:01:25,9.99,USD
901897,107374,free_trial,trialing,2025-12-28 18:30:34,0.0,USD
901898,104035,free_trial,trialing,2025-08-23T11:49:25Z,0.0,USD
901898,104035,monthly,active,2025-09-04T11:49:25Z,9.99,USD
901898,104035,monthly,canceled,2025-12-22T11:49:25Z,9.99,USD
901899,106341,annual,active,2025-09-19T07:57:38Z,79.99,USD
901900,100540,monthly,active,2025-09-03T21:31:00Z,9.99,USD
901901,100541,annual,active,2025-07-04 21:46:42,79.99,USD
901902,107549,monthly,active,2025-11-17T01:37:19Z,9.99,USD
901902,107549,monthly,canceled,2026-02-27T01:37:19Z,9.99,USD
901903,104835,annual,active,2026-01-02T05:03:32Z,79.99,USD
901904,106495,annual,active,2025-08-24T01:38:52Z,79.99,USD
901905,103081,monthly,active,2025-08-02T02:10:53Z,9.99,USD
901905,103081,monthly,canceled,2025-12-10T02:10:53Z,9.99,USD
901906,104531,free_trial,trialing,2025-11-06 03:19:06,0.0,USD
901906,104531,monthly,active,2025-11-15T08:19:06Z,9.99,USD
901907,100914,free_trial,trialing,2026-01-26 09:49:26,0.0,USD
901907,100914,annual,active,2026-01-31T14:49:26Z,79.99,USD
901908,102162,monthly,active,2026-01-27T15:03:56Z,9.99,USD
901909,107188,monthly,active,2025-12-30T20:32:34Z,9.99,USD
901910,107530,monthly,active,2025-07-28T08:01:19Z,9.99,USD
901910,107530,monthly,canceled,2025-11-11T08:01:19Z,9.99,USD
901911,100987,monthly,active,2025-12-09T10:19:03Z,9.99,USD
901911,100987,monthly,canceled,2026-03-21T10:19:03Z,9.99,USD
901912,100005,annual,active,2026-01-05T18:39:27Z,79.99,USD
901912,100005,annual,expired,2026-03-28T18:39:27Z,79.99,USD
901913,104282,monthly,active,2026-01-17T17:06:42Z,9.99,USD
901914,106790,free_trial,trialing,2025-09-26T19:36:42Z,0.0,USD
901914,106790,monthly,active,2025-10-06T19:36:42Z,9.99,USD
901914,106790,monthly,canceled,2025-09-24T19:36:42Z,9.99,USD
901915,104954,free_trial,trialing,2026-02-11T02:24:14Z,0.0,USD
901915,104954,free_trial,expired,2026-02-19T02:24:14Z,0.0,USD
901916,100576,free_trial,trialing,2025-08-31T04:41:40Z,0.0,USD
901916,100576,monthly,active,2025-09-10T04:41:40Z,9.99,USD
901917,102069,free_trial,trialing,2025-08-20T08:28:44Z,0.0,USD
901917,102069,free_trial,expired,2025-08-28 03:28:44,0.0,USD
901918,379190,annual,active,2025-09-05T23:09:57Z,79.99,USD
901918,379190,annual,expired,2026-02-20T23:09:57Z,79.99,USD
901919,105329,monthly,active,2025-08-23T02:18:51Z,9.99,USD
901920,107115,annual,active,2025-08-15 06:14:51,79.99,USD
901920,107115,annual,canceled,2025-10-22T11:14:51Z,79.99,USD
901921,101166,annual,active,2025-07-14T05:36:08Z,79.99,USD
901922,105406,annual,active,2025-08-18T18:58:44Z,79.99,USD
901922,105406,annual,canceled,2025-11-12T18:58:44Z,79.99,USD
901923,105429,free_trial,trialing,2025-12-13T19:30:54Z,0.0,USD
901923,105429,free_trial,expired,2025-12-24T19:30:54Z,0.0,USD
901924,103799,monthly,active,2025-10-18T23:16:11Z,9.99,USD
901925,104605,free_trial,trialing,2026-02-06T11:50:04Z,0.0,USD
901925,104605,annual,active,2026-02-16T11:50:04Z,79.99,USD
901925,104605,annual,canceled,2026-06-14T11:50:04Z,79.99,USD
901926,102726,monthly,active,2026-01-18T19:33:54Z,9.99,USD
901927,107916,monthly,active,2026-01-11T15:12:46Z,9.99,USD
901928,104213,monthly,active,2025-12-21T19:46:40Z,9.99,USD
901929,107296,annual,active,2025-08-14T22:17:18Z,79.99,USD
901930,107405,annual,active,2025-08-09T11:00:11Z,79.99,USD
901931,107909,free_trial,trialing,2025-10-01T06:01:19Z,0.0,USD
901931,107909,annual,active,2025-10-10T06:01:19Z,79.99,USD
901932,103969,free_trial,trialing,2026-01-28T10:53:11Z,0.0,USD
901932,103969,annual,active,2026-02-11T10:53:11Z,79.99,USD
901933,101680,annual,active,2025-12-14T13:23:37Z,79.99,USD
901934,102487,monthly,active,2025-12-06T15:38:05Z,9.99,USD
901935,106692,monthly,active,2025-10-11T22:05:50Z,9.99,USD
901935,106692,monthly,expired,2025-12-10T22:05:50Z,9.99,USD
901936,106570,monthly,active,2025-10-23 17:43:41,9.99,USD
901937,105494,free_trial,trialing,2025-12-10T15:58:28Z,0.0,USD
901937,105494,monthly,active,2025-12-24T15:58:28Z,9.99,USD
901938,393573,monthly,active,2025-08-04T03:28:20Z,9.99,USD
901939,104804,free_trial,trialing,2026-01-13T09:00:50Z,0.0,USD
901939,104804,annual,active,2026-01-24T09:00:50Z,79.99,USD
901939,104804,annual,canceled,2026-04-27T09:00:50Z,79.99,USD
901940,103221,monthly,active,2025-11-26T16:08:07Z,9.99,USD
901941,105014,free_trial,trialing,2025-12-30T04:26:52Z,0.0,USD
901941,105014,monthly,active,2026-01-03T04:26:52Z,9.99,USD
901942,101748,annual,active,2026-02-04T19:37:15Z,79.99,USD
901943,103079,annual,active,2025-11-30T14:05:06Z,79.99,USD
901944,104180,monthly,active,2025-12-31T06:12:13Z,9.99,USD
901945,107323,annual,active,2025-11-22T03:58:08Z,79.99,USD
901946,104373,monthly,active,2025-12-09T12:31:51Z,9.99,USD
901947,102491,monthly,active,2025-12-14 03:28:54,9.99,USD
901948,106426,monthly,active,2025-12-04T01:52:03Z,9.99,USD
901949,103062,free_trial,trialing,2025-07-29T11:40:18Z,0.0,USD
901949,103062,annual,active,2025-08-09T11:40:18Z,79.99,USD
901950,103078,annual,active,2025-07-26 04:04:30,79.99,USD
901951,103463,free_trial,trialing,2025-09-20T08:47:36Z,0.0,USD
901951,103463,annual,active,2025-09-23T08:47:36Z,79.99,USD
901952,106756,free_trial,trialing,2025-12-15T19:14:48Z,0.0,USD
901953,100682,monthly,active,2025-10-22T22:39:02Z,9.99,USD
901954,105365,free_trial,trialing,2025-09-01T15:03:56Z,0.0,USD
901954,105365,free_trial,expired,2025-09-13T15:03:56Z,0.0,USD
901955,100876,monthly,active,2025-11-19 12:45:58,9.99,USD
901955,100876,monthly,canceled,2025-12-04T17:45:58Z,9.99,USD
901956,101639,annual,active,2025-12-16T22:57:56Z,79.99,USD
901957,106383,free_trial,trialing,2025-11-22 13:11:47,0.0,USD
901957,106383,free_trial,expired,2025-12-06T18:11:47Z,0.0,USD
901958,104686,monthly,active,2025-09-06 19:35:13,9.99,USD
901958,104686,monthly,expired,2026-03-20T00:35:13Z,9.99,USD
901959,100170,free_trial,trialing,2026-02-08T07:11:12Z,0.0,USD
901959,100170,free_trial,expired,2026-02-21T07:11:12Z,0.0,USD
901960,101594,monthly,active,2026-01-05T05:18:20Z,9.99,USD
901960,101594,monthly,canceled,2026-04-14 00:18:20,9.99,USD
901961,100765,free_trial,trialing,2025-12-03T21:03:59Z,0.0,USD
901961,100765,free_trial,expired,2025-12-10T21:03:59Z,0.0,USD
901962,107769,annual,active,2026-02-02T08:44:08Z,79.99,USD
901962,107769,annual,canceled,2026-04-08T08:44:08Z,79.99,USD
901963,101561,free_trial,trialing,2026-02-16T07:16:19Z,0.0,USD
901963,101561,annual,active,2026-02-20T07:16:19Z,79.99,USD
901964,107802,annual,active,2025-10-01T09:34:03Z,79.99,USD
901964,107802,annual,canceled,2025-10-18T09:34:03Z,79.99,USD
901965,100116,annual,active,2025-08-11T09:45:51Z,79.99,USD
901965,100116,annual,canceled,2025-11-10T09:45:51Z,79.99,USD
901966,100521,monthly,active,2026-01-30 20:02:58,9.99,USD
901966,100521,monthly,canceled,2026-03-12T01:02:58Z,9.99,USD
901967,102568,monthly,active,2025-12-01T01:29:07Z,9.99,USD
901968,100044,monthly,active,2025-12-27T13:21:03Z,9.99,USD
901969,106238,monthly,active,2025-09-04T05:47:00Z,9.99,USD
901970,107750,monthly,active,2025-11-28T01:54:00Z,9.99,USD
901971,103369,monthly,active,2025-10-31T12:54:27Z,9.99,USD
901972,103434,monthly,active,2026-01-20T08:16:16Z,9.99,USD
901972,103434,monthly,canceled,2026-04-26T08:16:16Z,9.99,USD
901973,101977,monthly,active,2025-07-06T07:23:37Z,9.99,USD
901974,106979,monthly,active,2025-12-09T13:34:32Z,9.99,USD
901975,105593,monthly,active,2025-07-18 11:10:33,9.99,USD
901975,105593,monthly,expired,2025-08-22T16:10:33Z,9.99,USD
901976,101814,monthly,active,2025-11-07T00:12:31Z,9.99,USD
901977,104464,free_trial,trialing,2025-11-22 08:29:53,0.0,USD
901977,104464,free_trial,expired,2025-12-03T13:29:53Z,0.0,USD
901978,106830,monthly,active,2026-01-23T14:49:07Z,9.99,USD
901979,106640,annual,active,2025-09-04T01:32:23Z,79.99,USD
901980,100413,free_trial,trialing,2025-07-24T05:48:12Z,0.0,USD
901981,100453,free_trial,trialing,2025-07-27T14:28:14Z,0.0,USD
901981,100453,monthly,active,2025-08-09T14:28:14Z,9.99,USD
901982,102851,monthly,active,2025-10-02T03:37:55Z,9.99,USD
901983,104353,monthly,active,2025-10-10 04:23:49,9.99,USD
901983,104353,monthly,canceled,2025-11-12T09:23:49Z,9.99,USD
901984,100628,monthly,active,2026-02-10T20:00:37Z,9.99,USD
901985,102620,monthly,active,2025-11-07T16:51:24Z,9.99,USD
901985,102620,monthly,canceled,2026-02-09T16:51:24Z,9.99,USD
901986,102245,monthly,active,2025-08-04T18:22:14Z,9.99,USD
901987,107245,annual,active,2025-08-25T03:36:53Z,79.99,USD
901988,101492,monthly,active,2025-12-25T13:25:32Z,9.99,USD
901989,103374,monthly,active,2025-08-24T02:12:11Z,9.99,USD
901989,103374,monthly,canceled,2025-10-27T02:12:11Z,9.99,USD
901990,101320,annual,active,2025-08-02 07:50:53,79.99,USD
901991,101670,free_trial,trialing,2026-02-03T19:01:47Z,0.0,USD
901992,100628,monthly,active,2025-10-01 20:20:12,9.99,USD
901993,107099,annual,active,2025-09-28 02:47:45,79.99,USD
901994,101626,free_trial,trialing,2026-02-15T14:11:01Z,0.0,USD
901995,105669,monthly,active,2025-08-22T20:47:45Z,9.99,USD
901996,100299,monthly,active,2026-02-16T12:01:29Z,9.99,USD
901997,107146,monthly,active,2025-10-21T12:08:46Z,9.99,USD
901997,107146,monthly,canceled,2026-01-24T12:08:46Z,9.99,USD
901998,100656,monthly,active,2025-10-14T01:41:30Z,9.99,USD
901999,101150,monthly,active,2025-11-12T08:23:49Z,9.99,USD
902000,104187,monthly,active,2026-01-06T20:46:41Z,9.99,USD
902000,104187,monthly,canceled,2026-05-18T20:46:41Z,9.99,USD
902001,106863,annual,active,2026-01-28T19:30:02Z,79.99,USD
902001,106863,annual,canceled,2026-02-15T19:30:02Z,79.99,USD
902002,101160,annual,active,2025-12-30T22:03:57Z,79.99,USD
902002,101160,annual,canceled,2026-01-30 17:03:57,79.99,USD
902003,107310,monthly,active,2025-12-22T04:47:30Z,9.99,USD
902003,107310,monthly,canceled,2025-12-07T04:47:30Z,9.99,USD
902004,107539,free_trial,trialing,2025-11-11T19:07:48Z,0.0,USD
902004,107539,free_trial,expired,2025-11-18T19:07:48Z,0.0,USD
902005,103343,free_trial,trialing,2026-01-02T14:14:34Z,0.0,USD
902006,106335,free_trial,trialing,2025-08-13T15:12:44Z,0.0,USD
902006,106335,free_trial,expired,2025-08-22T15:12:44Z,0.0,USD
902007,104328,free_trial,trialing,2025-12-29T08:43:09Z,0.0,USD
902007,104328,free_trial,expired,2026-01-07T08:43:09Z,0.0,USD
902008,100444,free_trial,trialing,2026-01-28T04:27:02Z,0.0,USD
902008,100444,monthly,active,2026-02-04T04:27:02Z,9.99,USD
902008,100444,monthly,canceled,2026-03-16T04:27:02Z,9.99,USD
902009,107602,monthly,active,2025-12-04T10:07:47Z,9.99,USD
902009,107602,monthly,canceled,2026-02-04T10:07:47Z,9.99,USD
902010,103148,monthly,active,2025-09-04T21:36:58Z,9.99,USD
902011,107696,monthly,active,2025-12-30T16:12:22Z,9.99,USD
902012,105461,monthly,active,2025-11-11T15:25:08Z,9.99,USD
902013,106531,monthly,active,2025-08-30 11:23:59,9.99,USD
902014,101293,monthly,active,2025-12-04T21:57:50Z,9.99,USD
902015,106507,monthly,active,2025-11-30T05:15:16Z,9.99,USD
902015,106507,monthly,canceled,2026-03-22 00:15:16,9.99,USD
902016,104079,free_trial,trialing,2025-07-17T20:45:01Z,0.0,USD
902016,104079,free_trial,expired,2025-07-28T20:45:01Z,0.0,USD
902017,103867,free_trial,trialing,2026-01-05T23:12:01Z,0.0,USD
902017,103867,monthly,active,2026-01-11T23:12:01Z,9.99,USD
902018,100782,monthly,active,2025-09-10T15:07:11Z,9.99,USD
902018,100782,monthly,canceled,2025-12-03T15:07:11Z,9.99,USD
902019,106617,annual,active,2025-10-08T17:07:45Z,79.99,USD
902020,107284,monthly,active,2025-10-25T07:31:52Z,9.99,USD
902021,101221,monthly,active,2025-10-11T22:48:38Z,9.99,USD
902022,103634,monthly,active,2026-02-09T06:39:21Z,9.99,USD
902022,103634,monthly,canceled,2026-05-17T06:39:21Z,9.99,USD
902023,100643,annual,active,2025-11-26T10:58:07Z,79.99,USD
902024,102144,monthly,active,2025-07-25T21:15:11Z,9.99,USD
902025,103373,free_trial,trialing,2026-01-12T13:37:29Z,0.0,USD
902026,105369,free_trial,trialing,2025-12-11T12:59:06Z,0.0,USD
902026,105369,free_trial,expired,2025-12-19 07:59:06,0.0,USD
902027,101353,monthly,active,2025-12-21T00:49:39Z,9.99,USD
902027,101353,monthly,canceled,2026-04-19T00:49:39Z,9.99,USD
902028,102729,free_trial,trialing,2025-10-23 03:08:09,0.0,USD
902028,102729,free_trial,expired,2025-11-05T08:08:09Z,0.0,USD
902029,102129,monthly,active,2025-12-05T09:15:29Z,9.99,USD
902029,102129,monthly,expired,2026-04-03T09:15:29Z,9.99,USD
902030,103536,monthly,active,2025-08-27T10:19:34Z,9.99,USD
902031,103314,free_trial,trialing,2026-01-31 16:41:06,0.0,USD
902031,103314,annual,active,2026-02-06T21:41:06Z,79.99,USD
902032,105164,annual,active,2025-10-03T06:47:05Z,79.99,USD
902032,105164,annual,canceled,2025-12-20T06:47:05Z,79.99,USD
902033,100402,free_trial,trialing,2026-01-01T14:25:15Z,0.0,USD
902033,100402,monthly,active,2026-01-15T14:25:15Z,9.99,USD
902034,106399,monthly,active,2025-07-13 09:36:06,9.99,USD
902034,106399,monthly,canceled,2025-09-21T14:36:06Z,9.99,USD
902035,104345,free_trial,trialing,2025-10-27T06:43:46Z,0.0,USD
902035,104345,monthly,active,2025-11-08 01:43:46,9.99,USD
902035,104345,monthly,canceled,2026-01-29T06:43:46Z,9.99,USD
902036,105613,free_trial,trialing,2026-02-17T22:49:57Z,0.0,USD
902036,105613,monthly,active,2026-02-25T22:49:57Z,9.99,USD
902037,105133,monthly,active,2025-09-13 07:59:55,9.99,USD
902038,107610,free_trial,trialing,2025-10-03T13:09:25Z,0.0,USD
902038,107610,free_trial,expired,2025-10-15 08:09:25,0.0,USD
902039,100220,monthly,active,2025-11-23T00:40:56Z,9.99,USD
902040,105594,monthly,active,2025-08-06 17:58:38,9.99,USD
902041,100543,annual,active,2026-01-22 11:23:42,79.99,USD
902042,103628,free_trial,trialing,2025-09-07T02:24:28Z,0.0,USD
902043,102259,monthly,active,2025-09-05T19:49:08Z,9.99,USD
902044,107493,free_trial,trialing,2025-07-28T02:36:00Z,0.0,USD
902044,107493,annual,active,2025-08-11T02:36:00Z,79.99,USD
902045,101718,monthly,active,2026-02-09 15:33:43,9.99,USD
902046,103452,monthly,active,2025-09-30T21:04:51Z,9.99,USD
902046,103452,monthly,canceled,2025-11-20T21:04:51Z,9.99,USD
902047,100037,annual,active,2025-11-25T18:23:51Z,79.99,USD
902048,104845,free_trial,trialing,2025-12-02T17:33:05Z,0.0,USD
902049,106380,monthly,active,2025-11-13T05:38:03Z,9.99,USD
902049,106380,monthly,canceled,2026-02-09T05:38:03Z,9.99,USD
902050,105646,free_trial,trialing,2025-12-12T03:42:36Z,0.0,USD
902050,105646,free_trial,expired,2025-12-22 22:42:36,0.0,USD
902051,102235,annual,active,2025-07-24 20:30:24,79.99,USD
902052,105411,free_trial,trialing,2025-09-05T11:10:25Z,0.0,USD
902052,105411,annual,active,2025-09-19T11:10:25Z,79.99,USD
902053,104440,free_trial,trialing,2025-11-18 03:15:10,0.0,USD
902053,104440,annual,active,2025-11-28T08:15:10Z,79.99,USD
902054,107075,monthly,active,2025-09-10T15:25:01Z,9.99,USD
902055,101317,monthly,active,2026-02-01T03:49:38Z,9.99,USD
902056,102151,free_trial,trialing,2025-11-22T21:37:01Z,0.0,USD
902056,102151,free_trial,expired,2025-12-05T21:37:01Z,0.0,USD
902057,104549,free_trial,trialing,2025-08-10T01:16:12Z,0.0,USD
902057,104549,free_trial,expired,2025-08-18T01:16:12Z,0.0,USD
902058,103906,free_trial,trialing,2025-11-11T05:55:01Z,0.0,USD
902058,103906,free_trial,expired,2025-11-18T05:55:01Z,0.0,USD
902059,106927,monthly,active,2025-09-25T21:50:32Z,9.99,USD
902059,106927,monthly,canceled,2025-11-23T21:50:32Z,9.99,USD
902060,101513,monthly,active,2025-09-17T06:01:27Z,9.99,USD
902060,101513,monthly,canceled,2026-01-09 01:01:27,9.99,USD
902061,103830,annual,active,2025-07-05T08:10:10Z,79.99,USD
902062,104001,monthly,active,2025-07-06T07:12:56Z,9.99,USD
902062,104001,monthly,canceled,2025-11-21 02:12:56,9.99,USD
902063,106508,monthly,active,2025-07-22 06:55:16,9.99,USD
902064,101399,annual,active,2025-07-30T07:45:41Z,79.99,USD
902065,103115,monthly,active,2025-09-06T22:15:58Z,9.99,EUR
902066,107574,monthly,active,2025-09-16 11:39:28,9.99,USD
902067,101022,monthly,active,2025-08-09T22:53:02Z,9.99,USD
902068,104796,free_trial,trialing,2025-07-26T13:56:06Z,0.0,USD
902069,105313,monthly,active,2025-09-05T04:40:05Z,9.99,EUR
902070,107704,free_trial,trialing,2025-08-24T07:14:02Z,0.0,USD
902070,107704,annual,active,2025-08-29T07:14:02Z,79.99,USD
902071,105974,free_trial,trialing,2025-12-01T15:56:13Z,0.0,USD
902071,105974,free_trial,expired,2025-12-08 10:56:13,0.0,USD
902072,100462,monthly,active,2025-12-25T12:34:51Z,9.99,USD
902072,100462,monthly,canceled,2025-12-08T12:34:51Z,9.99,USD
902073,106884,monthly,active,2025-12-14T21:06:37Z,9.99,USD
902074,104757,annual,active,2025-10-17T09:58:20Z,79.99,USD
902075,104340,free_trial,trialing,2025-12-14T17:54:06Z,0.0,USD
902075,104340,monthly,active,2025-12-17T17:54:06Z,9.99,USD
902076,105486,free_trial,trialing,2025-11-27T13:13:25Z,0.0,USD
902076,105486,monthly,active,2025-12-03T13:13:25Z,9.99,USD
902077,105292,free_trial,trialing,2025-11-02 00:53:40,0.0,USD
902078,104140,monthly,active,2025-12-20T15:05:50Z,9.99,USD
902079,105469,annual,active,2025-09-12T19:41:10Z,79.99,USD
902079,105469,annual,canceled,2025-11-21T19:41:10Z,79.99,USD
902080,105950,monthly,active,2025-08-15T13:20:45Z,9.99,USD
902080,105950,monthly,canceled,2026-01-08 08:20:45,9.99,USD
902081,101021,monthly,active,2026-01-07 14:56:19,9.99,USD
902082,103458,monthly,active,2025-08-17T05:59:05Z,9.99,USD
902083,105809,free_trial,trialing,2025-08-21T07:44:06Z,0.0,USD
902083,105809,free_trial,expired,2025-09-02T07:44:06Z,0.0,USD
902084,103155,free_trial,trialing,2025-10-02T21:11:51Z,0.0,USD
902084,103155,monthly,active,2025-10-13T21:11:51Z,9.99,USD
902085,102252,free_trial,trialing,2025-12-22T18:38:33Z,0.0,USD
902086,107091,monthly,active,2025-07-18 11:51:14,9.99,GBP
902086,107091,monthly,canceled,2025-11-20T16:51:14Z,9.99,USD
902087,106634,monthly,active,2025-09-28T12:04:45Z,9.99,USD
902087,106634,monthly,canceled,2026-01-02T12:04:45Z,9.99,USD
902088,105851,free_trial,trialing,2025-12-01T14:01:52Z,0.0,USD
902088,105851,free_trial,expired,2025-12-13 09:01:52,0.0,USD
902089,100610,monthly,active,2025-10-02 18:03:06,9.99,USD
902089,100610,monthly,canceled,2025-12-11T23:03:06Z,9.99,USD
902090,107068,monthly,active,2025-11-18T15:00:10Z,9.99,USD
902090,107068,monthly,canceled,2026-03-19 10:00:10,9.99,USD
902091,107315,free_trial,trialing,2025-07-12 18:47:24,0.0,USD
902091,107315,free_trial,expired,2025-07-22T23:47:24Z,0.0,USD
902092,107697,monthly,active,2025-08-26T08:56:51Z,9.99,USD
902092,107697,monthly,canceled,2025-11-26T08:56:51Z,9.99,USD
902093,105537,annual,active,2025-09-30T09:51:35Z,79.99,USD
902093,105537,annual,canceled,2025-12-26T09:51:35Z,79.99,USD
902094,107134,free_trial,trialing,2025-07-26T02:10:00Z,0.0,USD
902094,107134,monthly,active,2025-08-02T02:10:00Z,9.99,USD
902094,107134,monthly,canceled,2025-11-14T02:10:00Z,9.99,USD
902095,103991,monthly,active,2025-08-21T06:01:24Z,9.99,USD
902095,103991,monthly,canceled,2025-12-29T06:01:24Z,9.99,USD
902096,104773,monthly,active,2026-02-13T20:49:32Z,9.99,USD
902097,100316,free_trial,trialing,2025-11-19 23:48:26,0.0,USD
902097,100316,annual,active,2025-12-03T04:48:26Z,79.99,USD
902098,103643,free_trial,trialing,2025-11-15T04:20:30Z,0.0,USD
902098,103643,free_trial,expired,2025-11-23T04:20:30Z,0.0,USD
902099,107863,monthly,active,2025-07-29 14:11:25,9.99,USD
902100,101538,annual,active,2025-08-17T06:12:03Z,79.99,USD
902101,106617,free_trial,trialing,2025-08-16T15:29:37Z,0.0,USD
902101,106617,free_trial,expired,2025-08-23T15:29:37Z,0.0,USD
902102,104341,monthly,active,2025-09-01T11:41:03Z,9.99,USD
902103,104409,free_trial,trialing,2026-02-03T23:08:51Z,0.0,USD
902103,104409,annual,active,2026-02-17T23:08:51Z,79.99,USD
902104,105134,monthly,active,2026-01-18T04:58:30Z,9.99,USD
902104,105134,monthly,canceled,2026-03-03T04:58:30Z,9.99,USD
902105,101910,monthly,active,2026-02-12T18:40:00Z,9.99,USD
902106,106327,free_trial,trialing,2026-02-05T03:33:28Z,0.0,USD
902106,106327,monthly,active,2026-02-11T03:33:28Z,9.99,USD
902106,106327,monthly,canceled,2026-06-02T03:33:28Z,9.99,USD
902107,103913,monthly,active,2026-02-07T02:20:24Z,9.99,USD
902107,103913,monthly,canceled,2026-06-18T02:20:24Z,9.99,USD
902108,378177,annual,active,2025-08-24T04:55:15Z,79.99,USD
902109,105422,free_trial,trialing,2025-11-14T14:21:52Z,0.0,USD
902109,105422,monthly,active,2025-11-24T14:21:52Z,9.99,USD
902110,102340,free_trial,trialing,2025-12-24T15:11:04Z,0.0,USD
902110,102340,monthly,active,2026-01-04T15:11:04Z,9.99,USD
902111,100778,free_trial,trialing,2025-11-13 03:36:07,0.0,USD
902111,100778,free_trial,expired,2025-11-23T08:36:07Z,0.0,USD
902112,107471,free_trial,trialing,2026-02-12T15:24:48Z,0.0,USD
902113,105892,monthly,active,2025-10-25T13:18:57Z,9.99,USD
902114,106483,monthly,active,2025-09-01T18:06:10Z,9.99,USD
902114,106483,monthly,canceled,2025-10-30T18:06:10Z,9.99,USD
902115,107352,free_trial,trialing,2025-10-05T15:13:10Z,0.0,USD
902115,107352,annual,active,2025-10-17T15:13:10Z,79.99,USD
902116,107254,monthly,active,2025-07-14T13:24:17Z,9.99,USD
902116,107254,monthly,canceled,2025-09-18T13:24:17Z,9.99,USD
902117,101439,annual,active,2026-01-18T01:04:43Z,79.99,USD
902117,101439,annual,canceled,2026-02-26T01:04:43Z,79.99,USD
902118,104626,annual,active,2025-08-19T22:13:00Z,79.99,USD
902118,104626,annual,expired,2026-01-08T22:13:00Z,79.99,USD
902119,104166,free_trial,trialing,2025-09-16T00:26:06Z,0.0,USD
902119,104166,monthly,active,2025-09-27T00:26:06Z,9.99,USD
902120,101298,monthly,active,2025-08-20T20:31:03Z,9.99,USD
902120,101298,monthly,expired,2026-02-04T20:31:03Z,9.99,USD
902121,103236,annual,active,2025-08-19T04:37:07Z,79.99,USD
902121,103236,annual,canceled,2025-08-01T04:37:07Z,79.99,USD
902122,100559,monthly,active,2025-12-24T21:41:41Z,9.99,USD
902122,100559,monthly,canceled,2026-04-27T21:41:41Z,9.99,USD
902123,105890,annual,active,2025-10-09T19:09:30Z,79.99,USD
902124,106724,monthly,active,2025-12-17T13:13:58Z,9.99,USD
902125,107971,monthly,active,2025-07-26T02:34:56Z,9.99,USD
902126,103403,monthly,active,2025-08-15T21:42:38Z,9.99,USD
902126,103403,monthly,canceled,2025-10-08T21:42:38Z,9.99,USD
902127,107156,monthly,active,2025-08-28T15:25:13Z,9.99,USD
902127,107156,monthly,canceled,2025-10-23T15:25:13Z,9.99,USD
902128,102673,monthly,active,2025-11-23T17:29:33Z,9.99,USD
902129,100845,monthly,active,2025-08-13T19:03:05Z,9.99,USD
902130,103764,monthly,active,2025-07-03 18:32:32,9.99,USD
902131,105915,monthly,active,2025-07-17T21:19:00Z,9.99,USD
902132,100728,monthly,active,2025-09-13T06:54:06Z,9.99,USD
902132,100728,monthly,canceled,2025-12-15T06:54:06Z,9.99,USD
902133,102367,monthly,active,2025-12-05T02:46:12Z,9.99,USD
902134,106072,annual,active,2025-12-23T17:10:19Z,79.99,USD
902134,106072,annual,canceled,2026-03-11 12:10:19,79.99,USD
902135,100409,annual,active,2025-10-24T08:40:26Z,79.99,USD
902135,100409,annual,canceled,2026-01-08 03:40:26,79.99,USD
902136,104624,free_trial,trialing,2026-02-15T03:17:17Z,0.0,USD
902136,104624,free_trial,expired,2026-02-27T03:17:17Z,0.0,USD
902137,103476,annual,active,2026-01-22T01:03:31Z,79.99,USD
902138,105148,monthly,active,2025-11-13 08:26:10,9.99,USD
902138,105148,monthly,canceled,2025-11-01 08:26:10,9.99,USD
902139,104243,monthly,active,2025-08-23T15:49:13Z,9.99,USD
902140,106184,monthly,active,2025-11-05T21:17:07Z,9.99,USD
902141,107369,annual,active,2025-10-09T07:32:45Z,79.99,USD
902142,103360,monthly,active,2025-12-14T12:42:45Z,9.99,USD
902143,102326,monthly,active,2025-11-06 23:58:14,9.99,USD
902143,102326,monthly,expired,2026-03-23T04:58:14Z,9.99,USD
902144,106289,monthly,active,2025-08-28T03:45:36Z,9.99,USD
902144,106289,monthly,canceled,2025-11-10T03:45:36Z,9.99,USD
902145,106795,monthly,active,2025-11-23T01:17:35Z,9.99,USD
902146,100518,free_trial,trialing,2025-12-14T18:01:24Z,0.0,USD
902146,100518,monthly,active,2025-12-23T18:01:24Z,9.99,USD
902147,104028,free_trial,trialing,2025-09-15 14:05:20,0.0,USD
902147,104028,annual,active,2025-09-19T19:05:20Z,79.99,USD
902148,101019,free_trial,trialing,2025-11-09T15:33:27Z,0.0,USD
902148,101019,annual,active,2025-11-16 10:33:27,79.99,USD
902148,101019,annual,canceled,2026-02-05T15:33:27Z,79.99,USD
902149,102588,monthly,active,2025-08-02T11:03:50Z,9.99,USD
902149,102588,monthly,canceled,2025-11-14 06:03:50,9.99,USD
902150,106488,annual,active,2025-08-24T13:07:43Z,79.99,USD
902151,105343,monthly,active,2025-12-06T02:50:38Z,9.99,USD
902152,105443,monthly,active,2025-10-20T03:17:01Z,9.99,USD
902153,105394,annual,active,2026-01-03T12:00:51Z,79.99,USD
902153,105394,annual,canceled,2026-04-08T12:00:51Z,79.99,USD
902154,106105,free_trial,trialing,2026-02-02T23:00:24Z,0.0,USD
902154,106105,free_trial,expired,2026-02-09T23:00:24Z,0.0,USD
902155,105196,monthly,active,2025-10-02T12:28:56Z,9.99,USD
902156,100549,monthly,active,2025-07-31 14:44:16,9.99,USD
902157,104377,free_trial,trialing,2025-12-09T21:13:24Z,0.0,USD
902157,104377,annual,active,2025-12-17T21:13:24Z,79.99,USD
902158,103633,monthly,active,2025-08-08T17:46:00Z,9.99,USD
902159,105357,free_trial,trialing,2025-09-01T00:51:30Z,0.0,USD
902159,105357,free_trial,expired,2025-09-13T00:51:30Z,0.0,USD
902160,107611,monthly,active,2026-02-18T11:36:21Z,9.99,USD
902161,100514,annual,active,2025-10-21T16:00:52Z,79.99,USD
902161,100514,annual,expired,2025-11-17 11:00:52,79.99,USD
902162,101221,free_trial,trialing,2025-07-08T01:59:13Z,0.0,USD
902162,101221,annual,active,2025-07-12T01:59:13Z,79.99,USD
902162,101221,annual,canceled,2025-08-06T01:59:13Z,79.99,USD
902163,106128,monthly,active,2026-02-11T11:15:53Z,9.99,USD
902164,107211,annual,active,2025-10-02T21:29:04Z,79.99,USD
902165,105773,free_trial,trialing,2025-08-23T11:17:08Z,0.0,USD
902166,106022,monthly,active,2025-10-11T01:17:10Z,9.99,USD
902166,106022,monthly,canceled,2026-01-05 20:17:10,9.99,USD
902167,106318,monthly,active,2026-02-10T13:36:21Z,9.99,USD
902168,105004,free_trial,trialing,2025-08-27T17:44:11Z,0.0,USD
902168,105004,annual,active,2025-09-04T17:44:11Z,79.99,USD
902169,103364,monthly,active,2026-01-03T20:03:41Z,9.99,USD
902170,104263,monthly,active,2025-09-09T15:43:56Z,9.99,USD
902171,101670,annual,active,2025-11-02T10:40:27Z,79.99,USD
902172,100094,monthly,active,2025-10-08T20:08:29Z,9.99,USD
902173,102581,annual,active,2025-10-17T00:00:27Z,79.99,USD
902174,101108,free_trial,trialing,2025-12-26T10:11:47Z,0.0,USD
902174,101108,free_trial,expired,2026-01-03T10:11:47Z,0.0,USD
902175,105362,free_trial,trialing,2026-01-13T02:47:15Z,0.0,USD
902176,107914,monthly,active,2025-12-01T12:15:09Z,9.99,USD
902177,100137,monthly,active,2026-02-14T17:35:37Z,9.99,USD
902178,100483,annual,active,2025-09-24T02:02:42Z,79.99,USD
902178,100483,annual,expired,2025-11-04T02:02:42Z,79.99,USD
902179,102645,annual,active,2025-10-16T01:43:04Z,79.99,USD
902180,103693,free_trial,trialing,2025-08-30T22:35:58Z,0.0,USD
902180,103693,free_trial,expired,2025-09-07T22:35:58Z,0.0,USD
902181,106440,monthly,active,2025-07-04T18:17:27Z,9.99,USD
902182,106589,monthly,active,2025-08-24T23:16:03Z,9.99,USD
902183,100828,monthly,active,2025-08-31T19:42:39Z,9.99,USD
902183,100828,monthly,canceled,2025-09-23T19:42:39Z,9.99,USD
902184,102332,free_trial,trialing,2025-09-28T20:03:45Z,0.0,USD
902184,102332,free_trial,expired,2025-10-11 15:03:45,0.0,USD
902185,104986,monthly,active,2026-02-09T10:07:45Z,9.99,USD
902186,106126,free_trial,trialing,2025-07-11T18:08:58Z,0.0,USD
902187,101960,free_trial,trialing,2025-11-26T01:22:39Z,0.0,USD
902188,101384,free_trial,trialing,2025-12-25T11:03:43Z,0.0,USD
902189,101485,free_trial,trialing,2025-11-12 14:44:32,0.0,USD
902189,101485,free_trial,expired,2025-11-24T19:44:32Z,0.0,USD
902190,104869,annual,active,2025-09-11T00:06:40Z,79.99,USD
902191,106083,monthly,active,2025-10-28T00:22:54Z,9.99,USD
902191,106083,monthly,canceled,2026-01-15T00:22:54Z,9.99,USD
902192,105982,monthly,active,2025-10-15T23:31:52Z,9.99,USD
902193,101349,monthly,active,2026-01-21T17:14:28Z,9.99,USD
902194,100151,annual,active,2025-12-16T19:40:45Z,79.99,USD
902194,100151,annual,canceled,2026-03-22T19:40:45Z,79.99,USD
902195,100118,free_trial,trialing,2025-08-06T00:09:25Z,0.0,USD
902195,100118,free_trial,expired,2025-08-16 19:09:25,0.0,USD
902196,103267,annual,active,2025-07-31T22:55:18Z,79.99,USD
902197,105040,monthly,active,2026-01-22T01:01:32Z,9.99,USD
902198,104357,monthly,active,2025-11-25 17:19:33,9.99,USD
902198,104357,monthly,expired,2026-05-11T22:19:33Z,9.99,USD
902199,104903,free_trial,trialing,2026-01-14T04:22:59Z,0.0,USD
902199,104903,annual,active,2026-01-28T04:22:59Z,79.99,USD
902200,101631,monthly,active,2025-10-12 02:43:07,9.99,USD
902200,101631,monthly,canceled,2025-09-25T07:43:07Z,9.99,USD
902201,100353,monthly,active,2025-12-13 13:30:24,9.99,USD
902202,104049,monthly,active,2025-08-14T17:55:09Z,9.99,USD
902203,101521,annual,active,2025-07-03T01:26:09Z,79.99,USD
902203,101521,annual,canceled,2025-09-10T01:26:09Z,79.99,USD
902204,104721,monthly,active,2025-08-18T09:09:47Z,9.99,USD
902205,101556,monthly,active,2025-10-30T14:20:38Z,9.99,USD
902206,104601,free_trial,trialing,2025-09-01 06:52:00,0.0,USD
902206,104601,free_trial,expired,2025-09-08T11:52:00Z,0.0,USD
902207,105372,free_trial,trialing,2025-07-22T17:29:45Z,0.0,USD
902207,105372,monthly,active,2025-07-25 12:29:45,9.99,USD
902208,103585,monthly,active,2025-10-05 05:44:58,9.99,USD
902208,103585,monthly,canceled,2025-12-19T10:44:58Z,9.99,USD
902209,100318,free_trial,trialing,2025-08-04T19:40:44Z,0.0,USD
902209,100318,annual,active,2025-08-13T19:40:44Z,79.99,USD
902209,100318,annual,canceled,2025-11-16T19:40:44Z,79.99,USD
902210,101204,free_trial,trialing,2025-12-16T13:12:53Z,0.0,USD
902210,101204,monthly,active,2025-12-29T13:12:53Z,9.99,USD
902211,105966,monthly,active,2026-01-18T08:01:28Z,9.99,USD
902212,106650,free_trial,trialing,2025-09-29T08:56:22Z,0.0,USD
902213,102309,annual,active,2025-11-12T08:57:44Z,79.99,USD
902213,102309,annual,expired,2026-02-13 03:57:44,79.99,USD
902214,101016,monthly,active,2025-08-15T17:32:28Z,9.99,USD
902215,106660,free_trial,trialing,2025-10-26 20:26:46,0.0,USD
902215,106660,free_trial,expired,2025-11-08T01:26:46Z,0.0,USD
902216,100847,monthly,active,2026-01-19T23:58:49Z,9.99,USD
902217,106885,free_trial,trialing,2026-01-18T11:27:00Z,0.0,USD
902218,105008,monthly,active,2025-12-10T17:16:41Z,9.99,USD
902218,105008,monthly,canceled,2026-02-03T17:16:41Z,9.99,USD
902219,105993,annual,active,2025-12-15T21:45:46Z,79.99,GBP
902219,105993,annual,canceled,2026-04-11T21:45:46Z,79.99,USD
902220,105890,monthly,active,2025-12-05T22:26:16Z,9.99,USD
902221,102690,annual,active,2025-11-07T17:40:46Z,79.99,USD
902222,107036,monthly,active,2025-11-08T00:32:42Z,9.99,USD
902223,101663,free_trial,trialing,2025-09-21T03:09:10Z,0.0,USD
902223,101663,monthly,active,2025-10-01T03:09:10Z,9.99,USD
902223,101663,monthly,canceled,2026-01-28T03:09:10Z,9.99,USD
902224,101208,monthly,active,2025-12-28 22:36:58,9.99,USD
902225,100022,monthly,active,2025-07-06 19:33:57,9.99,USD
902226,103535,monthly,active,2026-01-13T08:07:03Z,9.99,USD
902227,103953,monthly,active,2025-11-10 15:33:04,9.99,USD
902227,103953,monthly,canceled,2026-03-06T20:33:04Z,9.99,USD
902228,107508,annual,active,2025-09-28T21:33:56Z,79.99,USD
902229,106932,free_trial,trialing,2025-10-14T23:30:19Z,0.0,USD
902229,106932,annual,active,2025-10-28T23:30:19Z,79.99,USD
902230,104903,annual,active,2025-09-19T18:45:25Z,79.99,USD
902231,102220,free_trial,trialing,2026-01-24T16:06:07Z,0.0,USD
902231,102220,monthly,active,2026-02-06 11:06:07,9.99,USD
902232,106149,monthly,active,2025-11-27T05:38:46Z,9.99,USD
902232,106149,monthly,canceled,2026-03-19T05:38:46Z,9.99,USD
902233,102985,free_trial,trialing,2025-11-01T00:56:43Z,0.0,USD
902233,102985,free_trial,expired,2025-11-12T00:56:43Z,0.0,USD
902234,107802,free_trial,trialing,2025-08-28 05:26:19,0.0,USD
902234,107802,monthly,active,2025-09-08T10:26:19Z,9.99,USD
902234,107802,monthly,canceled,2025-11-02T10:26:19Z,9.99,USD
902235,104225,monthly,active,2025-11-12T17:52:04Z,9.99,USD
902236,104148,free_trial,trialing,2025-12-11T00:02:02Z,0.0,USD
902236,104148,free_trial,expired,2025-12-19T00:02:02Z,0.0,USD
902237,100470,monthly,active,2025-10-21T04:22:19Z,9.99,USD
902238,104674,monthly,active,2025-08-03T01:30:18Z,9.99,USD
902239,104413,annual,active,2025-10-21T08:31:04Z,79.99,USD
902239,104413,annual,canceled,2025-11-30T08:31:04Z,79.99,USD
902240,107780,free_trial,trialing,2025-08-17 01:43:18,0.0,USD
902240,107780,annual,active,2025-08-24T06:43:18Z,79.99,USD
902241,106492,monthly,active,2025-12-25T22:46:20Z,9.99,USD
902242,103396,free_trial,trialing,2026-01-02T03:41:43Z,0.0,USD
902242,103396,annual,active,2026-01-10T03:41:43Z,79.99,USD
902243,344276,annual,active,2025-09-19T09:29:19Z,79.99,USD
902243,344276,annual,canceled,2025-11-03T09:29:19Z,79.99,USD
902244,104809,free_trial,trialing,2026-02-10T01:47:03Z,0.0,USD
902244,104809,free_trial,expired,2026-02-19T01:47:03Z,0.0,USD
902245,106192,monthly,active,2026-01-02T00:26:37Z,9.99,USD
902246,103759,monthly,active,2026-01-19T20:06:20Z,9.99,USD
902246,103759,monthly,canceled,2026-04-26T20:06:20Z,9.99,USD
902247,104936,free_trial,trialing,2025-09-06T06:01:31Z,0.0,USD
902247,104936,annual,active,2025-09-13T06:01:31Z,79.99,USD
902247,104936,annual,canceled,2025-10-29T06:01:31Z,79.99,USD
902248,107357,monthly,active,2026-01-14T02:23:53Z,9.99,USD
902248,107357,monthly,canceled,2026-05-29T02:23:53Z,9.99,USD
902249,100237,annual,active,2025-10-15T20:44:53Z,79.99,USD
902250,102180,free_trial,trialing,2025-10-18T15:37:35Z,0.0,USD
902250,102180,annual,active,2025-10-24T15:37:35Z,79.99,USD
902250,102180,annual,canceled,2026-01-31T15:37:35Z,79.99,USD
902251,100027,monthly,active,2025-08-14T16:37:47Z,9.99,USD
902252,102485,monthly,active,2025-08-20T00:27:59Z,9.99,USD
902253,107530,monthly,active,2025-12-10T19:49:28Z,9.99,USD
902254,102409,monthly,active,2025-07-04T11:22:45Z,9.99,USD
902255,106130,free_trial,trialing,2025-08-19T01:46:42Z,0.0,USD
902255,106130,free_trial,expired,2025-08-31T01:46:42Z,0.0,USD
902256,105394,annual,active,2026-01-04T23:31:15Z,79.99,USD
902257,107589,monthly,active,2025-11-11T18:32:12Z,9.99,USD
902258,103131,monthly,active,2025-08-05T14:52:50Z,9.99,USD
902258,103131,monthly,canceled,2025-10-27T14:52:50Z,9.99,USD
902259,104202,monthly,active,2025-11-04T02:19:44Z,9.99,USD
902260,101427,monthly,active,2026-01-20T21:00:23Z,9.99,USD
902261,104314,monthly,active,2025-07-17T01:52:52Z,9.99,USD
902262,105867,free_trial,trialing,2025-10-07T21:15:48Z,0.0,USD
902262,105867,monthly,active,2025-10-21T21:15:48Z,9.99,USD
902263,107011,monthly,active,2025-09-03T13:18:54Z,9.99,USD
902263,107011,monthly,canceled,2025-11-10 08:18:54,9.99,USD
902264,105028,annual,active,2025-07-17T20:43:23Z,79.99,USD
902265,102411,monthly,active,2025-11-03 03:41:06,9.99,USD
902265,102411,monthly,expired,2026-04-21T08:41:06Z,9.99,USD
902266,105596,annual,active,2026-02-14T15:22:35Z,79.99,USD
902266,105596,annual,canceled,2026-03-13T15:22:35Z,79.99,USD
902267,103985,monthly,active,2025-09-10 00:53:36,9.99,USD
902267,103985,monthly,canceled,2025-12-29T05:53:36Z,9.99,USD
902268,104341,annual,active,2025-09-29T15:18:34Z,79.99,USD
902268,104341,annual,canceled,2026-01-21T15:18:34Z,79.99,USD
902269,107848,annual,active,2025-09-09T22:59:15Z,79.99,USD
902270,107619,monthly,active,2025-08-02T19:40:36Z,9.99,USD
902271,100205,annual,active,2025-12-28T13:11:50Z,79.99,USD
902271,100205,annual,canceled,2026-02-23 08:11:50,79.99,USD
902272,105572,annual,active,2025-11-13T15:47:34Z,79.99,USD
902273,102569,free_trial,trialing,2025-09-02 07:53:54,0.0,USD
902273,102569,monthly,active,2025-09-08T12:53:54Z,9.99,USD
902273,102569,monthly,canceled,2025-11-05 07:53:54,9.99,USD
902274,107470,free_trial,trialing,2025-08-25T22:10:39Z,0.0,USD
902274,107470,free_trial,expired,2025-09-04T22:10:39Z,0.0,USD
902275,105199,monthly,active,2025-08-30T18:19:53Z,9.99,USD
902276,101288,annual,active,2025-11-15T09:37:22Z,79.99,USD
902277,100374,free_trial,trialing,2025-07-24 23:54:09,0.0,USD
902277,100374,monthly,active,2025-07-28T04:54:09Z,9.99,USD
902278,105121,annual,active,2026-01-06 10:09:41,79.99,USD
902278,105121,annual,canceled,2026-05-24 10:09:41,79.99,USD
902279,107671,annual,active,2025-09-21T18:08:18Z,79.99,USD
902280,102394,free_trial,trialing,2025-12-07 04:37:53,0.0,USD
902280,102394,monthly,active,2025-12-19T09:37:53Z,9.99,USD
902281,105147,monthly,active,2025-10-04 21:58:29,9.99,USD
902282,107289,monthly,active,2025-10-26T06:55:31Z,9.99,USD
902283,101948,monthly,active,2026-01-15T19:16:36Z,9.99,USD
902284,103942,free_trial,trialing,2025-07-25 03:19:43,0.0,USD
902284,103942,free_trial,expired,2025-08-04T08:19:43Z,0.0,USD
902285,102679,free_trial,trialing,2025-09-02T13:07:36Z,0.0,USD
902285,102679,free_trial,expired,2025-09-09T13:07:36Z,0.0,USD
902286,100028,monthly,active,2026-01-05T05:14:43Z,9.99,USD
902286,100028,monthly,expired,2026-07-17T05:14:43Z,9.99,USD
902287,102114,free_trial,trialing,2025-12-05T16:23:36Z,0.0,USD
902287,102114,free_trial,expired,2025-12-16T16:23:36Z,0.0,USD
902288,106141,free_trial,trialing,2025-08-23T06:09:32Z,0.0,USD
902288,106141,free_trial,expired,2025-09-03T06:09:32Z,0.0,USD
902289,100070,monthly,active,2025-12-01T03:40:23Z,9.99,USD
902290,102328,annual,active,2025-10-15 13:41:19,79.99,USD
902291,105212,free_trial,trialing,2025-10-21T11:12:36Z,0.0,USD
902292,101760,free_trial,trialing,2025-07-20 12:11:11,0.0,USD
902293,105591,free_trial,trialing,2025-08-03T04:04:11Z,0.0,USD
902293,105591,free_trial,expired,2025-08-16 23:04:11,0.0,USD
902294,106775,monthly,active,2025-11-01T01:20:13Z,9.99,USD
902295,105698,annual,active,2025-07-10T22:54:02Z,79.99,USD
902296,102518,free_trial,trialing,2025-10-16 23:32:30,0.0,USD
902296,102518,annual,active,2025-10-25 23:32:30,79.99,USD
902297,107008,monthly,active,2025-11-05T23:30:26Z,9.99,USD
902297,107008,monthly,canceled,2025-11-21T23:30:26Z,9.99,USD
902298,102069,annual,active,2026-01-08T03:16:52Z,79.99,USD
902299,101512,free_trial,trialing,2025-11-13T21:33:09Z,0.0,USD
902299,101512,annual,active,2025-11-21T21:33:09Z,79.99,USD
902299,101512,annual,canceled,2026-03-01T21:33:09Z,79.99,USD
902300,105511,monthly,active,2025-12-23T22:52:46Z,9.99,USD
902301,102555,free_trial,trialing,2025-10-06T01:30:20Z,0.0,USD
902301,102555,free_trial,expired,2025-09-20T01:30:20Z,0.0,USD
902302,105965,monthly,active,2026-01-24T12:53:17Z,9.99,USD
902302,105965,monthly,canceled,2026-03-20 07:53:17,9.99,USD
902303,105256,monthly,active,2025-08-20T15:47:26Z,9.99,USD
902304,101746,free_trial,trialing,2025-11-30T06:07:22Z,0.0,USD
902305,104409,free_trial,trialing,2025-07-05 08:12:33,0.0,USD
902305,104409,annual,active,2025-07-15 08:12:33,79.99,USD
902305,104409,annual,canceled,2025-09-09T13:12:33Z,79.99,USD
902306,101160,annual,active,2026-01-14T05:55:47Z,79.99,USD
902307,100243,monthly,active,2025-11-08T14:47:28Z,9.99,USD
902308,105837,free_trial,trialing,2025-12-13T17:03:57Z,0.0,USD
902308,105837,free_trial,expired,2025-12-21T17:03:57Z,0.0,USD
902309,100176,free_trial,trialing,2025-10-28 03:22:28,0.0,USD
902309,100176,monthly,active,2025-11-02T08:22:28Z,9.99,USD
902309,100176,monthly,canceled,2026-01-27T08:22:28Z,9.99,USD
902310,103687,free_trial,trialing,2025-07-16 13:15:32,0.0,USD
902310,103687,monthly,active,2025-07-30T18:15:32Z,9.99,USD
902311,105735,free_trial,trialing,2025-10-06 23:21:24,0.0,USD
902312,103595,annual,active,2025-10-09T19:39:07Z,79.99,USD
902313,100539,monthly,active,2026-01-22T16:14:57Z,9.99,USD
902313,100539,monthly,canceled,2026-03-25 11:14:57,9.99,USD
902314,101269,monthly,active,2025-12-11T05:01:23Z,9.99,USD
902315,101786,annual,active,2026-02-03T02:22:51Z,79.99,USD
902316,367745,monthly,active,2025-10-24T04:14:19Z,9.99,USD
902317,104381,monthly,active,2025-11-28 17:59:53,9.99,USD
902317,104381,monthly,canceled,2026-02-15T22:59:53Z,9.99,USD
902318,107513,monthly,active,2025-11-27 12:05:29,9.99,USD
902319,101923,free_trial,trialing,2025-07-14T12:37:19Z,0.0,USD
902319,101923,free_trial,expired,2025-07-23T12:37:19Z,0.0,USD
902320,107504,monthly,active,2026-01-24T04:16:34Z,9.99,USD
902321,100790,free_trial,trialing,2025-08-01T21:40:10Z,0.0,USD
902321,100790,free_trial,expired,2025-08-15 16:40:10,0.0,USD
902322,104221,monthly,active,2025-11-01T01:45:33Z,9.99,USD
902322,104221,monthly,canceled,2026-01-25T01:45:33Z,9.99,USD
902323,104857,free_trial,trialing,2025-08-19T19:44:07Z,0.0,USD
902324,103069,free_trial,trialing,2026-01-28T22:39:03Z,0.0,USD
902325,105111,monthly,active,2025-11-12 15:57:22,9.99,USD
902325,105111,monthly,canceled,2026-04-09T20:57:22Z,9.99,USD
902326,100485,monthly,active,2025-12-12T00:06:34Z,9.99,USD
902327,100607,monthly,active,2025-12-29T08:20:43Z,9.99,USD
902327,100607,monthly,canceled,2026-05-11T08:20:43Z,9.99,USD
902328,107101,monthly,active,2026-02-06T00:33:02Z,9.99,USD
902329,106058,free_trial,trialing,2025-12-04T10:28:00Z,0.0,USD
902329,106058,free_trial,expired,2025-12-11 05:28:00,0.0,USD
902330,100863,monthly,active,2025-10-19T09:48:16Z,9.99,USD
902330,100863,monthly,canceled,2026-01-08T09:48:16Z,9.99,USD
902331,107242,annual,active,2025-10-01T06:35:01Z,79.99,USD
902332,106905,annual,active,2026-01-10T11:47:49Z,79.99,USD
902332,106905,annual,expired,2026-02-15T11:47:49Z,79.99,USD
902333,101718,free_trial,trialing,2025-11-04T19:15:37Z,0.0,USD
902333,101718,annual,active,2025-11-17T19:15:37Z,79.99,USD
902334,101540,annual,active,2025-08-20T05:37:01Z,79.99,USD
902334,101540,annual,canceled,2025-10-06T05:37:01Z,79.99,USD
902335,106847,free_trial,trialing,2025-07-17T22:57:46Z,0.0,USD
902336,101381,annual,active,2025-12-30T01:06:44Z,79.99,USD
902337,102754,monthly,active,2025-08-26T13:36:37Z,9.99,USD
902338,105540,monthly,active,2025-07-03T05:10:03Z,9.99,GBP
902338,105540,monthly,canceled,2025-11-20T05:10:03Z,9.99,USD
902339,107426,free_trial,trialing,2025-10-15 15:58:43,0.0,USD
902339,107426,free_trial,expired,2025-10-26T20:58:43Z,0.0,USD
902340,103387,annual,active,2025-10-30T03:09:18Z,79.99,USD
902341,100558,annual,active,2025-09-01 13:29:57,79.99,USD
902341,100558,annual,canceled,2026-01-07T18:29:57Z,79.99,USD
902342,104674,monthly,active,2025-11-21T02:15:23Z,9.99,USD
902342,104674,monthly,canceled,2026-02-18T02:15:23Z,9.99,USD
902343,107032,monthly,active,2025-09-28T11:57:37Z,9.99,USD
902344,317194,free_trial,trialing,2025-12-20T02:42:09Z,0.0,USD
902344,317194,free_trial,expired,2025-12-30 21:42:09,0.0,USD
902345,107280,monthly,active,2026-01-02T23:13:43Z,9.99,USD
902346,107906,free_trial,trialing,2026-02-09T15:13:54Z,0.0,USD
902346,107906,annual,active,2026-02-18T15:13:54Z,79.99,USD
902346,107906,annual,canceled,2026-05-20T15:13:54Z,79.99,USD
902347,107421,monthly,active,2026-02-18T22:28:21Z,9.99,USD
902347,107421,monthly,canceled,2026-04-11T22:28:21Z,9.99,USD
902348,104105,monthly,active,2025-10-25T07:49:18Z,9.99,USD
902349,103429,free_trial,trialing,2025-12-15T20:35:16Z,0.0,USD
902349,103429,annual,active,2025-12-29 15:35:16,79.99,USD
902350,101594,monthly,active,2025-12-20T11:16:11Z,9.99,USD
902351,105139,annual,active,2026-02-01T07:13:56Z,79.99,USD
902352,107270,free_trial,trialing,2025-11-29T02:22:47Z,0.0,USD
902352,107270,free_trial,expired,2025-12-11T02:22:47Z,0.0,USD
902353,100847,annual,active,2025-09-30T04:48:02Z,79.99,USD
902354,104781,monthly,active,2025-09-18T08:41:57Z,9.99,USD
902355,104874,annual,active,2026-01-22 18:15:55,79.99,USD
902356,106069,free_trial,trialing,2025-07-23T15:40:39Z,0.0,USD
902356,106069,free_trial,expired,2025-08-01 10:40:39,0.0,USD
902357,100935,monthly,active,2025-09-20 14:41:35,9.99,USD
902357,100935,monthly,expired,2025-12-05T19:41:35Z,9.99,USD
902358,100795,free_trial,trialing,2025-07-05T05:28:51Z,0.0,USD
902358,100795,free_trial,expired,2025-07-14T05:28:51Z,0.0,USD
902359,104625,free_trial,trialing,2025-08-20T16:04:28Z,0.0,USD
902359,104625,free_trial,expired,2025-09-01T16:04:28Z,0.0,USD
902360,106866,annual,active,2026-01-06T15:12:03Z,79.99,USD
902361,101988,annual,active,2025-12-05T16:53:54Z,79.99,USD
902361,101988,annual,expired,2025-11-29T16:53:54Z,79.99,USD
902362,102513,monthly,active,2025-08-11T18:38:59Z,9.99,USD
902363,104376,monthly,active,2025-12-26T15:03:44Z,9.99,USD
902364,100069,annual,active,2025-10-16T07:36:29Z,79.99,USD
902365,102938,monthly,active,2025-07-05T12:29:17Z,9.99,USD
902365,102938,monthly,canceled,2025-08-06 07:29:17,9.99,USD
902366,105384,monthly,active,2026-02-02T19:32:14Z,9.99,USD
902366,105384,monthly,canceled,2026-04-01T19:32:14Z,9.99,USD
902367,101021,free_trial,trialing,2025-11-07T12:36:24Z,0.0,USD
902367,101021,monthly,active,2025-11-10 07:36:24,9.99,USD
902368,105537,free_trial,trialing,2025-10-23T15:46:22Z,0.0,USD
902368,105537,free_trial,expired,2025-11-05T15:46:22Z,0.0,USD
902369,101544,annual,active,2025-08-23T14:05:22Z,79.99,USD
902370,103324,monthly,active,2025-09-15T23:42:54Z,9.99,USD
902371,103372,monthly,active,2025-07-22T00:54:46Z,9.99,USD
902371,103372,monthly,canceled,2025-10-29T00:54:46Z,9.99,USD
902372,105376,free_trial,trialing,2025-09-01T20:41:17Z,0.0,USD
902372,105376,annual,active,2025-09-06T20:41:17Z,79.99,USD
902372,105376,annual,canceled,2025-12-25T20:41:17Z,79.99,USD
902373,107270,monthly,active,2026-01-16T09:35:59Z,9.99,USD
902374,101612,annual,active,2025-07-07 07:51:12,79.99,USD
902375,107777,monthly,active,2025-12-31T19:51:30Z,9.99,USD
902375,107777,monthly,canceled,2026-03-09 14:51:30,9.99,USD
902376,105228,free_trial,trialing,2025-10-05T03:59:54Z,0.0,USD
902376,105228,free_trial,expired,2025-10-18T03:59:54Z,0.0,USD
902377,103869,monthly,active,2026-02-05T16:02:30Z,9.99,USD
902378,100723,annual,active,2025-09-09T06:55:10Z,79.99,USD
902379,105489,monthly,active,2025-10-29T06:45:55Z,9.99,USD
902379,105489,monthly,canceled,2025-11-29T06:45:55Z,9.99,USD
902380,101996,monthly,active,2025-11-09T20:37:05Z,9.99,USD
902381,101119,annual,active,2025-12-20T00:40:43Z,79.99,USD
902382,100842,monthly,active,2025-07-03 02:53:32,9.99,USD
902383,103816,free_trial,trialing,2025-12-08T14:23:28Z,0.0,USD
902383,103816,monthly,active,2025-12-14T14:23:28Z,9.99,USD
902384,102786,annual,active,2025-07-14T16:53:29Z,79.99,USD
902384,102786,annual,canceled,2025-06-25T16:53:29Z,79.99,USD
902385,105605,monthly,active,2025-07-11T21:10:32Z,9.99,USD
902385,105605,monthly,canceled,2025-11-16T21:10:32Z,9.99,USD
902386,101115,free_trial,trialing,2026-01-21T13:37:38Z,0.0,USD
902386,101115,monthly,active,2026-01-24 08:37:38,9.99,USD
902387,104052,annual,active,2025-12-12T21:30:37Z,79.99,USD
902387,104052,annual,canceled,2026-03-18T21:30:37Z,79.99,USD
902388,107100,monthly,active,2025-10-31T06:10:08Z,9.99,USD
902388,107100,monthly,canceled,2026-03-14T06:10:08Z,9.99,USD
902389,104887,monthly,active,2026-01-16T09:24:25Z,9.99,USD
902390,106701,free_trial,trialing,2025-08-19T22:25:49Z,0.0,USD
902390,106701,annual,active,2025-08-22T22:25:49Z,79.99,USD
902390,106701,annual,canceled,2025-10-24T22:25:49Z,79.99,USD
902391,107893,monthly,active,2025-09-02 06:58:22,9.99,USD
902391,107893,monthly,expired,2026-02-27T11:58:22Z,9.99,USD
902392,106852,monthly,active,2025-09-23T21:32:49Z,9.99,USD
902393,101878,free_trial,trialing,2025-09-15 12:39:38,0.0,USD
902393,101878,annual,active,2025-09-21T17:39:38Z,79.99,USD
902393,101878,annual,canceled,2025-12-28T17:39:38Z,79.99,EUR
902394,103242,monthly,active,2025-11-07T08:47:44Z,9.99,USD
902395,105433,monthly,active,2025-11-01T00:41:45Z,9.99,USD
902396,107517,free_trial,trialing,2025-10-19T22:06:35Z,0.0,USD
902397,103418,free_trial,trialing,2025-10-08T04:37:51Z,0.0,USD
902397,103418,monthly,active,2025-10-18T04:37:51Z,9.99,USD
902397,103418,monthly,canceled,2026-02-12 23:37:51,9.99,USD
902398,103670,free_trial,trialing,2025-08-05T19:16:26Z,0.0,USD
902398,103670,monthly,active,2025-08-14T19:16:26Z,9.99,USD
902399,100770,annual,active,2025-10-31 09:00:37,79.99,USD
902399,100770,annual,canceled,2025-12-04T14:00:37Z,79.99,USD
902400,101161,annual,active,2025-11-21T08:26:29Z,79.99,USD
902401,103706,free_trial,trialing,2025-10-20T01:12:30Z,0.0,USD
902402,103033,annual,active,2025-07-24T01:39:16Z,79.99,USD
902402,103033,annual,expired,2025-08-18T01:39:16Z,79.99,USD
902403,107268,monthly,active,2025-12-16 01:39:56,9.99,USD
902404,104845,monthly,active,2025-07-03 07:39:20,9.99,USD
902405,100748,annual,active,2025-07-07T16:56:56Z,79.99,USD
902406,106547,free_trial,trialing,2025-07-04T19:09:43Z,0.0,USD
902406,106547,free_trial,expired,2025-07-12T19:09:43Z,0.0,USD
902407,101759,free_trial,trialing,2025-08-20T15:03:38Z,0.0,USD
902408,106250,free_trial,trialing,2025-12-14T13:05:14Z,0.0,USD
902408,106250,free_trial,expired,2025-12-21T13:05:14Z,0.0,USD
902409,102895,free_trial,trialing,2026-01-20T20:58:10Z,0.0,USD
902409,102895,free_trial,expired,2026-02-01T20:58:10Z,0.0,USD
902410,100079,annual,active,2026-02-08T07:22:18Z,79.99,USD
902411,103844,monthly,active,2026-02-18T02:34:24Z,9.99,USD
902412,104542,monthly,active,2026-02-08T10:51:09Z,9.99,USD
902413,107942,annual,active,2025-08-26 13:26:49,79.99,USD
902414,106065,free_trial,trialing,2025-11-14T06:39:20Z,0.0,USD
902414,106065,free_trial,expired,2025-11-25 01:39:20,0.0,USD
902415,107238,monthly,active,2025-07-09T22:36:14Z,9.99,USD
902416,107816,monthly,active,2025-08-10T15:38:15Z,9.99,USD
902417,101968,monthly,active,2025-10-14T20:55:41Z,9.99,USD
902418,106265,monthly,active,2025-08-12T00:20:53Z,9.99,USD
902419,103319,monthly,active,2025-08-08T07:09:22Z,9.99,USD
902419,103319,monthly,canceled,2025-11-24T07:09:22Z,9.99,USD
902420,100847,monthly,active,2025-09-26T02:07:11Z,9.99,USD
902421,100284,monthly,active,2025-12-14T16:15:56Z,9.99,USD
902422,101645,free_trial,trialing,2025-10-27T13:31:44Z,0.0,USD
902423,102807,free_trial,trialing,2025-07-26T20:56:56Z,0.0,USD
902423,102807,free_trial,expired,2025-08-08T20:56:56Z,0.0,USD
902424,107074,monthly,active,2025-10-09T16:28:54Z,9.99,USD
902425,103259,free_trial,trialing,2025-10-23T20:54:03Z,0.0,USD
902425,103259,monthly,active,2025-11-03T20:54:03Z,9.99,USD
902425,103259,monthly,canceled,2026-01-13 15:54:03,9.99,USD
902426,105512,monthly,active,2025-07-07T11:28:21Z,9.99,USD
902426,105512,monthly,canceled,2025-11-08T11:28:21Z,9.99,USD
902427,107166,monthly,active,2025-09-29T15:03:07Z,9.99,USD
902428,103169,free_trial,trialing,2025-10-14T18:53:07Z,0.0,USD
902428,103169,free_trial,expired,2025-10-22T18:53:07Z,0.0,USD
902429,106301,monthly,active,2025-07-18T06:40:34Z,9.99,USD
902430,104295,free_trial,trialing,2025-07-06T23:20:07Z,0.0,USD
902430,104295,free_trial,expired,2025-07-19T23:20:07Z,0.0,USD
902431,103833,free_trial,trialing,2026-01-07 13:22:43,0.0,USD
902431,103833,annual,active,2026-01-13T18:22:43Z,79.99,USD
902432,106167,free_trial,trialing,2026-01-02T04:20:27Z,0.0,USD
902432,106167,annual,active,2026-01-08T04:20:27Z,79.99,USD
902433,104046,free_trial,trialing,2025-12-25T23:35:46Z,0.0,USD
902434,105671,annual,active,2026-01-24T16:54:09Z,79.99,USD
902435,103584,monthly,active,2025-11-11 09:41:54,9.99,USD
902435,103584,monthly,canceled,2026-03-17T14:41:54Z,9.99,USD
902436,103727,free_trial,trialing,2025-10-04T23:04:36Z,0.0,USD
902436,103727,annual,active,2025-10-11T23:04:36Z,79.99,USD
902437,106804,free_trial,trialing,2025-09-23T05:19:50Z,0.0,USD
902438,106931,annual,active,2025-08-09T23:42:01Z,79.99,USD
902438,106931,annual,canceled,2025-08-30T23:42:01Z,79.99,USD
902439,104601,monthly,active,2026-01-12T00:41:12Z,9.99,USD
902440,106955,monthly,active,2025-11-02T21:41:08Z,9.99,USD
902440,106955,monthly,canceled,2026-01-27T21:41:08Z,9.99,USD
902441,107370,annual,active,2025-08-26T20:14:51Z,79.99,USD
902441,107370,annual,canceled,2025-10-09 15:14:51,79.99,USD
902442,101345,monthly,active,2026-01-26T04:13:14Z,9.99,USD
902443,106348,free_trial,trialing,2026-01-02T01:20:31Z,0.0,USD
902444,100581,monthly,active,2025-07-20 11:55:21,9.99,USD
902445,101394,monthly,active,2026-02-11 20:54:36,9.99,USD
902445,101394,monthly,canceled,2026-06-01T01:54:36Z,9.99,USD
902446,105820,annual,active,2026-02-16T23:43:00Z,79.99,USD
902447,103848,annual,active,2025-07-27T09:47:21Z,79.99,USD
902447,103848,annual,expired,2025-12-12T09:47:21Z,79.99,USD
902448,100791,monthly,active,2026-02-04T12:47:16Z,9.99,USD
902449,103240,monthly,active,2025-10-31 06:19:15,9.99,USD
902450,104079,monthly,active,2025-07-15T23:49:51Z,9.99,USD
902451,366717,free_trial,trialing,2025-08-28T23:04:25Z,0.0,USD
902451,366717,free_trial,expired,2025-09-11T23:04:25Z,0.0,USD
902452,105387,monthly,active,2026-02-15 10:42:48,9.99,USD
902453,106668,monthly,active,2025-10-19T22:22:23Z,9.99,USD
902453,106668,monthly,expired,2025-11-16T22:22:23Z,9.99,USD
902454,105271,free_trial,trialing,2026-02-11T12:10:04Z,0.0,USD
902454,105271,free_trial,expired,2026-02-19T12:10:04Z,0.0,USD
902455,104170,monthly,active,2025-12-16T04:43:28Z,9.99,USD
902456,100670,annual,active,2025-12-30T22:11:20Z,79.99,USD
902457,103953,free_trial,trialing,2025-08-04T06:04:23Z,0.0,USD
902458,103764,monthly,active,2026-02-11T21:02:50Z,9.99,USD
902459,105396,free_trial,trialing,2025-10-28T10:49:17Z,0.0,USD
902459,105396,monthly,active,2025-11-09T10:49:17Z,9.99,USD
902460,104059,monthly,active,2025-11-05T21:47:14Z,9.99,USD
902460,104059,monthly,canceled,2026-03-09T21:47:14Z,9.99,USD
902461,104604,annual,active,2025-10-07T05:26:06Z,79.99,USD
902462,101837,annual,active,2025-11-10T13:52:44Z,79.99,USD
902463,107888,monthly,active,2025-07-03T08:29:43Z,9.99,USD
902463,107888,monthly,canceled,2025-11-01T08:29:43Z,9.99,USD
902464,101850,monthly,active,2026-02-16 11:48:37,9.99,USD
902465,107298,free_trial,trialing,2025-07-25 06:09:23,0.0,USD
902465,107298,annual,active,2025-07-29T11:09:23Z,79.99,USD
902466,101980,monthly,active,2025-09-23T13:37:58Z,9.99,USD
902467,100082,monthly,active,2025-07-13T08:45:46Z,9.99,USD
902468,104596,monthly,active,2025-10-19 03:17:29,9.99,USD
902468,104596,monthly,canceled,2025-12-10T08:17:29Z,9.99,USD
902469,106382,monthly,active,2025-10-23T07:31:54Z,9.99,USD
902470,107298,monthly,active,2026-02-15T14:33:59Z,9.99,USD
902471,104158,annual,active,2025-07-11T11:45:56Z,79.99,USD
902471,104158,annual,expired,2025-12-29T11:45:56Z,79.99,USD
902472,101689,annual,active,2025-09-19T16:25:33Z,79.99,USD
902473,103857,annual,active,2026-01-23T13:50:32Z,79.99,USD
902473,103857,annual,expired,2026-06-22T13:50:32Z,79.99,USD
902474,107512,annual,active,2026-01-31T03:39:52Z,79.99,USD
902474,107512,annual,canceled,2026-03-19T03:39:52Z,79.99,USD
902475,103880,free_trial,trialing,2025-08-04T01:46:52Z,0.0,USD
902475,103880,monthly,active,2025-08-11T01:46:52Z,9.99,USD
902476,101073,monthly,active,2025-10-30T13:34:00Z,9.99,USD
902476,101073,monthly,expired,2025-12-28 08:34:00,9.99,USD
902477,107485,annual,active,2026-01-03T18:07:57Z,79.99,USD
902478,103956,monthly,active,2026-01-28T06:42:57Z,9.99,USD
902479,100587,free_trial,trialing,2025-09-04T21:21:29Z,0.0,USD
902479,100587,free_trial,expired,2025-09-18T21:21:29Z,0.0,USD
902480,101125,monthly,active,2025-11-22T15:10:36Z,9.99,USD
902481,101974,monthly,active,2025-09-12T02:07:57Z,9.99,USD
902482,107539,free_trial,trialing,2025-09-14 04:49:32,0.0,USD
902482,107539,free_trial,expired,2025-09-06T09:49:32Z,0.0,USD
902483,101756,monthly,active,2026-01-23T19:58:41Z,9.99,USD
902484,103709,monthly,active,2025-10-12T17:31:43Z,9.99,USD
902484,103709,monthly,canceled,2025-11-25T17:31:43Z,9.99,USD
902485,106669,monthly,active,2026-01-04T05:49:07Z,9.99,USD
902485,106669,monthly,expired,2026-02-08 00:49:07,9.99,USD
902486,106154,monthly,active,2025-11-22T02:32:17Z,9.99,USD
902486,106154,monthly,canceled,2025-12-17T02:32:17Z,9.99,USD
902487,103923,monthly,active,2025-11-16T00:55:26Z,9.99,USD
902488,103164,monthly,active,2026-02-09T09:19:30Z,9.99,USD
902488,103164,monthly,expired,2026-03-25T09:19:30Z,9.99,USD
902489,107043,monthly,active,2025-09-05T08:45:07Z,9.99,USD
902489,107043,monthly,canceled,2025-12-01T08:45:07Z,9.99,USD
902490,106035,annual,active,2025-08-16T14:25:23Z,79.99,USD
902491,102391,monthly,active,2025-08-01T12:37:10Z,9.99,USD
902492,100851,free_trial,trialing,2026-01-30T18:24:21Z,0.0,USD
902492,100851,free_trial,expired,2026-02-11T18:24:21Z,0.0,USD
902493,107383,free_trial,trialing,2025-08-12T11:12:09Z,0.0,USD
902494,101931,free_trial,trialing,2025-11-03 16:42:11,0.0,USD
902494,101931,free_trial,expired,2025-11-10T21:42:11Z,0.0,USD
902495,101747,monthly,active,2025-11-25T08:03:49Z,9.99,USD
902496,100609,monthly,active,2025-10-09 14:14:14,9.99,USD
902497,101119,monthly,active,2026-01-23T19:56:52Z,9.99,USD
902498,101141,free_trial,trialing,2025-12-03T19:12:03Z,0.0,USD
902499,100283,free_trial,trialing,2025-08-07 09:19:38,0.0,USD
902500,106279,annual,active,2025-09-05 18:21:50,79.99,USD
902500,106279,annual,canceled,2026-01-13T23:21:50Z,79.99,USD
902501,102476,free_trial,trialing,2026-01-02T16:29:07Z,0.0,USD
902501,102476,free_trial,expired,2026-01-14T16:29:07Z,0.0,USD
902502,104806,monthly,active,2025-12-13T23:50:17Z,9.99,USD
902503,100851,free_trial,trialing,2025-11-03T01:58:17Z,0.0,USD
902503,100851,free_trial,expired,2025-11-16T01:58:17Z,0.0,USD
902504,107032,monthly,active,2025-07-27T02:14:15Z,9.99,USD
902505,106953,monthly,active,2025-08-20T03:52:50Z,9.99,USD
902505,106953,monthly,canceled,2025-11-21T03:52:50Z,9.99,USD
902506,104089,monthly,active,2025-12-22T06:04:19Z,9.99,USD
902507,101295,annual,active,2025-07-20T03:58:17Z,79.99,USD
902508,102688,monthly,active,2026-01-08T22:12:46Z,9.99,USD
902509,101171,annual,active,2026-01-15 02:21:43,79.99,USD
902510,105915,monthly,active,2025-09-12T10:08:01Z,9.99,USD
902510,105915,monthly,expired,2025-11-10T10:08:01Z,9.99,USD
902511,101627,free_trial,trialing,2025-07-04T05:40:14Z,0.0,USD
902511,101627,monthly,active,2025-07-07T05:40:14Z,9.99,USD
902512,103586,annual,active,2025-12-08T09:25:41Z,79.99,USD
902513,103811,monthly,active,2025-12-04T08:08:36Z,9.99,USD
902514,103787,free_trial,trialing,2026-02-06T11:07:15Z,0.0,USD
902515,105289,annual,active,2025-10-03T13:00:37Z,79.99,USD
902516,107062,monthly,active,2025-12-15T23:19:05Z,9.99,USD
902517,106171,monthly,active,2026-02-09T19:03:02Z,9.99,USD
902518,105768,annual,active,2025-10-12 19:13:58,79.99,USD
902519,102732,monthly,active,2025-07-04T11:37:07Z,9.99,USD
902519,102732,monthly,canceled,2025-10-12T11:37:07Z,9.99,USD
902520,103608,free_trial,trialing,2025-12-05 05:32:18,0.0,USD
902520,103608,monthly,active,2025-12-10T10:32:18Z,9.99,USD
902521,102579,monthly,active,2025-11-02T06:32:48Z,9.99,USD
902522,105950,monthly,active,2026-01-01T06:10:15Z,9.99,USD
902523,107235,monthly,active,2025-07-26T22:03:30Z,9.99,USD
902524,104816,monthly,active,2025-11-18T09:14:40Z,9.99,USD
902525,106703,annual,active,2025-11-04T03:33:43Z,79.99,USD
902526,106596,monthly,active,2025-08-21T13:51:39Z,9.99,USD
902526,106596,monthly,canceled,2025-10-13T13:51:39Z,9.99,USD
902527,100594,monthly,active,2026-02-08T05:12:54Z,9.99,USD
902528,102975,monthly,active,2025-09-21T00:25:58Z,9.99,USD
902528,102975,monthly,canceled,2025-10-10T00:25:58Z,9.99,USD
902529,106172,monthly,active,2026-01-29T13:37:15Z,9.99,USD
902529,106172,monthly,canceled,2026-03-07T13:37:15Z,9.99,USD
902530,102528,free_trial,trialing,2025-11-25T22:32:27Z,0.0,USD
902530,102528,free_trial,expired,2025-12-08 17:32:27,0.0,USD
902531,107058,annual,active,2025-12-14T12:56:50Z,79.99,USD
902532,101467,free_trial,trialing,2026-01-02T07:41:00Z,0.0,USD
902532,101467,annual,active,2026-01-16T07:41:00Z,79.99,USD
902533,107726,monthly,active,2025-12-10T08:36:00Z,9.99,USD
902534,107093,monthly,active,2025-11-21T23:15:54Z,9.99,USD
902534,107093,monthly,canceled,2025-12-20T23:15:54Z,9.99,USD
902535,101412,monthly,active,2025-11-20T09:56:10Z,9.99,USD
902535,101412,monthly,canceled,2026-02-07T09:56:10Z,9.99,USD
902536,104643,free_trial,trialing,2025-07-20 07:37:16,0.0,USD
902536,104643,monthly,active,2025-07-25T12:37:16Z,9.99,USD
902536,104643,monthly,canceled,2025-11-11T12:37:16Z,9.99,USD
902537,100250,annual,active,2025-08-01T10:30:28Z,79.99,USD
902537,100250,annual,canceled,2025-11-27 05:30:28,79.99,USD
902538,104250,annual,active,2026-01-25T04:39:56Z,79.99,USD
902538,104250,annual,expired,2026-07-04T04:39:56Z,79.99,USD
902539,373485,annual,active,2025-07-10T00:15:43Z,79.99,USD
902540,106393,free_trial,trialing,2026-01-24 09:14:15,0.0,USD
902540,106393,free_trial,expired,2026-01-31T14:14:15Z,0.0,USD
902541,100883,annual,active,2025-10-31T05:01:09Z,79.99,USD
902541,100883,annual,canceled,2026-01-30T05:01:09Z,79.99,USD
902542,107034,monthly,active,2025-08-29 00:56:29,9.99,USD
902543,102193,monthly,active,2025-08-19T17:05:25Z,9.99,USD
902544,107856,free_trial,trialing,2026-01-14T07:08:51Z,0.0,USD
902544,107856,annual,active,2026-01-23T07:08:51Z,79.99,USD
902545,100954,free_trial,trialing,2025-12-07T16:23:36Z,0.0,USD
902545,100954,free_trial,expired,2025-12-17T16:23:36Z,0.0,USD
902546,104965,annual,active,2025-07-18T03:08:01Z,79.99,USD
902546,104965,annual,canceled,2025-11-19T03:08:01Z,79.99,USD
902547,104392,monthly,active,2025-10-12T14:58:17Z,9.99,USD
902548,105587,monthly,active,2026-01-10T15:00:10Z,9.99,USD
902548,105587,monthly,canceled,2026-01-25 10:00:10,9.99,USD
902549,100520,monthly,active,2025-07-29 12:53:27,9.99,USD
902550,105379,free_trial,trialing,2026-01-14T11:24:03Z,0.0,USD
902550,105379,monthly,active,2026-01-27T11:24:03Z,9.99,USD
902550,105379,monthly,canceled,2026-05-10T11:24:03Z,9.99,USD
902551,106623,annual,active,2025-11-25T01:02:30Z,79.99,USD
902552,103705,annual,active,2025-10-09T00:03:29Z,79.99,USD
902553,106643,monthly,active,2026-01-11 15:14:37,9.99,USD
902553,106643,monthly,canceled,2026-05-18T20:14:37Z,9.99,USD
902554,100188,free_trial,trialing,2025-08-09T23:41:01Z,0.0,USD
902555,102829,free_trial,trialing,2025-10-05 07:28:46,0.0,USD
902555,102829,free_trial,expired,2025-10-13T12:28:46Z,0.0,USD
902556,106185,monthly,active,2025-07-22T04:08:10Z,9.99,USD
902556,106185,monthly,canceled,2025-09-07 23:08:10,9.99,USD
902557,107847,free_trial,trialing,2025-12-06T18:38:30Z,0.0,USD
902557,107847,free_trial,expired,2025-12-20T18:38:30Z,0.0,USD
902558,104928,annual,active,2025-08-20T11:16:30Z,79.99,USD
902558,104928,annual,canceled,2025-12-01T11:16:30Z,79.99,USD
902559,104656,monthly,active,2025-07-27T06:29:41Z,9.99,USD
902559,104656,monthly,canceled,2025-11-25T06:29:41Z,9.99,USD
902560,100254,free_trial,trialing,2025-11-28T09:37:06Z,0.0,USD
902560,100254,free_trial,expired,2025-12-08T09:37:06Z,0.0,USD
902561,103034,free_trial,trialing,2025-07-20T09:37:09Z,0.0,USD
902561,103034,free_trial,expired,2025-08-01 04:37:09,0.0,USD
902562,104704,monthly,active,2026-01-09T05:01:45Z,9.99,USD
902563,100369,annual,active,2025-11-27 01:15:07,79.99,USD
902564,102855,annual,active,2026-02-17T19:55:22Z,79.99,USD
902565,100872,annual,active,2025-09-23T05:48:22Z,79.99,USD
902566,103968,free_trial,trialing,2026-02-18T16:12:15Z,0.0,USD
902566,103968,annual,active,2026-02-24 11:12:15,79.99,USD
902567,107158,free_trial,trialing,2025-07-27T08:57:41Z,0.0,USD
902567,107158,annual,active,2025-08-08T08:57:41Z,79.99,USD
902568,106359,monthly,active,2026-01-02 02:22:31,9.99,USD
902568,106359,monthly,canceled,2026-02-19T07:22:31Z,9.99,USD
902569,105059,annual,active,2025-12-17T14:13:06Z,79.99,USD
902570,100954,annual,active,2025-10-31T03:10:37Z,79.99,USD
902571,102136,annual,active,2026-02-11T15:14:14Z,79.99,USD
902572,103083,annual,active,2025-07-08T15:27:48Z,79.99,USD
902572,103083,annual,canceled,2025-10-03T15:27:48Z,79.99,USD
902573,105336,annual,active,2026-02-02T02:42:32Z,79.99,USD
902573,105336,annual,expired,2026-03-02T02:42:32Z,79.99,USD
902574,102028,monthly,active,2025-07-30T01:44:12Z,9.99,USD
902575,100770,monthly,active,2025-09-04T08:13:08Z,9.99,USD
902575,100770,monthly,expired,2025-12-24T08:13:08Z,9.99,USD
902576,104094,annual,active,2026-02-15T17:40:52Z,79.99,USD
902577,107280,free_trial,trialing,2025-10-14 17:03:50,0.0,USD
902577,107280,annual,active,2025-10-27T22:03:50Z,79.99,USD
902578,107033,monthly,active,2025-09-26T12:15:38Z,9.99,USD
902579,107236,free_trial,trialing,2025-12-10T16:37:40Z,0.0,USD
902579,107236,monthly,active,2025-12-13T16:37:40Z,9.99,USD
902580,100966,free_trial,trialing,2026-01-16T00:17:56Z,0.0,USD
902580,100966,free_trial,expired,2026-01-29T00:17:56Z,0.0,USD
902581,100253,free_trial,trialing,2025-08-01T16:09:33Z,0.0,USD
902581,100253,free_trial,expired,2025-08-10T16:09:33Z,0.0,USD
902582,102730,monthly,active,2025-10-04 00:31:33,9.99,GBP
902583,102858,annual,active,2025-09-24T06:02:23Z,79.99,USD
902584,104620,monthly,active,2026-01-18 15:40:27,9.99,EUR
902584,104620,monthly,expired,2026-05-07T20:40:27Z,9.99,USD
902585,102532,monthly,active,2025-09-19T09:22:28Z,9.99,USD
902585,102532,monthly,canceled,2025-12-24T09:22:28Z,9.99,USD
902586,101702,free_trial,trialing,2026-02-08T23:30:55Z,0.0,USD
902587,106552,monthly,active,2025-09-11T08:38:05Z,9.99,USD
902587,106552,monthly,canceled,2025-11-12T08:38:05Z,9.99,USD
902588,101091,free_trial,trialing,2025-12-16T19:38:26Z,0.0,USD
902588,101091,monthly,active,2025-12-30T19:38:26Z,9.99,USD
902589,102573,monthly,active,2025-10-17T20:05:00Z,9.99,USD
902590,100124,monthly,active,2025-12-06T09:55:32Z,9.99,USD
902591,104355,monthly,active,2026-01-29T10:25:12Z,9.99,USD
902592,103050,free_trial,trialing,2026-01-25T06:36:35Z,0.0,USD
902592,103050,monthly,active,2026-02-07T06:36:35Z,9.99,USD
902593,107267,monthly,active,2025-10-04T14:18:36Z,9.99,USD
902594,102278,free_trial,trialing,2025-10-04T01:09:19Z,0.0,USD
902594,102278,free_trial,expired,2025-10-11T01:09:19Z,0.0,USD
902595,106506,free_trial,trialing,2025-09-10T20:14:37Z,0.0,USD
902596,104954,free_trial,trialing,2026-01-02 22:52:24,0.0,USD
902596,104954,monthly,active,2026-01-15T03:52:24Z,9.99,USD
902597,104556,free_trial,trialing,2025-08-12T14:17:31Z,0.0,USD
902597,104556,monthly,active,2025-08-24T14:17:31Z,9.99,USD
902597,104556,monthly,canceled,2025-12-05T14:17:31Z,9.99,USD
902598,377814,monthly,active,2025-07-24T18:13:19Z,9.99,USD
902598,377814,monthly,canceled,2025-08-08T18:13:19Z,9.99,USD
902599,103662,monthly,active,2025-10-09T17:40:45Z,9.99,USD
902600,105074,annual,active,2025-07-29T09:12:31Z,79.99,USD
902601,101107,free_trial,trialing,2025-09-22T01:55:18Z,0.0,USD
902601,101107,free_trial,expired,2025-10-05T01:55:18Z,0.0,USD
902602,104792,free_trial,trialing,2025-11-16T18:44:36Z,0.0,USD
902602,104792,annual,active,2025-11-29T18:44:36Z,79.99,USD
902603,103836,monthly,active,2026-02-07 09:44:17,9.99,USD
902604,107969,free_trial,trialing,2026-01-14T08:57:24Z,0.0,USD
902604,107969,free_trial,expired,2026-01-27 03:57:24,0.0,USD
902605,104821,monthly,active,2025-08-30T20:08:18Z,9.99,USD
902606,105774,monthly,active,2025-10-06T20:30:52Z,9.99,USD
902607,107282,free_trial,trialing,2026-02-14T19:56:41Z,0.0,USD
902607,107282,free_trial,expired,2026-02-26T19:56:41Z,0.0,USD
902608,101040,annual,active,2025-07-09T07:10:50Z,79.99,USD
902608,101040,annual,canceled,2025-08-14 02:10:50,79.99,USD
902609,100359,monthly,active,2026-02-08T14:28:18Z,9.99,USD
902610,106751,monthly,active,2026-01-14 14:39:55,9.99,USD
902610,106751,monthly,canceled,2026-04-17T19:39:55Z,9.99,USD
902611,107036,monthly,active,2025-10-02T18:18:57Z,9.99,USD
902611,107036,monthly,expired,2026-01-11T18:18:57Z,9.99,USD
902612,106011,free_trial,trialing,2025-08-15T21:07:02Z,0.0,USD
902612,106011,monthly,active,2025-08-22T21:07:02Z,9.99,USD
902613,102091,annual,active,2025-10-12 22:19:42,79.99,USD
902614,107188,annual,active,2025-07-05T02:51:55Z,79.99,USD
902615,103888,annual,active,2025-08-31T11:23:29Z,79.99,USD
902616,102753,monthly,active,2025-08-01T16:09:50Z,9.99,USD
902617,105795,monthly,active,2025-10-30T16:55:02Z,9.99,USD
902618,104995,monthly,active,2025-11-21T09:46:23Z,9.99,USD
902619,106780,monthly,active,2025-08-10T17:00:07Z,9.99,USD
902619,106780,monthly,canceled,2026-01-06T17:00:07Z,9.99,USD
902620,102551,annual,active,2025-07-19 04:28:43,79.99,USD
902620,102551,annual,canceled,2025-08-16T09:28:43Z,79.99,USD
902621,102185,free_trial,trialing,2026-01-28T10:34:40Z,0.0,USD
902621,102185,annual,active,2026-02-10T10:34:40Z,79.99,USD
902622,103000,free_trial,trialing,2026-02-02T20:07:08Z,0.0,USD
902622,103000,annual,active,2026-02-08T20:07:08Z,79.99,USD
902623,101960,monthly,active,2025-09-27T19:13:43Z,9.99,USD
902624,102487,monthly,active,2026-01-11T17:07:14Z,9.99,USD
902624,102487,monthly,canceled,2026-05-17T17:07:14Z,9.99,USD
902625,106298,monthly,active,2025-12-13T14:17:14Z,9.99,USD
902625,106298,monthly,canceled,2026-01-23T14:17:14Z,9.99,USD
902626,103979,free_trial,trialing,2025-10-18T05:16:26Z,0.0,USD
902626,103979,annual,active,2025-10-24T05:16:26Z,79.99,USD
902627,106204,annual,active,2025-11-03T15:12:30Z,79.99,USD
902628,100036,annual,active,2025-09-27 05:31:04,79.99,USD
902628,100036,annual,canceled,2026-01-26T10:31:04Z,79.99,USD
902629,102748,monthly,active,2025-12-29T05:26:46Z,9.99,USD
902629,102748,monthly,expired,2026-05-22T05:26:46Z,9.99,USD
902630,106944,monthly,active,2025-12-14T05:24:37Z,9.99,USD
902631,105739,free_trial,trialing,2026-01-29T06:35:34Z,0.0,USD
902632,106797,free_trial,trialing,2025-11-13T06:31:08Z,0.0,USD
902632,106797,annual,active,2025-11-27 01:31:08,79.99,USD
902633,101868,annual,active,2025-08-21T06:37:06Z,79.99,USD
902633,101868,annual,canceled,2025-09-05T06:37:06Z,79.99,USD
902634,105028,monthly,active,2025-07-03T19:31:35Z,9.99,USD
902635,103450,annual,active,2025-11-21T22:05:41Z,79.99,USD
902636,105110,free_trial,trialing,2026-02-06 11:33:21,0.0,USD
902636,105110,free_trial,expired,2026-02-18T16:33:21Z,0.0,USD
902637,106570,annual,active,2026-01-03T19:44:53Z,79.99,USD
902637,106570,annual,canceled,2026-03-29T19:44:53Z,79.99,USD
902638,105098,annual,active,2025-11-06T21:20:33Z,79.99,USD
902639,100382,free_trial,trialing,2025-12-25T11:33:32Z,0.0,USD
902639,100382,free_trial,expired,2026-01-04T11:33:32Z,0.0,USD
902640,105652,monthly,active,2025-08-09 07:15:03,9.99,USD
902640,105652,monthly,canceled,2025-08-28T12:15:03Z,9.99,USD
902641,104949,free_trial,trialing,2025-10-04T20:42:44Z,0.0,USD
902642,103373,monthly,active,2026-02-04 11:44:21,9.99,USD
902642,103373,monthly,expired,2026-07-25T16:44:21Z,9.99,USD
902643,102397,monthly,active,2025-07-04T18:27:10Z,9.99,USD
902644,107921,monthly,active,2025-09-12T14:46:24Z,9.99,USD
902645,100633,monthly,active,2026-01-12T05:20:01Z,9.99,USD
902645,100633,monthly,canceled,2026-03-29 00:20:01,9.99,USD
902646,107031,free_trial,trialing,2025-09-27 12:21:11,0.0,USD
902646,107031,free_trial,expired,2025-10-05T17:21:11Z,0.0,USD
902647,100346,monthly,active,2025-11-21T11:39:52Z,9.99,USD
902648,105571,monthly,active,2025-12-20T01:34:54Z,9.99,USD
902649,103443,monthly,active,2025-10-02T18:08:14Z,9.99,USD
902649,103443,monthly,canceled,2026-02-20T18:08:14Z,9.99,USD
902650,104042,annual,active,2025-10-30T01:46:50Z,79.99,USD
902650,104042,annual,expired,2026-01-05T01:46:50Z,79.99,USD
902651,104050,monthly,active,2025-08-13T23:57:09Z,9.99,USD
902652,100915,annual,active,2025-07-12T13:44:43Z,79.99,USD
902652,100915,annual,expired,2025-12-14T13:44:43Z,79.99,USD
902653,101798,free_trial,trialing,2026-02-16T16:42:07Z,0.0,USD
902653,101798,free_trial,expired,2026-03-02T16:42:07Z,0.0,USD
902654,103512,monthly,active,2025-12-02T03:40:52Z,9.99,USD
902654,103512,monthly,canceled,2026-02-20 22:40:52,9.99,EUR
902655,104675,free_trial,trialing,2026-01-16T09:53:00Z,0.0,USD
902655,104675,free_trial,expired,2026-01-27T09:53:00Z,0.0,USD
902656,105627,monthly,active,2025-07-28 05:39:05,9.99,USD
902656,105627,monthly,canceled,2025-09-10T10:39:05Z,9.99,USD
902657,107292,monthly,active,2026-01-04T21:48:09Z,9.99,USD
902657,107292,monthly,canceled,2026-05-19T21:48:09Z,9.99,USD
902658,107052,monthly,active,2025-08-19T23:12:18Z,9.99,USD
902659,101507,monthly,active,2025-07-27T07:18:52Z,9.99,USD
902660,104043,monthly,active,2025-07-16T05:39:49Z,9.99,USD
902661,103453,monthly,active,2025-07-12T06:32:53Z,9.99,USD
902661,103453,monthly,canceled,2025-10-04 01:32:53,9.99,USD
902662,106020,annual,active,2025-08-26T15:45:24Z,79.99,USD
902662,106020,annual,canceled,2025-10-17T15:45:24Z,79.99,USD
902663,342022,annual,active,2025-07-04T06:11:08Z,79.99,USD
902664,104787,monthly,active,2025-11-24T20:44:25Z,9.99,USD
902665,101469,monthly,active,2026-01-30T04:27:48Z,9.99,USD
902666,106545,monthly,active,2025-12-03T01:12:46Z,9.99,USD
902667,100432,monthly,active,2025-07-07T15:54:12Z,9.99,USD
902667,100432,monthly,canceled,2025-09-09T15:54:12Z,9.99,USD
902668,101648,annual,active,2025-08-20T17:51:00Z,79.99,USD
902669,104642,free_trial,trialing,2025-10-28T22:22:23Z,0.0,USD
902669,104642,monthly,active,2025-11-06T22:22:23Z,9.99,GBP
902670,105474,free_trial,trialing,2026-01-16 07:13:30,0.0,USD
902670,105474,monthly,active,2026-01-19T12:13:30Z,9.99,USD
902670,105474,monthly,canceled,2026-05-09T12:13:30Z,9.99,USD
902671,107585,monthly,active,2026-02-16T09:56:34Z,9.99,USD
902671,107585,monthly,canceled,2026-05-25T09:56:34Z,9.99,USD
902672,107936,free_trial,trialing,2025-07-22T12:44:34Z,0.0,USD
902672,107936,monthly,active,2025-08-01T12:44:34Z,9.99,USD
902673,101057,monthly,active,2025-07-18T01:50:12Z,9.99,USD
902674,106943,monthly,active,2025-12-30T07:25:40Z,9.99,USD
902675,103887,monthly,active,2025-09-15T08:02:09Z,9.99,USD
902675,103887,monthly,expired,2026-02-18 03:02:09,9.99,USD
902676,104492,monthly,active,2025-08-21T18:51:15Z,9.99,USD
902676,104492,monthly,canceled,2025-11-04T18:51:15Z,9.99,EUR
902677,107548,monthly,active,2025-09-24T22:36:02Z,9.99,USD
902678,103942,monthly,active,2025-08-24T12:49:14Z,9.99,USD
902678,103942,monthly,canceled,2025-12-21T12:49:14Z,9.99,GBP
902679,100924,free_trial,trialing,2025-11-04T16:24:12Z,0.0,USD
902679,100924,monthly,active,2025-11-07T16:24:12Z,9.99,USD
902680,311943,monthly,active,2025-11-15T07:05:50Z,9.99,USD
902681,105526,free_trial,trialing,2026-01-28T13:22:18Z,0.0,USD
902682,105125,free_trial,trialing,2025-09-11T08:53:46Z,0.0,USD
902682,105125,monthly,active,2025-09-25T08:53:46Z,9.99,USD
902683,105379,monthly,active,2025-11-06T07:40:17Z,9.99,USD
902684,105345,annual,active,2025-10-03T14:40:39Z,79.99,EUR
902684,105345,annual,canceled,2026-01-28T14:40:39Z,79.99,USD
902685,101280,monthly,active,2025-11-04T07:54:31Z,9.99,USD
902686,101317,free_trial,trialing,2026-02-01 01:27:01,0.0,USD
902686,101317,annual,active,2026-02-04T06:27:01Z,79.99,USD
902687,101931,monthly,active,2026-02-14T15:32:46Z,9.99,USD
902688,102381,monthly,active,2025-11-30T05:38:52Z,9.99,EUR
902689,103400,monthly,active,2026-01-23T13:55:44Z,9.99,USD
902689,103400,monthly,canceled,2026-02-20 08:55:44,9.99,USD
902690,101423,monthly,active,2025-08-07T13:57:55Z,9.99,USD
902690,101423,monthly,canceled,2025-10-01 08:57:55,9.99,USD
902691,104571,monthly,active,2026-01-12T22:18:04Z,9.99,USD
902691,104571,monthly,expired,2026-07-06 17:18:04,9.99,USD
902692,102677,free_trial,trialing,2025-12-15T01:35:19Z,0.0,USD
902693,104153,monthly,active,2025-12-14T02:38:39Z,9.99,USD
902694,104076,annual,active,2025-10-04T01:30:03Z,79.99,USD
902694,104076,annual,expired,2025-09-14T01:30:03Z,79.99,USD
902695,103391,monthly,active,2025-11-13T13:46:39Z,9.99,USD
902696,104211,monthly,active,2025-11-11T04:13:09Z,9.99,USD
902697,107160,monthly,active,2025-11-19T04:25:51Z,9.99,USD
902697,107160,monthly,expired,2026-02-21T04:25:51Z,9.99,USD
902698,107477,free_trial,trialing,2025-11-12T13:54:00Z,0.0,USD
902698,107477,free_trial,expired,2025-11-21T13:54:00Z,0.0,USD
902699,107431,free_trial,trialing,2025-08-13T04:38:00Z,0.0,USD
902699,107431,free_trial,expired,2025-08-23T04:38:00Z,0.0,USD
902700,100283,free_trial,trialing,2025-07-23 07:59:03,0.0,USD
902701,104899,monthly,active,2025-08-09T11:08:21Z,9.99,USD
902701,104899,monthly,canceled,2025-11-24T11:08:21Z,9.99,USD
902702,105074,free_trial,trialing,2025-12-19T01:41:49Z,0.0,USD
902702,105074,free_trial,expired,2025-12-26 20:41:49,0.0,USD
902703,106921,monthly,active,2026-01-19T13:39:50Z,9.99,USD
902704,105674,annual,active,2025-09-09T00:49:54Z,79.99,USD
902705,104062,free_trial,trialing,2025-11-13T10:35:00Z,0.0,USD
902705,104062,free_trial,expired,2025-11-26T10:35:00Z,0.0,USD
902706,102338,annual,active,2025-10-13 14:48:04,79.99,USD
902707,101945,free_trial,trialing,2025-09-06T18:06:54Z,0.0,USD
902708,106493,annual,active,2025-11-16T15:53:38Z,79.99,USD
902709,104051,free_trial,trialing,2025-12-09T09:38:40Z,0.0,USD
902709,104051,monthly,active,2025-12-20 04:38:40,9.99,USD
902709,104051,monthly,canceled,2026-02-10T09:38:40Z,9.99,USD
902710,102470,free_trial,trialing,2026-01-04T21:07:49Z,0.0,USD
902711,101039,annual,active,2026-02-10 18:40:50,79.99,USD
902712,107374,annual,active,2025-07-03T05:59:18Z,79.99,USD
902712,107374,annual,canceled,2025-09-22T05:59:18Z,79.99,USD
902713,107139,monthly,active,2025-12-19T23:40:07Z,9.99,USD
902714,100101,free_trial,trialing,2025-10-19T01:21:14Z,0.0,USD
902714,100101,monthly,active,2025-10-22 20:21:14,9.99,USD
902715,105104,free_trial,trialing,2026-02-03T00:07:10Z,0.0,USD
902715,105104,free_trial,expired,2026-02-12T00:07:10Z,0.0,USD
902716,104412,monthly,active,2025-12-12 09:13:06,9.99,USD
902717,104129,monthly,active,2025-10-25T00:34:37Z,9.99,USD
902718,102483,monthly,active,2025-08-15T08:46:46Z,9.99,USD
902719,102168,monthly,active,2025-07-04T07:08:12Z,9.99,USD
902719,102168,monthly,canceled,2025-08-03T07:08:12Z,9.99,USD
902720,100523,free_trial,trialing,2026-01-19T11:37:36Z,0.0,USD
902720,100523,annual,active,2026-01-26T11:37:36Z,79.99,USD
902721,105615,monthly,active,2025-09-30 09:57:16,9.99,USD
902722,105156,monthly,active,2025-11-22T04:37:14Z,9.99,USD
902723,107846,monthly,active,2025-10-30 23:46:00,9.99,USD
902724,107582,free_trial,trialing,2026-01-04T11:10:27Z,0.0,USD
902724,107582,monthly,active,2026-01-09T11:10:27Z,9.99,USD
902724,107582,monthly,canceled,2026-03-09 06:10:27,9.99,USD
902725,101598,monthly,active,2026-02-07T18:16:29Z,9.99,USD
902725,101598,monthly,canceled,2026-03-05T18:16:29Z,9.99,USD
902726,107212,annual,active,2025-11-19 05:29:18,79.99,USD
902727,107867,free_trial,trialing,2026-02-16T13:02:51Z,0.0,USD
902727,107867,free_trial,expired,2026-02-24T13:02:51Z,0.0,USD
902728,104700,monthly,active,2025-08-26T13:45:33Z,9.99,USD
902729,107748,annual,active,2026-01-03T16:36:09Z,79.99,USD
902730,105128,monthly,active,2025-10-21T04:09:34Z,9.99,USD
902730,105128,monthly,canceled,2025-12-11T04:09:34Z,9.99,USD
902731,102888,monthly,active,2025-07-13 18:40:49,9.99,USD
902732,106097,monthly,active,2026-01-02T06:19:49Z,9.99,USD
902733,106022,monthly,active,2025-08-04T01:53:27Z,9.99,USD
902733,106022,monthly,canceled,2025-09-21T01:53:27Z,9.99,USD
902734,100712,monthly,active,2025-09-21T20:25:34Z,9.99,USD
902734,100712,monthly,canceled,2025-11-28 15:25:34,9.99,USD
902735,107647,free_trial,trialing,2025-11-05T16:52:26Z,0.0,USD
902735,107647,monthly,active,2025-11-08T16:52:26Z,9.99,USD
902736,103079,annual,active,2025-07-25T15:06:49Z,79.99,USD
902737,104823,monthly,active,2025-07-13T23:20:24Z,9.99,USD
902738,104728,monthly,active,2025-08-23T05:25:35Z,9.99,USD
902739,102952,monthly,active,2025-07-24 00:23:59,9.99,USD
902740,104860,free_trial,trialing,2025-10-08T08:53:25Z,0.0,USD
902740,104860,monthly,active,2025-10-11T08:53:25Z,9.99,USD
902740,104860,monthly,canceled,2025-11-25T08:53:25Z,9.99,USD
902741,106667,monthly,active,2026-01-16 17:52:43,9.99,USD
902742,106830,monthly,active,2025-08-16T15:25:26Z,9.99,USD
902743,100091,free_trial,trialing,2025-07-04 13:30:46,0.0,USD
902743,100091,annual,active,2025-07-07 13:30:46,79.99,USD
902743,100091,annual,canceled,2025-10-19T18:30:46Z,79.99,USD
902744,101208,monthly,active,2026-02-17T08:15:57Z,9.99,USD
902745,100684,free_trial,trialing,2025-12-13T07:37:33Z,0.0,USD
902745,100684,monthly,active,2025-12-24T07:37:33Z,9.99,USD
902746,101784,free_trial,trialing,2025-11-21T00:52:08Z,0.0,USD
902747,102631,annual,active,2025-07-16T14:10:24Z,79.99,USD
902748,100056,monthly,active,2025-09-29T07:02:22Z,9.99,USD
902748,100056,monthly,canceled,2025-09-20T07:02:22Z,9.99,USD
902749,103918,free_trial,trialing,2025-12-01T03:44:18Z,0.0,USD
902749,103918,monthly,active,2025-12-12T03:44:18Z,9.99,USD
902750,103802,free_trial,trialing,2026-01-30T05:48:55Z,0.0,USD
902750,103802,monthly,active,2026-02-04T05:48:55Z,9.99,USD
902750,103802,monthly,canceled,2026-05-09T05:48:55Z,9.99,USD
902751,107056,monthly,active,2026-02-04 14:55:42,9.99,USD
902751,107056,monthly,expired,2026-05-19T19:55:42Z,9.99,USD
902752,102564,free_trial,trialing,2026-01-11T21:44:42Z,0.0,USD
902752,102564,annual,active,2026-01-14 16:44:42,79.99,USD
902752,102564,annual,canceled,2026-03-12T21:44:42Z,79.99,USD
902753,101121,free_trial,trialing,2025-08-20T20:16:09Z,0.0,USD
902753,101121,annual,active,2025-08-27T20:16:09Z,79.99,USD
902753,101121,annual,canceled,2025-11-22T20:16:09Z,79.99,USD
902754,104816,monthly,active,2025-11-24T02:34:17Z,9.99,USD
902754,104816,monthly,canceled,2026-01-24T02:34:17Z,9.99,USD
902755,100611,monthly,active,2025-11-19T12:09:35Z,9.99,USD
902756,107419,monthly,active,2025-11-06T06:27:27Z,9.99,USD
902757,103914,free_trial,trialing,2025-08-03 00:30:32,0.0,USD
902757,103914,monthly,active,2025-08-17T05:30:32Z,9.99,USD
902758,105157,free_trial,trialing,2025-07-06T11:33:43Z,0.0,USD
902758,105157,free_trial,expired,2025-07-13T11:33:43Z,0.0,USD
902759,107963,monthly,active,2025-12-11T00:36:38Z,9.99,USD
902760,107219,free_trial,trialing,2025-08-01 04:33:39,0.0,USD
902760,107219,annual,active,2025-08-12T09:33:39Z,79.99,USD
902761,102248,monthly,active,2025-10-31T13:45:52Z,9.99,USD
902762,107771,free_trial,trialing,2025-08-08T18:32:52Z,0.0,USD
902762,107771,free_trial,expired,2025-08-22T18:32:52Z,0.0,USD
902763,105289,annual,active,2025-11-18 11:48:55,79.99,USD
902764,104120,monthly,active,2025-10-10T02:56:24Z,9.99,USD
902765,101155,monthly,active,2025-10-14T19:00:02Z,9.99,USD
902766,106052,monthly,active,2025-10-16T00:23:05Z,9.99,USD
902767,103741,free_trial,trialing,2025-09-01T07:30:53Z,0.0,USD
902768,107935,monthly,active,2025-12-05T11:15:28Z,9.99,USD
902769,103159,free_trial,trialing,2025-12-02T12:00:36Z,0.0,USD
902769,103159,free_trial,expired,2025-12-13T12:00:36Z,0.0,USD
902770,107536,annual,active,2025-08-31T21:30:38Z,79.99,USD
902771,106582,free_trial,trialing,2025-07-23T00:13:30Z,0.0,USD
902771,106582,free_trial,expired,2025-08-05T00:13:30Z,0.0,USD
902772,102428,monthly,active,2025-09-12T23:12:31Z,9.99,USD
902772,102428,monthly,canceled,2026-02-01T23:12:31Z,9.99,USD
902773,100463,monthly,active,2025-12-21T10:59:42Z,9.99,USD
902774,101455,monthly,active,2025-08-29 00:17:31,9.99,USD
902775,100905,annual,active,2025-09-04T05:32:17Z,79.99,USD
902776,103731,free_trial,trialing,2025-12-24T11:26:03Z,0.0,USD
902777,105929,annual,active,2025-10-29T08:53:04Z,79.99,USD
902778,100755,monthly,active,2025-11-22T08:38:09Z,9.99,USD
902779,104432,free_trial,trialing,2025-08-08T10:24:32Z,0.0,USD
902779,104432,free_trial,expired,2025-08-22T10:24:32Z,0.0,USD
902780,100637,free_trial,trialing,2025-08-28T02:00:23Z,0.0,USD
902780,100637,free_trial,expired,2025-09-08T02:00:23Z,0.0,USD
902781,106800,monthly,active,2025-12-13T17:34:06Z,9.99,USD
902781,106800,monthly,expired,2026-06-21T17:34:06Z,9.99,USD
902782,106349,free_trial,trialing,2025-07-05T12:52:26Z,0.0,USD
902782,106349,annual,active,2025-07-17T12:52:26Z,79.99,USD
902783,102104,free_trial,trialing,2025-08-27T19:53:35Z,0.0,USD
902784,311952,free_trial,trialing,2026-02-17T16:49:43Z,0.0,USD
902784,311952,monthly,active,2026-02-20T16:49:43Z,9.99,USD
902785,107056,monthly,active,2025-09-29 21:18:52,9.99,USD
902785,107056,monthly,expired,2026-01-09 21:18:52,9.99,USD
902786,102165,monthly,active,2025-08-10T08:38:08Z,9.99,USD
902787,105904,annual,active,2025-11-22T06:21:05Z,79.99,USD
902787,105904,annual,canceled,2026-01-20 01:21:05,79.99,USD
902788,100481,free_trial,trialing,2025-08-03T16:55:09Z,0.0,USD
902789,107729,monthly,active,2025-11-07T10:27:53Z,9.99,USD
902789,107729,monthly,canceled,2026-01-22T10:27:53Z,9.99,USD
902790,105764,free_trial,trialing,2026-01-06T05:13:26Z,0.0,USD
902791,105718,free_trial,trialing,2026-02-18T04:19:00Z,0.0,USD
902792,102301,monthly,active,2025-10-11T01:05:37Z,9.99,USD
902793,105999,annual,active,2025-11-17 06:15:12,79.99,USD
902793,105999,annual,expired,2026-04-18 06:15:12,79.99,USD
902794,100751,monthly,active,2026-01-15 15:29:09,9.99,USD
902795,105627,monthly,active,2025-11-17T15:41:44Z,9.99,USD
902795,105627,monthly,canceled,2026-04-05T15:41:44Z,9.99,USD
902796,106718,annual,active,2025-11-23T15:15:21Z,79.99,USD
902797,101521,monthly,active,2025-07-04T17:49:07Z,9.99,USD
902798,101370,annual,active,2025-07-05T08:06:46Z,79.99,USD
902799,107160,monthly,active,2026-01-12T14:07:56Z,9.99,USD
902800,104784,monthly,active,2025-12-14T05:12:03Z,9.99,USD
902801,102244,monthly,active,2025-07-20T02:00:15Z,9.99,USD
902802,107497,free_trial,trialing,2026-01-16T05:15:54Z,0.0,USD
902802,107497,annual,active,2026-01-22T05:15:54Z,79.99,USD
902803,104556,monthly,active,2025-08-21T15:02:23Z,9.99,USD
902803,104556,monthly,canceled,2025-09-23T15:02:23Z,9.99,USD
902804,100086,monthly,active,2025-08-06T23:52:07Z,9.99,USD
902805,100705,free_trial,trialing,2025-12-19T21:37:17Z,0.0,USD
902805,100705,free_trial,expired,2026-01-02T21:37:17Z,0.0,USD
902806,106373,annual,active,2025-09-16T10:16:54Z,79.99,USD
902806,106373,annual,canceled,2025-10-02 05:16:54,79.99,USD
902807,100208,monthly,active,2026-01-16 11:29:05,9.99,USD
902807,100208,monthly,expired,2026-05-08T16:29:05Z,9.99,USD
902808,104232,monthly,active,2025-11-06T15:31:24Z,9.99,USD
902809,106582,free_trial,trialing,2025-08-26T00:40:19Z,0.0,USD
902809,106582,annual,active,2025-08-31T00:40:19Z,79.99,USD
902809,106582,annual,canceled,2025-11-07T00:40:19Z,79.99,USD
902810,100909,monthly,active,2025-11-12 02:26:01,9.99,USD
902811,104390,monthly,active,2025-10-23T13:23:58Z,9.99,USD
902812,104347,monthly,active,2025-12-19T07:25:57Z,9.99,USD
902812,104347,monthly,canceled,2026-03-24T07:25:57Z,9.99,USD
902813,102003,annual,active,2025-12-14T10:14:28Z,79.99,USD
902814,106009,monthly,active,2025-12-22T14:53:43Z,9.99,USD
902815,104162,monthly,active,2025-10-03 06:23:24,9.99,USD
902816,102579,monthly,active,2026-01-09T06:54:48Z,9.99,USD
902817,103440,monthly,active,2025-08-17T05:09:23Z,9.99,USD
902817,103440,monthly,canceled,2025-09-05T05:09:23Z,9.99,USD
902818,100912,monthly,active,2025-08-12T10:55:21Z,9.99,USD
902819,105994,monthly,active,2025-07-20T11:07:45Z,9.99,USD
902820,101848,annual,active,2025-09-14 05:22:21,79.99,USD
902820,101848,annual,canceled,2025-11-09 05:22:21,79.99,USD
902821,107348,monthly,active,2025-12-08 14:38:48,9.99,USD
902822,103817,annual,active,2026-01-23T11:09:59Z,79.99,USD
902823,107381,monthly,active,2025-08-21T10:14:40Z,9.99,USD
902823,107381,monthly,expired,2025-10-26T10:14:40Z,9.99,USD
902824,100101,annual,active,2025-10-02T20:33:19Z,79.99,USD
902825,102157,free_trial,trialing,2025-10-08T15:01:49Z,0.0,USD
902825,102157,free_trial,expired,2025-10-15T15:01:49Z,0.0,USD
902826,102619,free_trial,trialing,2026-01-15T09:38:38Z,0.0,USD
902826,102619,monthly,active,2026-01-24T09:38:38Z,9.99,USD
902827,106542,monthly,active,2025-12-28T21:43:11Z,9.99,USD
902828,105617,monthly,active,2025-12-03T05:47:42Z,9.99,USD
902828,105617,monthly,expired,2026-05-02T05:47:42Z,9.99,USD
902829,105715,annual,active,2025-09-06T04:34:06Z,79.99,USD
902830,103761,annual,active,2025-07-16 07:50:29,79.99,USD
902831,107380,monthly,active,2025-11-14T20:34:10Z,9.99,USD
902832,107821,annual,active,2025-09-22T02:31:19Z,79.99,USD
902833,102777,free_trial,trialing,2025-12-24T05:27:11Z,0.0,USD
902833,102777,annual,active,2026-01-07T05:27:11Z,79.99,USD
902834,103518,monthly,active,2025-10-30T09:10:42Z,9.99,USD
902835,105810,free_trial,trialing,2025-12-30T12:35:00Z,0.0,USD
902835,105810,annual,active,2026-01-13T12:35:00Z,79.99,USD
902836,102923,monthly,active,2025-12-26 20:21:42,9.99,USD
902837,107316,free_trial,trialing,2025-09-29 10:04:59,0.0,USD
902837,107316,monthly,active,2025-10-02 10:04:59,9.99,USD
902838,100036,annual,active,2025-10-06T23:45:49Z,79.99,USD
902839,100637,annual,active,2025-11-11T20:18:52Z,79.99,USD
902839,100637,annual,canceled,2025-10-23T20:18:52Z,79.99,USD
902840,100123,annual,active,2025-07-31T17:44:20Z,79.99,USD
902841,102369,free_trial,trialing,2025-07-15T13:04:10Z,0.0,USD
902841,102369,free_trial,expired,2025-07-29T13:04:10Z,0.0,USD
902842,102714,annual,active,2025-07-19T21:52:25Z,79.99,USD
902843,105777,free_trial,trialing,2025-12-31T14:36:47Z,0.0,USD
902844,102343,free_trial,trialing,2026-01-28T09:53:19Z,0.0,USD
902844,102343,free_trial,expired,2026-02-09T09:53:19Z,0.0,USD
902845,101345,free_trial,trialing,2025-10-04T21:59:42Z,0.0,USD
902845,101345,free_trial,expired,2025-10-13T21:59:42Z,0.0,USD
902846,101346,free_trial,trialing,2025-11-28T19:19:48Z,0.0,USD
902846,101346,annual,active,2025-12-03T19:19:48Z,79.99,USD
902847,102312,monthly,active,2025-10-18T22:31:11Z,9.99,USD
902848,107536,monthly,active,2025-11-11T12:15:33Z,9.99,USD
902849,107999,monthly,active,2025-08-22T00:08:09Z,9.99,USD
902850,105183,monthly,active,2025-12-07T23:20:54Z,9.99,USD
902850,105183,monthly,expired,2026-04-10T23:20:54Z,9.99,USD
902851,105398,monthly,active,2025-10-01T09:42:30Z,9.99,USD
902851,105398,monthly,canceled,2026-02-10T09:42:30Z,9.99,USD
902852,105433,free_trial,trialing,2026-01-10T13:01:35Z,0.0,USD
902852,105433,free_trial,expired,2026-01-17T13:01:35Z,0.0,USD
902853,107067,free_trial,trialing,2025-10-05T19:17:32Z,0.0,USD
902853,107067,free_trial,expired,2025-10-19T19:17:32Z,0.0,USD
902854,106097,free_trial,trialing,2025-12-30T18:21:40Z,0.0,USD
902854,106097,annual,active,2026-01-02T18:21:40Z,79.99,USD
902855,100804,monthly,active,2026-02-07T23:23:29Z,9.99,USD
902856,101907,monthly,active,2025-08-09T12:33:15Z,9.99,USD
902856,101907,monthly,canceled,2025-10-02T12:33:15Z,9.99,USD
902857,107308,monthly,active,2026-02-07T13:54:11Z,9.99,USD
902858,107142,free_trial,trialing,2026-02-08T01:38:20Z,0.0,USD
902858,107142,monthly,active,2026-02-10 20:38:20,9.99,USD
902859,100627,free_trial,trialing,2025-11-02T21:39:57Z,0.0,USD
902859,100627,free_trial,expired,2025-11-14T21:39:57Z,0.0,USD
902860,103476,free_trial,trialing,2025-10-22T03:07:41Z,0.0,USD
902860,103476,monthly,active,2025-10-31T03:07:41Z,9.99,USD
902861,106041,monthly,active,2025-08-07 01:11:58,9.99,USD
902862,106951,annual,active,2025-12-14T17:15:38Z,79.99,USD
902863,102013,free_trial,trialing,2025-12-24T15:22:51Z,0.0,USD
902863,102013,monthly,active,2026-01-04 10:22:51,9.99,USD
902864,107486,annual,active,2025-09-20T08:46:25Z,79.99,USD
902865,103607,free_trial,trialing,2025-12-22T07:20:20Z,0.0,USD
902865,103607,free_trial,expired,2026-01-04T07:20:20Z,0.0,USD
902866,102714,monthly,active,2026-02-07T21:05:29Z,9.99,USD
902866,102714,monthly,canceled,2026-06-06T21:05:29Z,9.99,USD
902867,106955,monthly,active,2025-07-15T16:12:01Z,9.99,USD
902867,106955,monthly,canceled,2025-08-02T16:12:01Z,9.99,USD
902868,106943,monthly,active,2025-10-21T22:53:58Z,9.99,USD
902868,106943,monthly,expired,2025-12-21T22:53:58Z,9.99,USD
902869,107021,monthly,active,2025-07-16T06:36:12Z,9.99,USD
902869,107021,monthly,canceled,2025-10-11T06:36:12Z,9.99,USD
902870,102912,free_trial,trialing,2026-02-11T22:11:40Z,0.0,USD
902870,102912,free_trial,expired,2026-02-23T22:11:40Z,0.0,USD
902871,101179,annual,active,2025-12-27T22:11:14Z,79.99,USD
902872,101199,monthly,active,2025-10-15T14:39:38Z,9.99,USD
902872,101199,monthly,canceled,2026-02-17T14:39:38Z,9.99,USD
902873,106813,annual,active,2025-12-13T06:38:57Z,79.99,USD
902874,107344,free_trial,trialing,2025-10-09T15:34:54Z,0.0,USD
902875,101161,monthly,active,2025-12-03T23:59:23Z,9.99,USD
902875,101161,monthly,canceled,2026-02-02T23:59:23Z,9.99,USD
902876,107816,monthly,active,2026-01-25T13:25:09Z,9.99,USD
902877,100949,annual,active,2025-08-25T02:56:01Z,79.99,USD
902877,100949,annual,expired,2025-10-20T02:56:01Z,79.99,USD
902878,100137,annual,active,2025-08-25T05:14:58Z,79.99,USD
902878,100137,annual,canceled,2025-10-07T05:14:58Z,79.99,USD
902879,102039,free_trial,trialing,2025-09-07T18:09:34Z,0.0,USD
902880,104765,monthly,active,2025-12-17T09:58:42Z,9.99,EUR
902881,102234,monthly,active,2025-11-07T02:32:52Z,9.99,USD
902882,100877,free_trial,trialing,2025-12-26 12:17:41,0.0,USD
902883,106981,monthly,active,2025-08-07T12:00:40Z,9.99,USD
902884,101147,monthly,active,2025-08-19T19:48:51Z,9.99,USD
902884,101147,monthly,expired,2025-10-27T19:48:51Z,9.99,USD
902885,107410,monthly,active,2025-11-06T07:42:33Z,9.99,USD
902886,101003,monthly,active,2025-08-18T15:21:17Z,9.99,USD
902887,107540,annual,active,2025-10-16 07:12:14,79.99,USD
902888,103070,annual,active,2026-01-13T19:00:46Z,79.99,USD
902888,103070,annual,expired,2026-04-02T19:00:46Z,79.99,USD
902889,104281,monthly,active,2026-01-09T20:51:04Z,9.99,USD
902889,104281,monthly,canceled,2026-02-28T20:51:04Z,9.99,GBP
902890,102338,monthly,active,2026-02-17T21:05:13Z,9.99,USD
902890,102338,monthly,canceled,2026-06-30T21:05:13Z,9.99,USD
902891,107139,free_trial,trialing,2025-08-20T12:07:40Z,0.0,USD
902891,107139,free_trial,expired,2025-08-27T12:07:40Z,0.0,USD
902892,100540,annual,active,2025-07-21T22:29:17Z,79.99,USD
902892,100540,annual,canceled,2025-09-02T22:29:17Z,79.99,USD
902893,101316,monthly,active,2025-09-27T07:08:12Z,9.99,USD
902894,105705,monthly,active,2026-02-04T19:54:21Z,9.99,USD
902895,107671,monthly,active,2025-07-30T11:09:45Z,9.99,USD
902895,107671,monthly,expired,2025-10-19T11:09:45Z,9.99,USD
902896,100776,monthly,active,2026-01-13T21:59:51Z,9.99,USD
902897,100980,free_trial,trialing,2025-12-21T11:19:11Z,0.0,USD
902897,100980,free_trial,expired,2026-01-04T11:19:11Z,0.0,USD
902898,106373,free_trial,trialing,2025-07-23T12:09:33Z,0.0,USD
902898,106373,monthly,active,2025-08-02 07:09:33,9.99,USD
902898,106373,monthly,canceled,2025-11-27T12:09:33Z,9.99,USD
902899,101960,monthly,active,2025-10-06T09:20:28Z,9.99,USD
902900,106577,annual,active,2025-10-29T21:33:01Z,79.99,USD
902900,106577,annual,expired,2025-12-31T21:33:01Z,79.99,USD
902901,105554,annual,active,2025-11-24T06:54:06Z,79.99,USD
902902,103689,free_trial,trialing,2025-10-20T07:23:19Z,0.0,USD
902902,103689,free_trial,expired,2025-10-28T07:23:19Z,0.0,USD
902903,107571,monthly,active,2025-11-20T02:11:28Z,9.99,USD
902904,103550,free_trial,trialing,2025-10-13T01:24:44Z,0.0,USD
902904,103550,free_trial,expired,2025-10-25T01:24:44Z,0.0,USD
902905,100784,free_trial,trialing,2025-09-02T21:01:39Z,0.0,USD
902905,100784,monthly,active,2025-09-05T21:01:39Z,9.99,USD
902906,100380,monthly,active,2025-11-10 08:37:52,9.99,USD
902907,106803,monthly,active,2025-09-27T14:12:54Z,9.99,USD
902908,102832,monthly,active,2026-02-14 09:19:19,9.99,USD
902909,103112,monthly,active,2026-01-28T09:20:05Z,9.99,USD
902909,103112,monthly,canceled,2026-03-26T09:20:05Z,9.99,USD
902910,102381,free_trial,trialing,2025-10-02T01:02:51Z,0.0,USD
902910,102381,free_trial,expired,2025-10-11 20:02:51,0.0,USD
902911,101431,monthly,active,2025-10-10T04:07:30Z,9.99,USD
902912,104346,free_trial,trialing,2025-09-08T11:32:26Z,0.0,USD
902912,104346,free_trial,expired,2025-09-20T11:32:26Z,0.0,USD
902913,107421,monthly,active,2025-08-21T01:24:46Z,9.99,USD
902913,107421,monthly,canceled,2025-12-18T01:24:46Z,9.99,USD
902914,103216,annual,active,2025-07-25T00:04:59Z,79.99,USD
902915,106487,monthly,active,2025-08-20T14:21:57Z,9.99,USD
902915,106487,monthly,expired,2026-01-15T14:21:57Z,9.99,USD
902916,104468,annual,active,2025-07-16T12:25:26Z,79.99,USD
902917,103206,monthly,active,2025-12-07T09:57:49Z,9.99,USD
902918,101220,monthly,active,2025-12-21T20:07:23Z,9.99,USD
902919,102186,free_trial,trialing,2025-07-15T21:10:03Z,0.0,USD
902919,102186,monthly,active,2025-07-29T21:10:03Z,9.99,USD
902920,100747,monthly,active,2025-12-02T05:41:33Z,9.99,USD
902920,100747,monthly,canceled,2026-04-16T05:41:33Z,9.99,USD
902921,104532,free_trial,trialing,2025-09-01T04:07:57Z,0.0,USD
902922,331581,free_trial,trialing,2026-01-08 16:06:52,0.0,USD
902922,331581,annual,active,2026-01-20T21:06:52Z,79.99,USD
902922,331581,annual,canceled,2026-02-13 16:06:52,79.99,USD
902923,104020,annual,active,2026-01-04T07:17:04Z,79.99,USD
902923,104020,annual,canceled,2026-03-08T07:17:04Z,79.99,USD
902924,100374,monthly,active,2026-02-06 21:30:55,9.99,USD
902924,100374,monthly,expired,2026-03-05T02:30:55Z,9.99,USD
902925,107698,monthly,active,2025-12-26T11:35:02Z,9.99,USD
902926,100039,free_trial,trialing,2025-08-28T10:52:11Z,0.0,USD
902927,103727,annual,active,2025-09-04T15:17:26Z,79.99,USD
902928,100367,monthly,active,2025-07-18T14:15:12Z,9.99,USD
902928,100367,monthly,canceled,2025-09-18T14:15:12Z,9.99,USD
902929,103039,monthly,active,2025-11-15T18:29:43Z,9.99,USD
902929,103039,monthly,expired,2026-04-02 13:29:43,9.99,USD
902930,100571,monthly,active,2025-09-30T13:51:24Z,9.99,USD
902931,107095,free_trial,trialing,2026-01-16T13:35:56Z,0.0,USD
902931,107095,monthly,active,2026-01-27T13:35:56Z,9.99,USD
902932,101363,monthly,active,2025-08-22 01:21:58,9.99,USD
902933,107481,monthly,active,2025-07-13T03:05:23Z,9.99,USD
902934,100376,monthly,active,2025-12-02T16:41:33Z,9.99,USD
902934,100376,monthly,canceled,2026-01-30T16:41:33Z,9.99,USD
902935,104674,monthly,active,2025-07-04T03:20:37Z,9.99,USD
902936,105782,free_trial,trialing,2025-12-02T11:37:54Z,0.0,USD
902936,105782,monthly,active,2025-12-09T11:37:54Z,9.99,USD
902937,106810,monthly,active,2025-09-07T09:01:08Z,9.99,USD
902938,100914,annual,active,2025-08-29 15:44:48,79.99,USD
902938,100914,annual,canceled,2025-10-27T20:44:48Z,79.99,USD
902939,107103,monthly,active,2025-08-11T18:49:50Z,9.99,USD
902939,107103,monthly,expired,2025-10-02T18:49:50Z,9.99,USD
902940,100512,annual,active,2026-01-15T15:15:20Z,79.99,USD
902941,106185,monthly,active,2025-11-21T21:43:06Z,9.99,USD
902941,106185,monthly,canceled,2026-01-24T21:43:06Z,9.99,USD
902942,107482,monthly,active,2025-09-09T22:35:01Z,9.99,USD
902943,105972,free_trial,trialing,2025-08-15T02:32:56Z,0.0,USD
902944,106289,free_trial,trialing,2025-09-13T13:22:34Z,0.0,USD
902944,106289,monthly,active,2025-09-26T13:22:34Z,9.99,USD
902945,106046,monthly,active,2025-07-23T20:20:32Z,9.99,USD
902946,106393,monthly,active,2025-12-18T13:23:52Z,9.99,USD
902947,100277,annual,active,2026-01-17T05:34:16Z,79.99,USD
902948,100913,free_trial,trialing,2025-12-28T19:03:14Z,0.0,USD
902948,100913,free_trial,expired,2026-01-11T19:03:14Z,0.0,USD
902949,106138,monthly,active,2025-12-13T09:48:09Z,9.99,USD
902949,106138,monthly,canceled,2026-02-22T09:48:09Z,9.99,USD
902950,101527,free_trial,trialing,2025-10-02 11:33:48,0.0,USD
902951,102113,monthly,active,2026-01-31 15:11:00,9.99,USD
902952,104016,free_trial,trialing,2025-09-16T09:27:43Z,0.0,USD
902952,104016,annual,active,2025-09-19T09:27:43Z,79.99,USD
902953,106723,monthly,active,2026-02-18T08:33:11Z,9.99,USD
902954,100622,monthly,active,2025-11-07T21:03:44Z,9.99,USD
902955,106915,annual,active,2025-11-22T14:19:14Z,79.99,USD
902956,100119,free_trial,trialing,2025-12-06T13:42:28Z,0.0,USD
902956,100119,free_trial,expired,2025-12-18 08:42:28,0.0,USD
902957,103595,monthly,active,2025-12-30T10:40:30Z,9.99,USD
902957,103595,monthly,canceled,2026-03-24T10:40:30Z,9.99,USD
902958,105824,monthly,active,2025-09-29T02:14:36Z,9.99,GBP
902959,106319,free_trial,trialing,2026-01-04T22:35:14Z,0.0,USD
902959,106319,monthly,active,2026-01-10T22:35:14Z,9.99,USD
902960,100809,annual,active,2026-02-09T23:46:13Z,79.99,USD
902961,104015,monthly,active,2025-07-06T22:48:05Z,9.99,USD
902962,101427,annual,active,2025-12-28T14:30:35Z,79.99,EUR
902962,101427,annual,canceled,2026-05-05T14:30:35Z,79.99,USD
902963,101283,free_trial,trialing,2026-02-15T08:45:19Z,0.0,USD
902963,101283,free_trial,expired,2026-02-22T08:45:19Z,0.0,USD
902964,105118,monthly,active,2025-09-22T06:19:43Z,9.99,USD
902965,105128,annual,active,2025-07-21T14:40:56Z,79.99,USD
902966,105458,free_trial,trialing,2025-11-08T12:34:45Z,0.0,USD
902966,105458,free_trial,expired,2025-11-17T12:34:45Z,0.0,USD
902967,106983,monthly,active,2025-07-06T10:14:36Z,9.99,USD
902967,106983,monthly,expired,2025-11-08 05:14:36,9.99,USD
902968,100981,annual,active,2025-11-02T03:15:24Z,79.99,USD
902968,100981,annual,canceled,2025-12-21T03:15:24Z,79.99,USD
902969,101402,free_trial,trialing,2025-12-21T22:54:46Z,0.0,USD
902969,101402,free_trial,expired,2025-12-30T22:54:46Z,0.0,USD
902970,105667,monthly,active,2025-12-19T04:22:17Z,9.99,USD
902971,100626,free_trial,trialing,2025-09-19T10:25:51Z,0.0,USD
902971,100626,free_trial,expired,2025-10-01T10:25:51Z,0.0,USD
902972,103382,monthly,active,2026-02-18T13:04:46Z,9.99,USD
902972,103382,monthly,canceled,2026-03-31T13:04:46Z,9.99,USD
902973,105733,annual,active,2025-07-20 10:16:47,79.99,USD
902974,105375,monthly,active,2025-12-14T20:44:28Z,9.99,USD
902974,105375,monthly,canceled,2026-01-25T20:44:28Z,9.99,USD
902975,104658,free_trial,trialing,2025-09-28T16:51:58Z,0.0,USD
902975,104658,monthly,active,2025-10-08T16:51:58Z,9.99,USD
902976,106825,annual,active,2025-09-02T06:07:14Z,79.99,USD
902976,106825,annual,canceled,2026-01-14T06:07:14Z,79.99,USD
902977,100212,monthly,active,2025-12-04T01:39:57Z,9.99,USD
902978,103284,annual,active,2025-07-25T06:25:24Z,79.99,USD
902978,103284,annual,canceled,2025-11-09T06:25:24Z,79.99,USD
902979,100494,free_trial,trialing,2025-12-23T05:55:50Z,0.0,USD
902979,100494,free_trial,expired,2026-01-04T05:55:50Z,0.0,USD
902980,103156,monthly,active,2025-09-27T04:12:33Z,9.99,USD
902981,100406,monthly,active,2025-07-25T15:59:43Z,9.99,USD
902982,105034,free_trial,trialing,2026-02-08T15:57:30Z,0.0,USD
902983,105233,annual,active,2025-09-18T09:56:01Z,79.99,USD
902984,103776,monthly,active,2025-11-26 08:55:16,9.99,USD
902984,103776,monthly,expired,2026-01-14T13:55:16Z,9.99,USD
902985,107285,monthly,active,2025-10-25 23:18:38,9.99,USD
902986,105594,monthly,active,2025-10-04T05:16:54Z,9.99,USD
902986,105594,monthly,canceled,2025-11-19 00:16:54,9.99,USD
902987,104485,monthly,active,2025-09-01T22:17:29Z,9.99,USD
902988,105293,monthly,active,2026-02-08T10:02:08Z,9.99,USD
902989,100514,monthly,active,2025-09-11T04:20:32Z,9.99,USD
902990,102627,monthly,active,2025-11-09T21:57:56Z,9.99,USD
902990,102627,monthly,canceled,2026-03-18T21:57:56Z,9.99,EUR
902991,101161,monthly,active,2026-01-02T13:07:25Z,9.99,USD
902992,360564,annual,active,2025-07-27T20:43:26Z,79.99,USD
902992,360564,annual,canceled,2025-11-21 15:43:26,79.99,USD
902993,107408,monthly,active,2026-01-13T12:14:24Z,9.99,USD
902994,102635,monthly,active,2025-08-27T22:54:44Z,9.99,USD
902995,102758,free_trial,trialing,2025-12-27T05:48:27Z,0.0,USD
902995,102758,free_trial,expired,2026-01-07T05:48:27Z,0.0,USD
902996,103928,free_trial,trialing,2026-02-10 02:52:54,0.0,USD
902996,103928,annual,active,2026-02-17T07:52:54Z,79.99,USD
902996,103928,annual,canceled,2026-04-16T07:52:54Z,79.99,USD
902997,102960,monthly,active,2026-01-25T02:18:07Z,9.99,USD
902998,102276,free_trial,trialing,2025-08-18T09:42:59Z,0.0,USD
902998,102276,monthly,active,2025-08-29T09:42:59Z,9.99,USD
902998,102276,monthly,canceled,2025-11-27T09:42:59Z,9.99,USD
902999,103581,free_trial,trialing,2025-12-14T23:30:44Z,0.0,USD
902999,103581,free_trial,expired,2025-12-22T23:30:44Z,0.0,USD
903000,105211,free_trial,trialing,2025-10-03T05:02:02Z,0.0,USD
903000,105211,free_trial,expired,2025-10-14T05:02:02Z,0.0,USD
903001,107053,free_trial,trialing,2025-07-23T02:27:36Z,0.0,USD
903001,107053,free_trial,expired,2025-08-01T02:27:36Z,0.0,USD
903002,104661,monthly,active,2025-07-06T09:45:46Z,9.99,USD
903003,107876,free_trial,trialing,2025-11-03 21:15:12,0.0,USD
903003,107876,monthly,active,2025-11-16T02:15:12Z,9.99,USD
903004,101202,monthly,active,2025-12-20T12:24:18Z,9.99,USD
903005,104646,monthly,active,2026-01-04T00:01:25Z,9.99,USD
903006,105812,monthly,active,2025-09-19 14:48:57,9.99,USD
903007,106902,free_trial,trialing,2025-08-05T15:26:01Z,0.0,USD
903007,106902,free_trial,expired,2025-08-17T15:26:01Z,0.0,USD
903008,102061,monthly,active,2026-02-11T19:40:22Z,9.99,USD
903009,103377,monthly,active,2025-09-20T15:03:35Z,9.99,USD
903010,106209,monthly,active,2025-12-23T00:59:27Z,9.99,USD
903011,104232,free_trial,trialing,2025-07-12T10:18:42Z,0.0,USD
903012,106082,monthly,active,2025-10-10T18:16:46Z,9.99,USD
903013,106871,annual,active,2026-01-10T15:11:27Z,79.99,USD
903014,106567,annual,active,2025-11-24T00:23:41Z,79.99,USD
903014,106567,annual,canceled,2026-01-14T00:23:41Z,79.99,USD
903015,105239,free_trial,trialing,2025-08-17T15:05:12Z,0.0,USD
903015,105239,annual,active,2025-08-25T15:05:12Z,79.99,USD
903016,101760,annual,active,2025-12-11 05:59:23,79.99,USD
903017,102932,free_trial,trialing,2025-09-17T06:25:56Z,0.0,USD
903017,102932,free_trial,expired,2025-10-01T06:25:56Z,0.0,USD
903018,100031,monthly,active,2025-11-01T10:31:45Z,9.99,USD
903019,106323,annual,active,2025-09-29T14:33:50Z,79.99,USD
903020,101587,monthly,active,2025-08-16T10:58:53Z,9.99,USD
903021,107142,free_trial,trialing,2025-12-07 08:11:19,0.0,USD
903022,105985,annual,active,2025-12-18T22:25:29Z,79.99,USD
903022,105985,annual,canceled,2026-03-25T22:25:29Z,79.99,USD
903023,105007,annual,active,2026-01-08T19:40:49Z,79.99,USD
903023,105007,annual,canceled,2026-04-12T19:40:49Z,79.99,USD
903024,103476,monthly,active,2026-02-02 17:25:30,9.99,USD
903025,104984,free_trial,trialing,2025-09-17T04:57:12Z,0.0,USD
903025,104984,free_trial,expired,2025-09-26T04:57:12Z,0.0,USD
903026,106018,monthly,active,2026-01-08 05:28:33,9.99,USD
903027,100572,free_trial,trialing,2025-09-14T09:59:22Z,0.0,USD
903028,107308,monthly,active,2025-12-28T17:51:59Z,9.99,USD
903028,107308,monthly,canceled,2026-04-11T17:51:59Z,9.99,USD
903029,105772,monthly,active,2026-02-06T00:34:38Z,9.99,USD
903030,101847,monthly,active,2025-12-13T23:36:00Z,9.99,USD
903031,107455,free_trial,trialing,2025-07-15T07:09:52Z,0.0,USD
903031,107455,free_trial,expired,2025-07-26T07:09:52Z,0.0,USD
903032,100499,free_trial,trialing,2025-08-22 18:18:26,0.0,USD
903032,100499,annual,active,2025-09-04 18:18:26,79.99,USD
903033,102176,free_trial,trialing,2025-10-29T02:17:30Z,0.0,USD
903033,102176,free_trial,expired,2025-10-15 21:17:30,0.0,USD
903034,104383,monthly,active,2025-07-22T07:12:52Z,9.99,USD
903035,104018,monthly,active,2025-08-25T02:46:13Z,9.99,USD
903036,103632,free_trial,trialing,2026-02-16T00:32:59Z,0.0,USD
903036,103632,annual,active,2026-03-02T00:32:59Z,79.99,USD
903037,105198,free_trial,trialing,2025-08-10T07:03:57Z,0.0,USD
903038,105014,annual,active,2025-08-12T04:28:18Z,79.99,USD
903038,105014,annual,canceled,2025-10-18T04:28:18Z,79.99,USD
903039,100639,monthly,active,2025-10-06T05:22:32Z,9.99,USD
903039,100639,monthly,canceled,2026-01-17T05:22:32Z,9.99,USD
903040,107431,free_trial,trialing,2025-08-23 19:18:08,0.0,USD
903040,107431,free_trial,expired,2025-08-19T00:18:08Z,0.0,USD
903041,101356,annual,active,2026-02-10T07:25:52Z,79.99,USD
903041,101356,annual,canceled,2026-05-07 02:25:52,79.99,USD
903042,105234,free_trial,trialing,2025-10-07T23:16:48Z,0.0,USD
903043,101895,annual,active,2025-11-14T20:40:08Z,79.99,EUR
903044,101604,monthly,active,2025-11-12T23:31:24Z,9.99,USD
903044,101604,monthly,expired,2026-03-04T23:31:24Z,9.99,USD
903045,102177,free_trial,trialing,2025-12-18 23:22:22,0.0,USD
903046,103822,free_trial,trialing,2025-12-14T23:19:33Z,0.0,USD
903046,103822,free_trial,expired,2025-12-22 18:19:33,0.0,USD
903047,106768,free_trial,trialing,2025-10-21T19:09:55Z,0.0,USD
903047,106768,annual,active,2025-11-03T19:09:55Z,79.99,USD
903048,103118,monthly,active,2025-09-28T02:00:57Z,9.99,USD
903049,102144,monthly,active,2025-11-23T07:58:21Z,9.99,USD
903050,100744,monthly,active,2026-01-26T07:20:17Z,9.99,USD
903051,107170,free_trial,trialing,2025-09-16T18:07:33Z,0.0,USD
903051,107170,annual,active,2025-09-26T18:07:33Z,79.99,USD
903051,107170,annual,canceled,2026-01-21T18:07:33Z,79.99,USD
903052,101699,annual,active,2025-12-04T11:32:59Z,79.99,USD
903052,101699,annual,expired,2026-03-07T11:32:59Z,79.99,USD
903053,107281,monthly,active,2025-12-24T13:17:27Z,9.99,USD
903053,107281,monthly,expired,2026-03-26T13:17:27Z,9.99,USD
903054,103602,free_trial,trialing,2025-07-19T02:01:58Z,0.0,USD
903054,103602,monthly,active,2025-07-29T02:01:58Z,9.99,USD
903055,101052,monthly,active,2025-07-06 03:37:25,9.99,USD
903055,101052,monthly,canceled,2025-11-04T08:37:25Z,9.99,USD
903056,104843,monthly,active,2025-08-25 18:57:49,9.99,USD
903057,103580,free_trial,trialing,2026-01-19T17:38:29Z,0.0,USD
903058,100476,monthly,active,2025-11-24T03:38:30Z,9.99,USD
903059,107055,monthly,active,2025-11-10T14:03:22Z,9.99,USD
903060,100617,monthly,active,2026-01-09T01:40:33Z,9.99,USD
903060,100617,monthly,canceled,2026-06-08T01:40:33Z,9.99,USD
903061,107192,monthly,active,2026-02-04 01:20:45,9.99,USD
903062,102629,monthly,active,2026-01-26T08:40:15Z,9.99,USD
903062,102629,monthly,canceled,2026-05-08T08:40:15Z,9.99,USD
903063,107455,monthly,active,2026-01-15T01:53:18Z,9.99,USD
903063,107455,monthly,expired,2026-05-24T01:53:18Z,9.99,USD
903064,106199,monthly,active,2025-08-11T08:54:21Z,9.99,USD
903064,106199,monthly,canceled,2025-11-06 03:54:21,9.99,USD
903065,103584,monthly,active,2025-10-30T17:15:53Z,9.99,USD
903066,100481,monthly,active,2026-02-02T04:03:36Z,9.99,USD
903066,100481,monthly,canceled,2026-04-29 23:03:36,9.99,USD
903067,106151,free_trial,trialing,2025-12-03T20:53:11Z,0.0,USD
903068,103324,monthly,active,2025-11-18T13:37:16Z,9.99,USD
903069,102076,free_trial,trialing,2025-09-25T07:19:41Z,0.0,USD
903069,102076,monthly,active,2025-10-09T07:19:41Z,9.99,USD
903070,103880,monthly,active,2026-02-18T10:23:40Z,9.99,USD
903070,103880,monthly,canceled,2026-05-30T10:23:40Z,9.99,USD
903071,100976,free_trial,trialing,2025-12-26T21:07:17Z,0.0,USD
903071,100976,monthly,active,2026-01-01T21:07:17Z,9.99,USD
903072,102262,monthly,active,2025-12-20T16:49:20Z,9.99,USD
903073,104529,monthly,active,2025-11-16T22:02:26Z,9.99,USD
903074,103841,monthly,active,2025-12-08T23:16:45Z,9.99,USD
903075,105513,annual,active,2025-11-05T16:58:45Z,79.99,USD
903075,105513,annual,canceled,2025-12-18T16:58:45Z,79.99,USD
903076,104145,monthly,active,2025-12-28 20:37:06,9.99,USD
903077,107809,free_trial,trialing,2025-08-25T03:06:13Z,0.0,USD
903077,107809,annual,active,2025-09-01T03:06:13Z,79.99,USD
903077,107809,annual,canceled,2025-10-31T03:06:13Z,79.99,USD
903078,104195,annual,active,2026-01-29T10:01:18Z,79.99,USD
903078,104195,annual,canceled,2026-04-09T10:01:18Z,79.99,USD
903079,103850,monthly,active,2025-11-02T11:00:57Z,9.99,USD
903079,103850,monthly,expired,2026-01-12T11:00:57Z,9.99,USD
903080,101982,free_trial,trialing,2025-12-25T13:56:27Z,0.0,USD
903080,101982,monthly,active,2025-12-30T13:56:27Z,9.99,USD
903080,101982,monthly,canceled,2026-03-01T13:56:27Z,9.99,USD
903081,104791,monthly,active,2025-07-20T05:49:34Z,9.99,USD
903082,103953,free_trial,trialing,2026-01-17 14:59:47,0.0,USD
903083,102236,monthly,active,2025-08-21 22:15:47,9.99,USD
903084,101048,free_trial,trialing,2025-09-08T21:22:57Z,0.0,USD
903085,105803,free_trial,trialing,2026-02-04 08:56:00,0.0,USD
903085,105803,free_trial,expired,2026-02-18T13:56:00Z,0.0,USD
903086,105706,monthly,active,2025-07-20T17:00:47Z,9.99,USD
903087,100888,monthly,active,2025-08-24T11:56:05Z,9.99,USD
903087,100888,monthly,canceled,2025-09-17T11:56:05Z,9.99,USD
903088,106771,free_trial,trialing,2025-09-29T22:31:52Z,0.0,USD
903088,106771,annual,active,2025-10-07T22:31:52Z,79.99,USD
903089,102140,monthly,active,2025-12-14T21:21:58Z,9.99,USD
903090,101747,annual,active,2025-12-07T05:13:08Z,79.99,USD
903091,101296,monthly,active,2025-10-03 20:47:22,9.99,USD
903091,101296,monthly,canceled,2025-12-07T01:47:22Z,9.99,USD
903092,103373,monthly,active,2025-12-30T00:07:27Z,9.99,USD
903093,102755,annual,active,2026-01-30T07:10:03Z,79.99,USD
903094,104876,free_trial,trialing,2026-01-12T07:17:55Z,0.0,USD
903094,104876,monthly,active,2026-01-19T07:17:55Z,9.99,USD
903094,104876,monthly,canceled,2026-04-23T07:17:55Z,9.99,USD
903095,102155,monthly,active,2025-12-18T12:16:28Z,9.99,USD
903096,101624,monthly,active,2025-07-26 03:50:07,9.99,USD
903096,101624,monthly,canceled,2025-09-29T08:50:07Z,9.99,USD
903097,100847,annual,active,2025-10-04T16:48:40Z,79.99,USD
903097,100847,annual,canceled,2026-01-31T16:48:40Z,79.99,USD
903098,104660,free_trial,trialing,2025-12-01T12:30:25Z,0.0,USD
903098,104660,annual,active,2025-12-07T12:30:25Z,79.99,USD
903098,104660,annual,canceled,2026-03-14T12:30:25Z,79.99,USD
903099,101991,free_trial,trialing,2026-02-02T21:50:05Z,0.0,USD
903100,106750,monthly,active,2025-10-14T19:01:25Z,9.99,USD
903101,103705,monthly,active,2025-11-26T07:35:33Z,9.99,USD
903102,105733,free_trial,trialing,2025-07-03 08:39:50,0.0,USD
903103,106773,monthly,active,2025-10-04T17:47:02Z,9.99,USD
903104,105118,free_trial,trialing,2025-08-19T03:01:35Z,0.0,USD
903104,105118,annual,active,2025-08-31T03:01:35Z,79.99,USD
903105,104981,free_trial,trialing,2025-07-30T05:58:05Z,0.0,USD
903105,104981,monthly,active,2025-08-08T05:58:05Z,9.99,USD
903105,104981,monthly,canceled,2025-09-04T05:58:05Z,9.99,USD
903106,107676,annual,active,2025-08-31 09:24:18,79.99,GBP
903107,107816,free_trial,trialing,2025-11-06 10:56:02,0.0,USD
903108,100599,free_trial,trialing,2025-11-14 14:17:16,0.0,USD
903108,100599,free_trial,expired,2025-11-24T19:17:16Z,0.0,USD
903109,103208,monthly,active,2025-10-02 23:22:53,9.99,USD
903109,103208,monthly,expired,2025-10-28T04:22:53Z,9.99,USD
903110,100692,monthly,active,2025-12-25T16:28:45Z,9.99,USD
903111,103335,annual,active,2025-07-29T16:59:20Z,79.99,USD
903112,105415,free_trial,trialing,2025-10-23T07:25:22Z,0.0,USD
903112,105415,free_trial,expired,2025-11-03 02:25:22,0.0,USD
903113,102429,free_trial,trialing,2026-02-10T04:49:35Z,0.0,USD
903113,102429,annual,active,2026-02-13T04:49:35Z,79.99,USD
903113,102429,annual,canceled,2026-05-15T04:49:35Z,79.99,USD
903114,102076,monthly,active,2025-07-16T15:12:51Z,9.99,USD
903114,102076,monthly,canceled,2025-12-03T15:12:51Z,9.99,USD
903115,107328,monthly,active,2025-10-10T16:18:33Z,9.99,USD
903116,106566,monthly,active,2025-09-24T08:15:09Z,9.99,GBP
903116,106566,monthly,expired,2026-04-09T08:15:09Z,9.99,USD
903117,100658,monthly,active,2025-12-11T13:33:07Z,9.99,USD
903118,104296,monthly,active,2025-11-23T14:54:31Z,9.99,USD
903118,104296,monthly,expired,2026-02-20T14:54:31Z,9.99,USD
903119,100407,monthly,active,2025-10-04T12:27:03Z,9.99,USD
903120,101245,free_trial,trialing,2025-07-09T05:18:24Z,0.0,USD
903120,101245,free_trial,expired,2025-07-20T05:18:24Z,0.0,USD
903121,105716,free_trial,trialing,2025-10-05T19:15:52Z,0.0,USD
903121,105716,free_trial,expired,2025-10-12 14:15:52,0.0,USD
903122,105995,monthly,active,2026-01-27T05:14:28Z,9.99,USD
903122,105995,monthly,canceled,2026-05-16T05:14:28Z,9.99,USD
903123,106136,monthly,active,2025-08-07T13:59:57Z,9.99,USD
903124,106457,free_trial,trialing,2025-09-20T16:23:39Z,0.0,USD
903124,106457,free_trial,expired,2025-10-03T16:23:39Z,0.0,USD
903125,102172,monthly,active,2025-12-10T01:09:38Z,9.99,USD
903126,104789,annual,active,2025-07-24 05:37:15,79.99,USD
903126,104789,annual,canceled,2025-12-14T10:37:15Z,79.99,USD
903127,106663,free_trial,trialing,2025-10-08T11:15:22Z,0.0,USD
903128,107172,monthly,active,2025-07-09T17:38:36Z,9.99,USD
903129,103929,free_trial,trialing,2025-07-14 05:47:45,0.0,USD
903129,103929,monthly,active,2025-07-23 05:47:45,9.99,USD
903130,104469,monthly,active,2025-08-05T19:54:48Z,9.99,USD
903130,104469,monthly,canceled,2025-11-18T19:54:48Z,9.99,USD
903131,100074,monthly,active,2025-08-03T08:18:01Z,9.99,USD
903131,100074,monthly,canceled,2025-10-24 03:18:01,9.99,USD
903132,102734,monthly,active,2025-11-30T16:49:38Z,9.99,USD
903133,104218,monthly,active,2025-12-23 23:08:38,9.99,USD
903134,103216,free_trial,trialing,2025-08-17T13:03:21Z,0.0,USD
903134,103216,free_trial,expired,2025-08-29T13:03:21Z,0.0,USD
903135,106038,free_trial,trialing,2025-08-22T00:42:32Z,0.0,USD
903135,106038,free_trial,expired,2025-09-05T00:42:32Z,0.0,USD
903136,101608,monthly,active,2025-12-20T23:29:40Z,9.99,USD
903137,104398,annual,active,2025-12-22T13:50:04Z,79.99,USD
903138,102750,free_trial,trialing,2026-02-09T22:33:36Z,0.0,USD
903138,102750,free_trial,expired,2026-02-16T22:33:36Z,0.0,USD
903139,100116,annual,active,2026-01-12T00:01:44Z,79.99,USD
903139,100116,annual,canceled,2026-02-12T00:01:44Z,79.99,USD
903140,106209,annual,active,2026-01-18T16:07:20Z,79.99,USD
903140,106209,annual,canceled,2026-06-04T16:07:20Z,79.99,USD
903141,104542,free_trial,trialing,2026-01-09T20:22:36Z,0.0,USD
903142,101237,monthly,active,2025-12-20 15:10:30,9.99,USD
903143,102377,monthly,active,2025-09-21T10:19:35Z,9.99,USD
903144,100103,free_trial,trialing,2025-07-04T15:35:47Z,0.0,USD
903144,100103,monthly,active,2025-07-10T15:35:47Z,9.99,USD
903145,107146,monthly,active,2025-10-20T03:19:13Z,9.99,USD
903146,101516,annual,active,2025-11-28T17:37:28Z,79.99,USD
903146,101516,annual,canceled,2026-03-21T17:37:28Z,79.99,USD
903147,101647,free_trial,trialing,2025-09-22T06:43:48Z,0.0,USD
903148,100908,free_trial,trialing,2025-07-05T05:16:22Z,0.0,USD
903148,100908,monthly,active,2025-07-14T05:16:22Z,9.99,USD
903148,100908,monthly,canceled,2025-10-02T05:16:22Z,9.99,USD
903149,106182,annual,active,2026-01-23T16:16:32Z,79.99,USD
903150,106854,monthly,active,2025-09-23T09:09:34Z,9.99,USD
903151,106471,annual,active,2025-12-01T02:58:04Z,79.99,USD
903152,101510,free_trial,trialing,2026-01-29T10:24:33Z,0.0,USD
903152,101510,free_trial,expired,2026-02-12T10:24:33Z,0.0,USD
903153,106514,monthly,active,2025-10-11T18:55:37Z,9.99,USD
903154,102574,annual,active,2025-08-12T01:09:37Z,79.99,USD
903155,101929,monthly,active,2025-07-29 06:17:59,9.99,USD
903156,106456,free_trial,trialing,2025-07-15T19:35:42Z,0.0,USD
903156,106456,monthly,active,2025-07-25T19:35:42Z,9.99,USD
903157,105121,annual,active,2025-10-02T23:41:21Z,79.99,USD
903158,101885,monthly,active,2026-01-24T11:14:19Z,9.99,USD
903158,101885,monthly,canceled,2026-03-08T11:14:19Z,9.99,USD
903159,107521,annual,active,2026-02-18 15:56:57,79.99,USD
903160,107312,monthly,active,2025-08-17 09:22:28,9.99,USD
903161,103704,free_trial,trialing,2025-07-21T13:54:16Z,0.0,USD
903161,103704,monthly,active,2025-07-28T13:54:16Z,9.99,USD
903161,103704,monthly,canceled,2025-11-11T13:54:16Z,9.99,USD
903162,104441,monthly,active,2025-07-25T17:49:21Z,9.99,USD
903163,106597,annual,active,2025-10-15T16:02:26Z,79.99,USD
903164,101798,free_trial,trialing,2025-09-19T09:12:58Z,0.0,USD
903165,104819,monthly,active,2025-09-12T01:49:58Z,9.99,USD
903166,104285,free_trial,trialing,2025-09-02T03:34:58Z,0.0,USD
903166,104285,annual,active,2025-09-05T03:34:58Z,79.99,USD
903167,106662,monthly,active,2025-09-12T05:36:34Z,9.99,USD
903167,106662,monthly,canceled,2025-11-26T05:36:34Z,9.99,USD
903168,106567,free_trial,trialing,2025-12-06 04:53:34,0.0,USD
903168,106567,monthly,active,2025-12-11T09:53:34Z,9.99,USD
903169,102311,free_trial,trialing,2025-09-16T23:13:46Z,0.0,USD
903169,102311,monthly,active,2025-09-21T23:13:46Z,9.99,USD
903170,107778,monthly,active,2026-01-07T10:44:16Z,9.99,USD
903171,100107,monthly,active,2025-09-25T23:22:28Z,9.99,USD
903171,100107,monthly,canceled,2025-10-13T23:22:28Z,9.99,USD
903172,101665,free_trial,trialing,2025-11-14T01:21:55Z,0.0,USD
903172,101665,monthly,active,2025-11-23T01:21:55Z,9.99,USD
903173,107078,monthly,active,2025-10-19 05:38:29,9.99,USD
903174,100749,monthly,active,2025-12-13T06:46:59Z,9.99,USD
903174,100749,monthly,canceled,2026-04-24T06:46:59Z,9.99,USD
903175,106928,free_trial,trialing,2026-02-06T03:06:33Z,0.0,USD
903175,106928,free_trial,expired,2026-02-20T03:06:33Z,0.0,USD
903176,106083,free_trial,trialing,2025-10-21T20:16:00Z,0.0,USD
903176,106083,annual,active,2025-10-27T20:16:00Z,79.99,USD
903176,106083,annual,canceled,2025-12-08T20:16:00Z,79.99,USD
903177,102609,free_trial,trialing,2025-12-07 00:44:18,0.0,USD
903177,102609,free_trial,expired,2025-12-17T05:44:18Z,0.0,USD
903178,100110,monthly,active,2025-12-27T02:47:15Z,9.99,USD
903179,100151,monthly,active,2026-01-24T03:53:50Z,9.99,USD
903180,104733,monthly,active,2025-07-15T05:57:17Z,9.99,USD
903181,103883,annual,active,2026-02-01T10:36:51Z,79.99,EUR
903182,105643,monthly,active,2025-10-26T06:58:31Z,9.99,USD
903183,104949,annual,active,2025-11-08T06:33:58Z,79.99,USD
903184,106125,free_trial,trialing,2025-10-03T09:41:28Z,0.0,USD
903184,106125,monthly,active,2025-10-07T09:41:28Z,9.99,USD
903185,103473,annual,active,2025-07-27T12:20:28Z,79.99,USD
903186,102764,annual,active,2025-08-15T18:28:04Z,79.99,USD
903186,102764,annual,canceled,2025-09-15T18:28:04Z,79.99,USD
903187,102457,monthly,active,2025-10-01T07:51:59Z,9.99,USD
903187,102457,monthly,canceled,2026-01-25T07:51:59Z,9.99,USD
903188,103460,monthly,active,2025-10-27T15:03:09Z,9.99,USD
903189,107890,monthly,active,2025-07-13T21:19:17Z,9.99,USD
903189,107890,monthly,canceled,2025-08-10T21:19:17Z,9.99,USD
903190,104238,free_trial,trialing,2025-11-17T03:11:31Z,0.0,USD
903190,104238,free_trial,expired,2025-11-25T03:11:31Z,0.0,USD
903191,106065,annual,active,2026-01-28T23:20:32Z,79.99,USD
903191,106065,annual,canceled,2026-04-16T23:20:32Z,79.99,USD
903192,105490,annual,active,2025-12-25T05:01:52Z,79.99,USD
903192,105490,annual,canceled,2026-05-01T05:01:52Z,79.99,USD
903193,100784,monthly,active,2025-07-12T03:55:28Z,9.99,USD
903193,100784,monthly,canceled,2025-09-14T03:55:28Z,9.99,USD
903194,105184,monthly,active,2025-08-16T05:32:53Z,9.99,USD
903195,104440,annual,active,2025-08-10 09:44:01,79.99,USD
903195,104440,annual,canceled,2025-12-12T14:44:01Z,79.99,USD
903196,101380,free_trial,trialing,2025-12-29T06:07:06Z,0.0,USD
903196,101380,monthly,active,2026-01-04 01:07:06,9.99,USD
903197,103643,monthly,active,2025-12-14 09:59:16,9.99,USD
903197,103643,monthly,canceled,2026-01-16 09:59:16,9.99,USD
903198,101274,monthly,active,2025-08-01 10:29:05,9.99,USD
903198,101274,monthly,canceled,2025-09-20T15:29:05Z,9.99,USD
903199,364663,monthly,active,2025-11-30T00:14:21Z,9.99,USD
903200,101280,annual,active,2025-09-24T13:11:09Z,79.99,GBP
903200,101280,annual,canceled,2025-11-23T13:11:09Z,79.99,USD
903201,106278,monthly,active,2025-07-06T17:16:25Z,9.99,USD
903202,107244,monthly,active,2026-02-05T04:22:39Z,9.99,USD
903203,104210,monthly,active,2025-08-11 09:13:48,9.99,USD
903204,100877,monthly,active,2025-09-12T23:17:16Z,9.99,USD
903204,100877,monthly,canceled,2026-01-17T23:17:16Z,9.99,USD
903205,102338,monthly,active,2026-01-26T19:44:33Z,9.99,USD
903206,106044,annual,active,2025-11-16T00:58:22Z,79.99,USD
903206,106044,annual,canceled,2026-02-22T00:58:22Z,79.99,USD
903207,103681,monthly,active,2026-01-14T20:04:03Z,9.99,USD
903208,104239,monthly,active,2025-12-11T22:31:31Z,9.99,USD
903208,104239,monthly,canceled,2026-05-06 17:31:31,9.99,USD
903209,107447,free_trial,trialing,2025-11-26T16:33:47Z,0.0,USD
903209,107447,free_trial,expired,2025-12-06T16:33:47Z,0.0,USD
903210,104984,free_trial,trialing,2025-08-06T23:01:06Z,0.0,USD
903210,104984,free_trial,expired,2025-08-13T23:01:06Z,0.0,USD
903211,105717,monthly,active,2025-08-09T15:41:28Z,9.99,USD
903212,103971,monthly,active,2025-07-09T11:24:06Z,9.99,USD
903212,103971,monthly,expired,2025-09-15T11:24:06Z,9.99,USD
903213,102386,annual,active,2025-08-28T13:40:21Z,79.99,USD
903214,100799,monthly,active,2026-01-15T00:46:33Z,9.99,USD
903215,106138,monthly,active,2025-08-12 13:54:39,9.99,USD
903215,106138,monthly,canceled,2025-08-31T18:54:39Z,9.99,USD
903216,102288,free_trial,trialing,2025-11-14T12:24:49Z,0.0,USD
903216,102288,monthly,active,2025-11-27 07:24:49,9.99,USD
903216,102288,monthly,canceled,2026-01-05T12:24:49Z,9.99,USD
903217,105788,monthly,active,2025-11-05T05:35:25Z,9.99,USD
903218,107753,monthly,active,2025-10-11T09:22:32Z,9.99,USD
903219,105879,monthly,active,2025-07-10T20:56:30Z,9.99,USD
903220,104666,annual,active,2025-08-29T01:09:53Z,79.99,USD
903220,104666,annual,canceled,2026-01-03T01:09:53Z,79.99,USD
903221,105709,annual,active,2025-08-22T10:54:55Z,79.99,USD
903221,105709,annual,expired,2025-12-26T10:54:55Z,79.99,USD
903222,104613,monthly,active,2026-01-05T22:47:39Z,9.99,USD
903222,104613,monthly,canceled,2026-01-21T22:47:39Z,9.99,USD
903223,107740,free_trial,trialing,2025-12-08T23:33:59Z,0.0,USD
903223,107740,monthly,active,2025-12-17 18:33:59,9.99,USD
903223,107740,monthly,canceled,2026-03-11T23:33:59Z,9.99,USD
903224,104513,monthly,active,2026-01-20T05:07:02Z,9.99,USD
903224,104513,monthly,canceled,2026-05-31T05:07:02Z,9.99,USD
903225,104759,free_trial,trialing,2026-02-17 13:43:33,0.0,USD
903225,104759,free_trial,expired,2026-03-03T18:43:33Z,0.0,USD
903226,101873,monthly,active,2026-01-26T05:28:57Z,9.99,USD
903227,103062,monthly,active,2025-10-30T13:19:56Z,9.99,USD
903227,103062,monthly,canceled,2026-02-18 08:19:56,9.99,USD
903228,103111,free_trial,trialing,2026-01-18T07:55:20Z,0.0,USD
903228,103111,annual,active,2026-01-30T07:55:20Z,79.99,USD
903228,103111,annual,canceled,2026-03-23T07:55:20Z,79.99,USD
903229,104277,monthly,active,2025-07-11 00:14:02,9.99,USD
903229,104277,monthly,canceled,2025-09-26 00:14:02,9.99,USD
903230,105002,free_trial,trialing,2025-09-27 22:02:13,0.0,USD
903230,105002,free_trial,expired,2025-10-05T03:02:13Z,0.0,USD
903231,103530,annual,active,2025-09-18T11:12:03Z,79.99,USD
903232,102995,free_trial,trialing,2025-12-31T19:38:33Z,0.0,USD
903232,102995,free_trial,expired,2026-01-09T19:38:33Z,0.0,USD
903233,107227,annual,active,2026-01-15T21:57:02Z,79.99,EUR
903234,101933,monthly,active,2025-08-06T20:35:34Z,9.99,USD
903235,104461,monthly,active,2025-10-07T03:50:27Z,9.99,USD
903236,101261,annual,active,2025-07-10T18:50:41Z,79.99,USD
903237,107347,free_trial,trialing,2025-07-23T04:39:01Z,0.0,USD
903238,104434,monthly,active,2025-12-04T13:43:15Z,9.99,USD
903239,106294,annual,active,2025-11-15T09:44:21Z,79.99,USD
903239,106294,annual,canceled,2025-12-24T09:44:21Z,79.99,USD
903240,107461,monthly,active,2025-10-21T14:10:25Z,9.99,USD
903240,107461,monthly,expired,2025-12-06T14:10:25Z,9.99,USD
903241,104680,free_trial,trialing,2025-10-09T21:20:31Z,0.0,USD
903241,104680,free_trial,expired,2025-10-18T21:20:31Z,0.0,USD
903242,104471,monthly,active,2025-10-06T19:35:32Z,9.99,USD
903242,104471,monthly,canceled,2026-02-25T19:35:32Z,9.99,USD
903243,105796,monthly,active,2026-01-22T09:11:07Z,9.99,USD
903244,106405,monthly,active,2025-10-13T19:52:00Z,9.99,USD
903245,107725,free_trial,trialing,2025-10-20T21:30:54Z,0.0,USD
903245,107725,annual,active,2025-10-27T21:30:54Z,79.99,USD
903245,107725,annual,canceled,2025-12-25 16:30:54,79.99,USD
903246,102212,monthly,active,2025-11-26T01:24:10Z,9.99,USD
903247,105671,monthly,active,2025-09-14T15:36:31Z,9.99,USD
903248,100595,free_trial,trialing,2025-07-23T19:50:28Z,0.0,USD
903248,100595,monthly,active,2025-08-05T19:50:28Z,9.99,USD
903248,100595,monthly,canceled,2025-10-20T19:50:28Z,9.99,USD
903249,104368,free_trial,trialing,2025-08-22T07:21:51Z,0.0,USD
903249,104368,annual,active,2025-08-29T07:21:51Z,79.99,USD
903250,106449,monthly,active,2025-10-12T15:49:21Z,9.99,USD
903251,102810,monthly,active,2025-09-21T21:02:12Z,9.99,USD
903252,101089,monthly,active,2025-12-10T21:18:41Z,9.99,USD
903253,103992,annual,active,2025-10-08T23:22:51Z,79.99,USD
903254,105075,monthly,active,2025-12-26 00:28:54,9.99,USD
903254,105075,monthly,canceled,2026-02-27T05:28:54Z,9.99,USD
903255,102675,monthly,active,2026-02-07T03:35:46Z,9.99,USD
903256,103450,annual,active,2025-10-12T23:22:42Z,79.99,USD
903256,103450,annual,canceled,2026-01-04T23:22:42Z,79.99,USD
903257,101763,free_trial,trialing,2025-07-22T22:35:26Z,0.0,USD
903258,107882,monthly,active,2025-07-27T20:28:47Z,9.99,USD
903258,107882,monthly,canceled,2025-11-01T20:28:47Z,9.99,USD
903259,107782,annual,active,2026-02-06T06:57:44Z,79.99,USD
903259,107782,annual,expired,2026-06-02T06:57:44Z,79.99,USD
903260,105211,monthly,active,2025-11-27T15:15:01Z,9.99,USD
903261,100622,free_trial,trialing,2025-12-05T00:24:29Z,0.0,USD
903261,100622,free_trial,expired,2025-12-14T00:24:29Z,0.0,USD
903262,104007,monthly,active,2026-02-07T02:40:22Z,9.99,USD
903262,104007,monthly,expired,2026-07-16 21:40:22,9.99,USD
903263,105615,monthly,active,2025-12-15T17:34:40Z,9.99,USD
903264,101601,monthly,active,2025-08-09T19:42:39Z,9.99,USD
903264,101601,monthly,canceled,2025-12-15 14:42:39,9.99,USD
903265,106759,annual,active,2025-09-21T10:37:20Z,79.99,USD
903265,106759,annual,canceled,2025-12-02T10:37:20Z,79.99,USD
903266,101489,annual,active,2025-10-05T00:52:02Z,79.99,USD
903267,104433,annual,active,2026-02-14T10:59:54Z,79.99,USD
903267,104433,annual,canceled,2026-03-06T10:59:54Z,79.99,USD
903268,102196,annual,active,2025-09-21T00:36:04Z,79.99,USD
903268,102196,annual,canceled,2025-10-28T00:36:04Z,79.99,USD
903269,105630,monthly,active,2025-11-06T01:44:11Z,9.99,USD
903270,107676,monthly,active,2025-11-15T22:24:18Z,9.99,USD
903271,341206,free_trial,trialing,2025-09-25T11:17:18Z,0.0,USD
903271,341206,free_trial,expired,2025-10-09T11:17:18Z,0.0,USD
903272,105567,monthly,active,2025-07-18T13:58:39Z,9.99,USD
903273,103758,monthly,active,2026-02-06T13:21:02Z,9.99,USD
903274,102563,free_trial,trialing,2026-02-11 14:32:36,0.0,USD
903274,102563,free_trial,expired,2026-02-18T19:32:36Z,0.0,USD
903275,101368,monthly,active,2025-12-17T16:07:07Z,9.99,USD
903275,101368,monthly,canceled,2026-04-26T16:07:07Z,9.99,USD
903276,104573,monthly,active,2025-11-01T11:22:09Z,9.99,USD
903277,107470,monthly,active,2025-11-12T19:28:07Z,9.99,USD
903278,105857,monthly,active,2025-10-27T23:10:09Z,9.99,USD
903279,106908,monthly,active,2026-01-20T21:14:26Z,9.99,USD
903279,106908,monthly,canceled,2026-02-06T21:14:26Z,9.99,USD
903280,106000,monthly,active,2026-01-16T00:03:00Z,9.99,USD
903281,322877,monthly,active,2025-09-27T21:53:39Z,9.99,USD
903282,101608,monthly,active,2025-11-29T05:44:18Z,9.99,EUR
903282,101608,monthly,canceled,2025-12-21T05:44:18Z,9.99,USD
903283,107964,monthly,active,2025-08-26T17:39:22Z,9.99,USD
903284,101422,monthly,active,2025-07-23T08:31:24Z,9.99,USD
903285,100889,free_trial,trialing,2025-11-16T22:13:12Z,0.0,USD
903285,100889,free_trial,expired,2025-11-30T22:13:12Z,0.0,USD
903286,100399,monthly,active,2025-07-24 23:41:08,9.99,USD
903287,100022,monthly,active,2025-07-04T09:22:14Z,9.99,USD
903288,103023,monthly,active,2025-10-04T17:14:59Z,9.99,USD
903289,107380,monthly,active,2025-09-12T23:13:49Z,9.99,USD
903290,106578,annual,active,2025-08-05 23:00:11,79.99,USD
903291,104007,free_trial,trialing,2025-11-23T01:20:45Z,0.0,USD
903291,104007,monthly,active,2025-12-04 20:20:45,9.99,USD
903292,102145,annual,active,2025-12-06T08:27:39Z,79.99,USD
903293,107592,monthly,active,2025-08-14 14:52:50,9.99,USD
903294,107820,annual,active,2025-09-22 01:12:45,79.99,USD
903295,104061,monthly,active,2025-10-14T13:37:19Z,9.99,USD
903296,103616,free_trial,trialing,2026-02-05T05:19:49Z,0.0,USD
903297,107039,free_trial,trialing,2025-09-02T15:16:43Z,0.0,USD
903297,107039,free_trial,expired,2025-09-10T15:16:43Z,0.0,USD
903298,105319,free_trial,trialing,2025-07-06T16:37:23Z,0.0,USD
903298,105319,annual,active,2025-07-16T16:37:23Z,79.99,USD
903299,106830,annual,active,2025-08-23T21:43:59Z,79.99,USD
903300,102526,annual,active,2026-02-01T20:45:45Z,79.99,USD
903300,102526,annual,canceled,2026-04-21T20:45:45Z,79.99,USD
903301,103675,free_trial,trialing,2025-12-15T20:14:10Z,0.0,USD
903301,103675,monthly,active,2025-12-29 15:14:10,9.99,USD
903302,104869,monthly,active,2025-11-15T00:18:52Z,9.99,USD
903303,107466,annual,active,2025-11-01T21:30:30Z,79.99,USD
903304,102583,annual,active,2025-12-29T22:46:28Z,79.99,USD
903305,103276,free_trial,trialing,2025-12-12T03:58:00Z,0.0,USD
903305,103276,monthly,active,2025-12-16T03:58:00Z,9.99,USD
903305,103276,monthly,canceled,2026-01-06T03:58:00Z,9.99,USD
903306,103252,monthly,active,2025-12-22T05:59:15Z,9.99,USD
903307,105733,annual,active,2025-08-08T10:16:17Z,79.99,USD
903308,101608,monthly,active,2025-12-23T02:42:38Z,9.99,USD
903309,104552,annual,active,2025-07-05T08:54:57Z,79.99,USD
903310,102904,monthly,active,2026-01-10T23:39:40Z,9.99,USD
903311,105347,monthly,active,2025-10-03T20:28:44Z,9.99,USD
903312,107063,monthly,active,2026-01-25T10:19:39Z,9.99,USD
903312,107063,monthly,expired,2026-02-22T10:19:39Z,9.99,USD
903313,102432,monthly,active,2025-10-02T14:12:30Z,9.99,USD
903314,106734,annual,active,2025-12-22T08:01:49Z,79.99,USD
903315,101530,free_trial,trialing,2025-11-19T20:28:03Z,0.0,USD
903316,100074,annual,active,2025-08-07T08:50:18Z,79.99,USD
903316,100074,annual,expired,2026-02-03T08:50:18Z,79.99,USD
903317,107252,monthly,active,2026-01-13 02:38:00,9.99,USD
903317,107252,monthly,canceled,2026-03-24T07:38:00Z,9.99,USD
903318,104428,monthly,active,2025-10-05T03:08:26Z,9.99,USD
903319,100065,free_trial,trialing,2025-07-26T04:01:11Z,0.0,USD
903319,100065,monthly,active,2025-07-31 23:01:11,9.99,USD
903320,101865,annual,active,2025-09-24T02:50:12Z,79.99,USD
903320,101865,annual,expired,2025-10-27T02:50:12Z,79.99,USD
903321,104576,free_trial,trialing,2026-01-12T02:03:54Z,0.0,USD
903321,104576,free_trial,expired,2026-01-20T02:03:54Z,0.0,USD
903322,106155,free_trial,trialing,2025-09-26T03:12:16Z,0.0,USD
903322,106155,free_trial,expired,2025-10-08T03:12:16Z,0.0,USD
903323,104131,annual,active,2025-09-16T05:10:24Z,79.99,USD
903324,102691,free_trial,trialing,2025-11-28T19:47:53Z,0.0,USD
903324,102691,free_trial,expired,2025-12-08T19:47:53Z,0.0,USD
903325,100810,free_trial,trialing,2026-01-24T16:10:33Z,0.0,USD
903325,100810,monthly,active,2026-02-04 11:10:33,9.99,USD
903325,100810,monthly,canceled,2026-05-20T16:10:33Z,9.99,USD
903326,100227,monthly,active,2026-01-11T12:30:19Z,9.99,USD
903327,102095,free_trial,trialing,2025-10-01 05:56:42,0.0,USD
903327,102095,free_trial,expired,2025-10-14T10:56:42Z,0.0,USD
903328,104686,monthly,active,2025-09-14T13:00:27Z,9.99,USD
903328,104686,monthly,canceled,2026-01-16T13:00:27Z,9.99,USD
903329,106753,free_trial,trialing,2025-07-12T11:27:09Z,0.0,USD
903329,106753,free_trial,expired,2025-07-23T11:27:09Z,0.0,USD
903330,104764,monthly,active,2026-01-02 11:10:42,9.99,USD
903330,104764,monthly,canceled,2026-04-28T16:10:42Z,9.99,USD
903331,301143,free_trial,trialing,2025-07-13 17:41:29,0.0,USD
903332,102229,monthly,active,2025-09-14T12:41:55Z,9.99,USD
903333,104704,monthly,active,2025-07-07 08:00:15,9.99,USD
903334,100844,free_trial,trialing,2025-07-04T11:16:27Z,0.0,USD
903334,100844,monthly,active,2025-07-17T11:16:27Z,9.99,USD
903335,105387,monthly,active,2025-12-07T12:55:32Z,9.99,USD
903335,105387,monthly,canceled,2026-02-20T12:55:32Z,9.99,USD
903336,107037,free_trial,trialing,2025-07-03T00:04:41Z,0.0,USD
903336,107037,monthly,active,2025-07-06 19:04:41,9.99,USD
903336,107037,monthly,canceled,2025-08-23T00:04:41Z,9.99,USD
903337,101534,monthly,active,2025-08-11T14:32:16Z,9.99,USD
903338,102777,free_trial,trialing,2025-08-03 03:02:25,0.0,USD
903338,102777,free_trial,expired,2025-08-11T08:02:25Z,0.0,USD
903339,107918,monthly,active,2025-11-01T05:49:40Z,9.99,USD
903340,105622,monthly,active,2026-02-13T00:05:46Z,9.99,USD
903341,102494,monthly,active,2026-02-07T02:58:12Z,9.99,USD
903341,102494,monthly,canceled,2026-01-31T02:58:12Z,9.99,USD
903342,102854,monthly,active,2026-01-07T03:29:29Z,9.99,USD
903343,107502,monthly,active,2026-02-12T13:33:31Z,9.99,USD
903344,102149,annual,active,2025-07-03T04:37:01Z,79.99,USD
903344,102149,annual,canceled,2025-11-12T04:37:01Z,79.99,USD
903345,107823,monthly,active,2025-09-25T04:44:19Z,9.99,USD
903345,107823,monthly,canceled,2025-12-31T04:44:19Z,9.99,USD
903346,101802,monthly,active,2025-08-14T13:06:19Z,9.99,USD
903347,106390,free_trial,trialing,2025-09-18T16:29:31Z,0.0,USD
903347,106390,free_trial,expired,2025-09-29T16:29:31Z,0.0,USD
903348,101210,monthly,active,2025-07-04T19:54:01Z,9.99,USD
903349,104835,monthly,active,2025-10-29T03:30:02Z,9.99,USD
903350,106252,annual,active,2025-12-29T05:14:36Z,79.99,USD
903351,102309,monthly,active,2026-01-21T17:44:11Z,9.99,USD
903351,102309,monthly,canceled,2026-04-17T17:44:11Z,9.99,USD
903352,104930,monthly,active,2025-08-29T05:47:17Z,9.99,USD
903353,106467,monthly,active,2025-08-23T19:12:16Z,9.99,USD
903354,104206,free_trial,trialing,2025-11-01T06:31:19Z,0.0,USD
903354,104206,annual,active,2025-11-06T06:31:19Z,79.99,USD
903354,104206,annual,canceled,2025-12-13T06:31:19Z,79.99,USD
903355,107012,free_trial,trialing,2025-09-14 11:53:15,0.0,USD
903355,107012,monthly,active,2025-09-23T16:53:15Z,9.99,USD
903356,102297,annual,active,2025-08-30T22:49:35Z,79.99,USD
903357,103222,annual,active,2026-01-29 08:16:21,79.99,USD
903358,107447,monthly,active,2026-01-06T17:22:06Z,9.99,USD
903359,101228,monthly,active,2026-02-10T19:45:03Z,9.99,USD
903359,101228,monthly,canceled,2026-04-20T19:45:03Z,9.99,USD
903360,100537,monthly,active,2026-01-21T08:23:08Z,9.99,USD
903360,100537,monthly,canceled,2026-04-20T08:23:08Z,9.99,USD
903361,103504,free_trial,trialing,2025-11-26T06:51:02Z,0.0,USD
903362,101931,monthly,active,2025-12-24T03:27:16Z,9.99,USD
903363,103865,free_trial,trialing,2025-08-17T09:19:47Z,0.0,USD
903363,103865,annual,active,2025-08-24T09:19:47Z,79.99,USD
903363,103865,annual,canceled,2025-11-01T09:19:47Z,79.99,USD
903364,104984,free_trial,trialing,2025-08-21T06:23:39Z,0.0,USD
903364,104984,monthly,active,2025-09-04T06:23:39Z,9.99,USD
903364,104984,monthly,canceled,2025-10-21T06:23:39Z,9.99,USD
903365,105313,monthly,active,2026-01-08T06:27:04Z,9.99,USD
903366,102581,free_trial,trialing,2025-07-19T23:33:07Z,0.0,USD
903366,102581,free_trial,expired,2025-07-27T23:33:07Z,0.0,USD
903367,104518,monthly,active,2025-10-01T08:03:33Z,9.99,USD
903368,103422,annual,active,2025-10-31T11:38:21Z,79.99,USD
903369,103350,monthly,active,2025-08-09 01:44:42,9.99,USD
903369,103350,monthly,expired,2025-10-04T06:44:42Z,9.99,USD
903370,102788,free_trial,trialing,2025-08-17T12:33:21Z,0.0,USD
903370,102788,free_trial,expired,2025-08-29T12:33:21Z,0.0,USD
903371,106030,monthly,active,2025-12-25T15:57:58Z,9.99,USD
903371,106030,monthly,expired,2026-01-25T15:57:58Z,9.99,USD
903372,106629,monthly,active,2025-08-02T00:54:05Z,9.99,USD
903373,107871,monthly,active,2025-08-25T06:58:42Z,9.99,USD
903374,104066,monthly,active,2025-12-14T17:19:03Z,9.99,USD
903375,100166,free_trial,trialing,2025-11-06T07:18:51Z,0.0,USD
903375,100166,free_trial,expired,2025-11-14T07:18:51Z,0.0,USD
903376,103191,monthly,active,2026-01-30T01:25:43Z,9.99,USD
903376,103191,monthly,expired,2026-05-06T01:25:43Z,9.99,USD
903377,103886,monthly,active,2025-10-22T06:00:48Z,9.99,USD
903377,103886,monthly,expired,2026-03-24T06:00:48Z,9.99,USD
903378,106318,monthly,active,2025-08-26T17:08:07Z,9.99,USD
903378,106318,monthly,canceled,2025-12-06T17:08:07Z,9.99,USD
903379,103433,monthly,active,2025-07-30T21:31:46Z,9.99,USD
903380,105801,monthly,active,2025-07-15T17:18:10Z,9.99,USD
903381,348163,annual,active,2025-12-04 23:43:28,79.99,USD
903381,348163,annual,canceled,2026-01-08T04:43:28Z,79.99,USD
903382,105283,monthly,active,2025-09-20T16:32:50Z,9.99,USD
903383,100909,monthly,active,2025-12-05T08:27:37Z,9.99,USD
903384,100200,monthly,active,2025-09-05 20:29:10,9.99,USD
903385,107011,annual,active,2025-10-14T06:18:03Z,79.99,USD
903386,107383,annual,active,2025-12-07T12:06:00Z,79.99,USD
903387,101283,annual,active,2025-08-01T15:51:18Z,79.99,USD
903387,101283,annual,canceled,2025-11-03T15:51:18Z,79.99,USD
903388,102540,free_trial,trialing,2026-02-01T05:39:12Z,0.0,USD
903388,102540,annual,active,2026-02-13T05:39:12Z,79.99,USD
903389,104398,monthly,active,2025-07-30T23:38:51Z,9.99,USD
903389,104398,monthly,canceled,2025-09-22T23:38:51Z,9.99,USD
903390,104785,monthly,active,2026-02-03 10:02:38,9.99,USD
903391,106572,annual,active,2025-10-08T13:42:49Z,79.99,USD
903392,101566,monthly,active,2025-11-26T18:16:15Z,9.99,USD
903393,107635,monthly,active,2025-10-18T12:50:59Z,9.99,USD
903393,107635,monthly,canceled,2025-12-14 07:50:59,9.99,USD
903394,106167,monthly,active,2025-09-19 16:42:43,9.99,USD
903395,104383,monthly,active,2025-07-06T14:16:29Z,9.99,USD
903396,103007,monthly,active,2025-09-10T02:13:39Z,9.99,USD
903397,107834,annual,active,2026-01-31T16:36:07Z,79.99,USD
903398,102472,free_trial,trialing,2025-07-11T19:19:03Z,0.0,USD
903398,102472,monthly,active,2025-07-19 14:19:03,9.99,USD
903399,105965,monthly,active,2025-11-21T23:08:20Z,9.99,USD
903399,105965,monthly,canceled,2026-01-30T23:08:20Z,9.99,USD
903400,106436,free_trial,trialing,2025-12-05T13:11:33Z,0.0,USD
903400,106436,monthly,active,2025-12-13T13:11:33Z,9.99,USD
903401,104728,monthly,active,2025-08-06T06:23:16Z,9.99,USD
903401,104728,monthly,expired,2025-11-19T06:23:16Z,9.99,USD
903402,100327,free_trial,trialing,2025-11-18T17:57:51Z,0.0,USD
903402,100327,free_trial,expired,2025-11-26T17:57:51Z,0.0,USD
903403,107814,monthly,active,2026-02-12T03:55:22Z,9.99,USD
903403,107814,monthly,canceled,2026-05-12T03:55:22Z,9.99,USD
903404,107918,annual,active,2026-01-05T21:40:25Z,79.99,USD
903405,101993,monthly,active,2025-08-23T05:03:19Z,9.99,USD
903406,105218,monthly,active,2025-11-16T08:23:42Z,9.99,USD
903406,105218,monthly,canceled,2026-03-02T08:23:42Z,9.99,USD
903407,100990,monthly,active,2025-11-01T01:50:16Z,9.99,USD
903408,103610,annual,active,2025-08-05T12:25:53Z,79.99,USD
903409,104389,monthly,active,2026-02-15T04:22:56Z,9.99,USD
903410,102948,annual,active,2026-02-09T13:40:44Z,79.99,USD
903411,100511,free_trial,trialing,2025-07-12T12:19:28Z,0.0,USD
903411,100511,monthly,active,2025-07-23 07:19:28,9.99,USD
903412,106065,monthly,active,2025-10-22T02:24:43Z,9.99,USD
903413,105018,monthly,active,2025-11-01T09:51:24Z,9.99,USD
903414,105599,monthly,active,2025-08-15 04:14:50,9.99,USD
903414,105599,monthly,canceled,2025-09-25T09:14:50Z,9.99,USD
903415,104505,monthly,active,2025-12-19T14:46:11Z,9.99,USD
903416,100524,monthly,active,2025-09-11T14:04:00Z,9.99,USD
903417,103757,annual,active,2025-10-16T11:08:10Z,79.99,USD
903418,100679,free_trial,trialing,2026-02-14T21:40:25Z,0.0,USD
903418,100679,free_trial,expired,2026-02-25T21:40:25Z,0.0,USD
903419,104155,monthly,active,2025-11-26T11:09:38Z,9.99,USD
903420,102855,monthly,active,2025-08-08 03:44:37,9.99,USD
903420,102855,monthly,expired,2025-09-25T08:44:37Z,9.99,USD
903421,100290,monthly,active,2025-07-09T04:39:44Z,9.99,USD
903422,103730,monthly,active,2025-07-21T14:08:06Z,9.99,USD
903423,103774,monthly,active,2025-07-28T07:36:06Z,9.99,USD
903424,101612,annual,active,2026-02-04T19:15:44Z,79.99,USD
903425,100362,monthly,active,2025-07-20T02:44:02Z,9.99,USD
903426,107894,monthly,active,2025-08-25T12:23:00Z,9.99,USD
903426,107894,monthly,expired,2025-12-17T12:23:00Z,9.99,USD
903427,105506,monthly,active,2025-08-19T15:05:49Z,9.99,USD
903427,105506,monthly,canceled,2025-10-21T15:05:49Z,9.99,USD
903428,104033,annual,active,2026-01-25T00:38:18Z,79.99,USD
903429,101463,free_trial,trialing,2025-11-24T04:03:56Z,0.0,USD
903429,101463,monthly,active,2025-12-07T04:03:56Z,9.99,USD
903430,106218,free_trial,trialing,2025-12-27T03:43:18Z,0.0,USD
903430,106218,free_trial,expired,2026-01-03 22:43:18,0.0,USD
903431,102651,annual,active,2025-12-19T10:23:09Z,79.99,USD
903431,102651,annual,canceled,2026-05-08T10:23:09Z,79.99,USD
903432,100876,annual,active,2025-08-05T18:43:16Z,79.99,USD
903433,105547,monthly,active,2025-07-21T04:35:02Z,9.99,USD
903434,103073,free_trial,trialing,2026-01-29 01:15:56,0.0,USD
903434,103073,free_trial,expired,2026-02-11T06:15:56Z,0.0,USD
903435,103956,free_trial,trialing,2025-11-27T20:00:44Z,0.0,USD
903435,103956,free_trial,expired,2025-12-06T20:00:44Z,0.0,USD
903436,102905,monthly,active,2025-11-14T15:40:13Z,9.99,USD
903437,105687,monthly,active,2025-07-09T07:51:03Z,9.99,USD
903438,102518,free_trial,trialing,2025-11-27T17:55:13Z,0.0,USD
903438,102518,free_trial,expired,2025-12-06T17:55:13Z,0.0,USD
903439,105366,annual,active,2025-07-12 18:48:01,79.99,USD
903440,101506,annual,active,2025-07-23T14:13:03Z,79.99,USD
903441,103457,free_trial,trialing,2025-08-12T01:21:16Z,0.0,USD
903441,103457,annual,active,2025-08-22T01:21:16Z,79.99,USD
903442,102179,free_trial,trialing,2025-10-13 18:37:16,0.0,USD
903443,101092,monthly,active,2025-07-23T06:40:08Z,9.99,USD
903443,101092,monthly,canceled,2025-10-22T06:40:08Z,9.99,USD
903444,107536,annual,active,2025-08-26T09:27:28Z,79.99,USD
903445,105138,monthly,active,2026-01-10T02:37:01Z,9.99,USD
903446,104860,monthly,active,2026-02-18T08:46:21Z,9.99,USD
903446,104860,monthly,expired,2026-05-09T08:46:21Z,9.99,USD
903447,107655,annual,active,2025-12-18 19:57:19,79.99,USD
903448,100649,annual,active,2025-09-16 09:30:00,79.99,USD
903448,100649,annual,canceled,2025-12-21T14:30:00Z,79.99,USD
903449,103000,monthly,active,2026-02-11T00:20:28Z,9.99,USD
903450,103553,monthly,active,2025-09-28T16:41:59Z,9.99,EUR
903451,102750,monthly,active,2025-09-23T18:32:49Z,9.99,USD
903452,102221,free_trial,trialing,2025-11-07 01:07:30,0.0,USD
903453,102469,free_trial,trialing,2025-08-19T21:37:49Z,0.0,USD
903453,102469,free_trial,expired,2025-08-31T21:37:49Z,0.0,USD
903454,102405,monthly,active,2025-10-13T10:00:58Z,9.99,USD
903455,106404,monthly,active,2025-11-27T09:22:47Z,9.99,USD
903456,105647,annual,active,2025-12-17T20:35:44Z,79.99,USD
903457,106552,monthly,active,2026-02-10T09:58:11Z,9.99,USD
903458,104269,monthly,active,2025-10-31T00:57:19Z,9.99,USD
903459,102472,monthly,active,2026-02-01T23:43:37Z,9.99,USD
903460,107626,free_trial,trialing,2025-08-17T15:38:40Z,0.0,USD
903460,107626,annual,active,2025-08-30T15:38:40Z,79.99,USD
903461,103378,monthly,active,2025-11-10T16:43:29Z,9.99,USD
903462,103846,annual,active,2025-12-08 23:19:05,79.99,USD
903462,103846,annual,canceled,2026-01-10T04:19:05Z,79.99,USD
903463,104479,annual,active,2025-09-05T21:50:56Z,79.99,USD
903464,105519,monthly,active,2025-12-05T05:00:28Z,9.99,USD
903465,102688,monthly,active,2025-10-30T21:08:39Z,9.99,USD
903466,100904,monthly,active,2025-12-18 07:34:18,9.99,USD
903466,100904,monthly,canceled,2026-02-03T12:34:18Z,9.99,USD
903467,104599,monthly,active,2025-09-23T11:11:23Z,9.99,USD
903468,100187,free_trial,trialing,2025-11-22T20:02:11Z,0.0,USD
903468,100187,free_trial,expired,2025-11-29T20:02:11Z,0.0,USD
903469,106751,free_trial,trialing,2026-01-20T23:31:57Z,0.0,USD
903469,106751,annual,active,2026-01-23T23:31:57Z,79.99,USD
903470,103550,monthly,active,2026-01-20T23:46:39Z,9.99,USD
903471,103248,monthly,active,2025-11-03T03:34:16Z,9.99,USD
903472,103962,annual,active,2025-12-15T18:48:47Z,79.99,USD
903473,106834,free_trial,trialing,2025-10-17T04:15:29Z,0.0,USD
903473,106834,annual,active,2025-10-27T04:15:29Z,79.99,USD
903474,102569,free_trial,trialing,2025-09-30T02:18:01Z,0.0,USD
903474,102569,free_trial,expired,2025-10-13T02:18:01Z,0.0,USD
903475,100946,free_trial,trialing,2025-10-30T04:47:30Z,0.0,USD
903475,100946,monthly,active,2025-11-09T04:47:30Z,9.99,USD
903475,100946,monthly,canceled,2025-12-08T04:47:30Z,9.99,USD
903476,104236,annual,active,2025-10-26T03:11:40Z,79.99,GBP
903477,100858,annual,active,2026-01-04T19:02:29Z,79.99,USD
903478,100398,annual,active,2025-08-02T06:27:50Z,79.99,USD
903479,101461,free_trial,trialing,2025-10-07T19:14:47Z,0.0,USD
903479,101461,annual,active,2025-10-15T19:14:47Z,79.99,USD
903480,106066,monthly,active,2025-10-25T03:47:24Z,9.99,USD
903481,104253,free_trial,trialing,2026-02-08T17:03:52Z,0.0,USD
903481,104253,annual,active,2026-02-22T17:03:52Z,79.99,USD
903482,104236,monthly,active,2026-01-17T04:09:46Z,9.99,USD
903483,101297,annual,active,2025-11-02T10:08:57Z,79.99,USD
903483,101297,annual,canceled,2026-01-31T10:08:57Z,79.99,USD
903484,102222,annual,active,2025-09-12T01:54:17Z,79.99,USD
903485,102075,free_trial,trialing,2025-10-21T02:03:35Z,0.0,USD
903486,106471,annual,active,2026-01-06T10:38:30Z,79.99,USD
903487,100056,monthly,active,2026-01-09T23:21:01Z,9.99,GBP
903487,100056,monthly,canceled,2026-05-22 18:21:01,9.99,USD
903488,105620,monthly,active,2026-01-17 16:23:45,9.99,EUR
903488,105620,monthly,canceled,2026-06-15T21:23:45Z,9.99,USD
903489,101092,monthly,active,2025-10-22T11:52:31Z,9.99,USD
903490,101411,monthly,active,2025-08-15T22:53:50Z,9.99,USD
903490,101411,monthly,canceled,2025-12-21T22:53:50Z,9.99,USD
903491,104856,monthly,active,2025-09-10T10:52:50Z,9.99,USD
903492,100531,monthly,active,2025-12-22T21:38:49Z,9.99,USD
903493,106176,annual,active,2026-01-07T02:47:09Z,79.99,USD
903494,100680,free_trial,trialing,2025-12-21T21:48:42Z,0.0,USD
903494,100680,free_trial,expired,2025-12-29T21:48:42Z,0.0,USD
903495,102997,free_trial,trialing,2025-08-28T07:58:38Z,0.0,USD
903495,102997,monthly,active,2025-09-02 02:58:38,9.99,USD
903496,103791,monthly,active,2025-12-15T08:15:53Z,9.99,USD
903497,106143,free_trial,trialing,2025-12-20 08:16:24,0.0,USD
903497,106143,annual,active,2026-01-01T13:16:24Z,79.99,USD
903497,106143,annual,canceled,2026-03-07T13:16:24Z,79.99,USD
903498,106738,annual,active,2025-09-12T08:57:05Z,79.99,USD
903498,106738,annual,expired,2025-11-19T08:57:05Z,79.99,USD
903499,103987,monthly,active,2025-10-14 21:35:03,9.99,USD
903500,105599,annual,active,2025-08-20T20:33:11Z,79.99,USD
903501,100461,monthly,active,2025-11-20 13:08:21,9.99,USD
903502,102413,annual,active,2025-10-26T12:30:25Z,79.99,USD
903503,100273,free_trial,trialing,2025-10-26T20:31:08Z,0.0,USD
903503,100273,annual,active,2025-11-02T20:31:08Z,79.99,USD
903504,103542,annual,active,2025-08-27T09:25:00Z,79.99,GBP
903505,106138,free_trial,trialing,2025-08-17T19:17:58Z,0.0,USD
903505,106138,free_trial,expired,2025-08-30T19:17:58Z,0.0,USD
903506,102296,free_trial,trialing,2026-02-16T02:52:00Z,0.0,USD
903507,106058,annual,active,2025-07-17T17:53:53Z,79.99,USD
903508,102254,monthly,active,2025-07-09T11:58:43Z,9.99,USD
903509,107669,free_trial,trialing,2026-02-02T14:26:32Z,0.0,USD
903509,107669,monthly,active,2026-02-06 09:26:32,9.99,USD
903510,102048,annual,active,2025-10-24T06:38:36Z,79.99,USD
903510,102048,annual,canceled,2026-02-17T06:38:36Z,79.99,USD
903511,104509,annual,active,2025-07-25 11:58:03,79.99,USD
903512,107041,annual,active,2025-09-03 11:05:14,79.99,USD
903512,107041,annual,canceled,2025-09-22T16:05:14Z,79.99,USD
903513,105079,free_trial,trialing,2026-02-01T14:14:10Z,0.0,USD
903513,105079,free_trial,expired,2026-02-13T14:14:10Z,0.0,USD
903514,103559,annual,active,2025-09-08 07:49:38,79.99,USD
903514,103559,annual,canceled,2025-09-02T12:49:38Z,79.99,USD
903515,105942,annual,active,2026-02-11T15:07:37Z,79.99,USD
903515,105942,annual,expired,2026-06-07T15:07:37Z,79.99,USD
903516,103951,annual,active,2025-08-22T02:38:45Z,79.99,USD
903517,107916,annual,active,2025-12-11T22:45:07Z,79.99,USD
903517,107916,annual,canceled,2026-01-27 17:45:07,79.99,USD
903518,106056,free_trial,trialing,2025-10-15T21:52:20Z,0.0,USD
903518,106056,monthly,active,2025-10-22T21:52:20Z,9.99,USD
903519,104313,annual,active,2025-08-16 03:24:14,79.99,USD
903520,102073,monthly,active,2025-10-23 07:50:39,9.99,USD
903521,102418,annual,active,2025-10-24T22:06:05Z,79.99,USD
903522,101657,monthly,active,2025-09-25T07:42:13Z,9.99,USD
903522,101657,monthly,canceled,2025-12-09T07:42:13Z,9.99,USD
903523,103751,monthly,active,2026-01-08 18:03:18,9.99,USD
903524,102807,annual,active,2025-11-22T14:06:39Z,79.99,USD
903525,101093,monthly,active,2025-10-15T21:56:11Z,9.99,USD
903525,101093,monthly,canceled,2026-01-13T21:56:11Z,9.99,USD
903526,101134,free_trial,trialing,2025-10-04T09:11:54Z,0.0,USD
903527,103618,free_trial,trialing,2025-10-29T06:54:09Z,0.0,USD
903527,103618,monthly,active,2025-11-03 01:54:09,9.99,USD
903527,103618,monthly,canceled,2025-11-26T06:54:09Z,9.99,USD
903528,102951,monthly,active,2025-12-12T07:23:07Z,9.99,USD
903529,100360,free_trial,trialing,2025-07-14T15:27:06Z,0.0,USD
903529,100360,free_trial,expired,2025-07-26T15:27:06Z,0.0,USD
903530,107676,monthly,active,2025-10-07T17:44:11Z,9.99,USD
903531,101463,monthly,active,2025-09-16T12:15:40Z,9.99,USD
903531,101463,monthly,canceled,2025-12-09T12:15:40Z,9.99,USD
903532,103654,free_trial,trialing,2025-08-31T15:44:05Z,0.0,USD
903533,103961,free_trial,trialing,2026-02-01T21:28:28Z,0.0,USD
903533,103961,free_trial,expired,2026-02-13T21:28:28Z,0.0,USD
903534,102160,monthly,active,2025-12-07T17:44:21Z,9.99,USD
903534,102160,monthly,canceled,2026-04-21T17:44:21Z,9.99,USD
903535,101367,monthly,active,2025-12-18T15:36:10Z,9.99,USD
903535,101367,monthly,canceled,2026-05-11T15:36:10Z,9.99,USD
903536,105129,free_trial,trialing,2025-10-24T21:47:53Z,0.0,USD
903536,105129,annual,active,2025-10-31T21:47:53Z,79.99,USD
903537,104028,monthly,active,2026-01-07T22:17:26Z,9.99,USD
903537,104028,monthly,canceled,2026-04-11T22:17:26Z,9.99,USD
903538,104350,monthly,active,2025-07-25T00:59:13Z,9.99,USD
903539,105336,monthly,active,2026-01-10T14:15:39Z,9.99,USD
903540,104793,monthly,active,2025-08-17T05:52:01Z,9.99,USD
903541,322687,monthly,active,2025-10-16T18:49:27Z,9.99,USD
903541,322687,monthly,canceled,2025-12-29T18:49:27Z,9.99,USD
903542,101933,free_trial,trialing,2025-08-06T07:31:31Z,0.0,USD
903542,101933,free_trial,expired,2025-08-14T07:31:31Z,0.0,USD
903543,102243,free_trial,trialing,2025-11-05T00:59:37Z,0.0,USD
903543,102243,free_trial,expired,2025-11-14T00:59:37Z,0.0,USD
903544,102758,free_trial,trialing,2025-08-01T03:49:04Z,0.0,USD
903544,102758,annual,active,2025-08-04T03:49:04Z,79.99,USD
903544,102758,annual,canceled,2025-11-22T03:49:04Z,79.99,USD
903545,106059,annual,active,2025-10-19 11:26:11,79.99,USD
903546,100754,free_trial,trialing,2025-12-25T10:24:55Z,0.0,USD
903547,102952,free_trial,trialing,2025-12-31T05:06:45Z,0.0,USD
903547,102952,free_trial,expired,2026-01-07T05:06:45Z,0.0,USD
903548,107337,monthly,active,2025-11-25T22:57:46Z,9.99,USD
903549,103373,monthly,active,2025-09-04T19:49:01Z,9.99,USD
903550,100960,monthly,active,2025-09-09T09:46:54Z,9.99,USD
903551,104849,annual,active,2025-11-24T09:15:39Z,79.99,USD
903552,104904,free_trial,trialing,2026-01-14T11:44:51Z,0.0,USD
903552,104904,free_trial,expired,2026-01-26 06:44:51,0.0,USD
903553,103047,free_trial,trialing,2026-01-01T21:44:40Z,0.0,USD
903553,103047,free_trial,expired,2026-01-15 16:44:40,0.0,USD
903554,102069,annual,active,2025-12-31 10:14:58,79.99,USD
903554,102069,annual,canceled,2026-01-24T15:14:58Z,79.99,USD
903555,102261,free_trial,trialing,2026-01-16T22:27:39Z,0.0,USD
903555,102261,annual,active,2026-01-22T22:27:39Z,79.99,USD
903556,100750,monthly,active,2025-07-13T01:46:37Z,9.99,USD
903557,100421,annual,active,2025-08-28T02:31:37Z,79.99,USD
903558,104073,monthly,active,2026-01-01T15:44:10Z,9.99,USD
903558,104073,monthly,canceled,2025-12-17T15:44:10Z,9.99,USD
903559,100437,annual,active,2025-12-16T01:18:02Z,79.99,USD
903560,106953,annual,active,2025-12-02T16:09:38Z,79.99,USD
903560,106953,annual,expired,2026-01-04T16:09:38Z,79.99,USD
903561,100865,monthly,active,2025-08-06T07:29:27Z,9.99,USD
903562,101291,annual,active,2025-11-10T09:13:03Z,79.99,USD
903563,100705,monthly,active,2025-07-30T23:25:36Z,9.99,USD
903564,106077,annual,active,2025-12-13T10:20:37Z,79.99,USD
903564,106077,annual,expired,2026-03-16 05:20:37,79.99,USD
903565,107718,free_trial,trialing,2025-10-04T05:54:45Z,0.0,USD
903565,107718,free_trial,expired,2025-10-12T05:54:45Z,0.0,USD
903566,107396,free_trial,trialing,2025-11-15 21:36:09,0.0,USD
903566,107396,free_trial,expired,2025-11-23T02:36:09Z,0.0,USD
903567,102882,monthly,active,2025-08-29 04:45:41,9.99,USD
903568,107933,free_trial,trialing,2025-10-20T16:04:34Z,0.0,USD
903568,107933,free_trial,expired,2025-10-30T16:04:34Z,0.0,USD
903569,107663,free_trial,trialing,2026-01-08T22:47:58Z,0.0,USD
903569,107663,free_trial,expired,2025-12-23T22:47:58Z,0.0,USD
903570,107926,annual,active,2025-11-06T05:45:17Z,79.99,USD
903570,107926,annual,canceled,2026-01-28T05:45:17Z,79.99,USD
903571,100161,monthly,active,2025-08-12T21:15:38Z,9.99,USD
903571,100161,monthly,canceled,2026-01-08T21:15:38Z,9.99,USD
903572,309743,monthly,active,2025-11-15T12:08:02Z,9.99,USD
903573,102096,free_trial,trialing,2025-09-01 11:49:16,0.0,USD
903573,102096,monthly,active,2025-09-06T16:49:16Z,9.99,USD
903574,103198,monthly,active,2025-09-22 02:02:09,9.99,USD
903574,103198,monthly,canceled,2025-11-12T07:02:09Z,9.99,USD
903575,107584,monthly,active,2025-07-24 21:44:31,9.99,USD
903576,100736,monthly,active,2025-10-04T11:26:08Z,9.99,USD
903576,100736,monthly,expired,2026-04-01T11:26:08Z,9.99,USD
903577,101733,monthly,active,2025-08-16T16:46:46Z,9.99,USD
903578,107915,monthly,active,2025-08-22T21:57:50Z,9.99,USD
903578,107915,monthly,canceled,2025-09-08T21:57:50Z,9.99,USD
903579,105784,monthly,active,2025-12-17T04:29:31Z,9.99,USD
903579,105784,monthly,canceled,2026-01-25T04:29:31Z,9.99,USD
903580,100833,free_trial,trialing,2025-10-02 06:30:21,0.0,USD
903580,100833,free_trial,expired,2025-10-13 06:30:21,0.0,USD
903581,106721,monthly,active,2025-09-04T12:11:41Z,9.99,USD
903582,105497,free_trial,trialing,2025-11-03T19:01:28Z,0.0,USD
903583,106940,free_trial,trialing,2025-11-14T06:09:12Z,0.0,USD
903583,106940,annual,active,2025-11-25T06:09:12Z,79.99,USD
903583,106940,annual,canceled,2025-12-18T06:09:12Z,79.99,USD
903584,103394,annual,active,2025-08-09 03:31:22,79.99,USD
903585,100746,monthly,active,2025-10-22 07:04:09,9.99,USD
903585,100746,monthly,canceled,2025-11-20T12:04:09Z,9.99,USD
903586,107840,annual,active,2025-07-04T09:10:47Z,79.99,USD
903587,107507,annual,active,2025-10-07T05:07:58Z,79.99,USD
903587,107507,annual,canceled,2025-11-14T05:07:58Z,79.99,USD
903588,100848,annual,active,2025-07-17T18:37:14Z,79.99,USD
903589,102490,free_trial,trialing,2025-07-23T08:18:04Z,0.0,USD
903589,102490,monthly,active,2025-08-04T08:18:04Z,9.99,USD
903589,102490,monthly,canceled,2025-11-24T08:18:04Z,9.99,USD
903590,107753,free_trial,trialing,2026-02-08T07:40:59Z,0.0,USD
903591,106849,monthly,active,2025-08-10T13:11:23Z,9.99,USD
903592,397820,monthly,active,2025-07-23T11:31:18Z,9.99,USD
903592,397820,monthly,canceled,2025-09-21T11:31:18Z,9.99,USD
903593,103435,monthly,active,2025-11-10T06:10:21Z,9.99,USD
903594,100007,free_trial,trialing,2025-10-14T03:38:36Z,0.0,USD
903594,100007,monthly,active,2025-10-28T03:38:36Z,9.99,USD
903594,100007,monthly,canceled,2025-12-11 22:38:36,9.99,USD
903595,107145,free_trial,trialing,2026-01-16T00:28:26Z,0.0,USD
903595,107145,free_trial,expired,2026-01-27T00:28:26Z,0.0,USD
903596,106816,monthly,active,2025-08-23T12:30:34Z,9.99,USD
903596,106816,monthly,canceled,2025-11-23T12:30:34Z,9.99,USD
903597,101811,monthly,active,2025-10-06T06:52:24Z,9.99,USD
903598,106754,monthly,active,2025-07-29T01:00:40Z,9.99,USD
903598,106754,monthly,canceled,2025-12-11 20:00:40,9.99,USD
903599,105708,annual,active,2025-09-13T15:29:47Z,79.99,USD
903599,105708,annual,canceled,2026-02-08T15:29:47Z,79.99,USD
903600,103496,monthly,active,2025-10-15T20:53:13Z,9.99,USD
903601,102169,monthly,active,2026-01-17 23:12:28,9.99,USD
903601,102169,monthly,canceled,2026-04-24T04:12:28Z,9.99,USD
903602,102300,annual,active,2025-11-25T05:27:04Z,79.99,USD
903603,101803,monthly,active,2025-11-18T10:03:10Z,9.99,USD
903604,101567,free_trial,trialing,2025-08-14T08:03:19Z,0.0,USD
903605,107044,monthly,active,2025-07-16T20:17:32Z,9.99,USD
903605,107044,monthly,canceled,2025-11-30T20:17:32Z,9.99,USD
903606,103995,monthly,active,2025-08-14T04:18:19Z,9.99,USD
903607,103175,annual,active,2025-10-07T02:45:24Z,79.99,USD
903607,103175,annual,canceled,2026-01-17T02:45:24Z,79.99,USD
903608,105168,monthly,active,2025-08-17T21:27:14Z,9.99,USD
903609,102891,monthly,active,2025-11-28T10:53:41Z,9.99,USD
903609,102891,monthly,canceled,2026-02-27 05:53:41,9.99,USD
903610,106398,monthly,active,2025-12-28T23:18:23Z,9.99,USD
903611,107911,annual,active,2025-08-22 00:47:21,79.99,USD
903612,104267,free_trial,trialing,2026-02-16 14:49:56,0.0,USD
903612,104267,annual,active,2026-02-26T19:49:56Z,79.99,USD
903613,105511,monthly,active,2025-12-17T17:06:10Z,9.99,USD
903614,107279,annual,active,2025-09-29T23:30:56Z,79.99,USD
903614,107279,annual,canceled,2026-02-25T23:30:56Z,79.99,USD
903615,107001,annual,active,2025-10-19T06:01:33Z,79.99,USD
903616,104180,free_trial,trialing,2025-07-20T02:23:36Z,0.0,USD
903616,104180,monthly,active,2025-07-25T02:23:36Z,9.99,USD
903617,105985,free_trial,trialing,2025-09-09T08:58:55Z,0.0,USD
903617,105985,monthly,active,2025-09-20T08:58:55Z,9.99,USD
903618,104721,monthly,active,2025-12-04T01:29:27Z,9.99,USD
903619,105266,annual,active,2025-12-25T09:13:08Z,79.99,USD
903620,102838,annual,active,2025-09-26 15:27:48,79.99,USD
903621,105547,monthly,active,2025-09-29 09:33:48,9.99,USD
903621,105547,monthly,expired,2026-04-12T14:33:48Z,9.99,GBP
903622,101781,monthly,active,2026-02-07T23:18:05Z,9.99,USD
903623,101714,free_trial,trialing,2026-02-16T22:32:47Z,0.0,USD
903623,101714,free_trial,expired,2026-02-25T22:32:47Z,0.0,USD
903624,107721,monthly,active,2025-09-11 01:43:26,9.99,USD
903624,107721,monthly,canceled,2026-01-22T06:43:26Z,9.99,USD
903625,106082,free_trial,trialing,2025-08-26 11:05:02,0.0,USD
903625,106082,annual,active,2025-09-08 11:05:02,79.99,USD
903625,106082,annual,canceled,2025-12-16T16:05:02Z,79.99,USD
903626,101026,annual,active,2025-07-04T05:49:35Z,79.99,USD
903627,107347,annual,active,2025-08-19T19:55:59Z,79.99,USD
903627,107347,annual,canceled,2025-11-07T19:55:59Z,79.99,USD
903628,106824,monthly,active,2025-11-07T13:07:04Z,9.99,USD
903629,103825,monthly,active,2025-08-10T07:50:17Z,9.99,USD
903630,107052,monthly,active,2025-09-06T11:58:40Z,9.99,USD
903631,106915,annual,active,2025-09-28T03:06:14Z,79.99,USD
903631,106915,annual,canceled,2026-02-10T03:06:14Z,79.99,USD
903632,107671,monthly,active,2026-01-12T08:42:59Z,9.99,USD
903633,107053,monthly,active,2025-12-08T18:28:04Z,9.99,USD
903634,106226,monthly,active,2025-12-15T16:51:40Z,9.99,USD
903635,103163,free_trial,trialing,2025-08-09T18:41:23Z,0.0,USD
903635,103163,free_trial,expired,2025-08-22T18:41:23Z,0.0,USD
903636,107453,monthly,active,2025-10-06T15:36:59Z,9.99,USD
903637,103875,annual,active,2025-09-11 09:06:54,79.99,USD
903637,103875,annual,canceled,2025-12-30T14:06:54Z,79.99,USD
903638,103758,monthly,active,2025-10-11 08:58:38,9.99,USD
903639,102262,monthly,active,2026-01-30T08:24:39Z,9.99,USD
903640,105278,annual,active,2025-08-18 09:07:16,79.99,USD
903641,107960,monthly,active,2025-07-22T21:22:23Z,9.99,USD
903641,107960,monthly,canceled,2025-09-17T21:22:23Z,9.99,USD
903642,101079,annual,active,2025-07-31T23:12:05Z,79.99,USD
903642,101079,annual,expired,2025-09-11T23:12:05Z,79.99,USD
903643,102521,annual,active,2025-07-18T01:05:56Z,79.99,USD
903644,107332,monthly,active,2025-10-04T06:18:36Z,9.99,USD
903645,100167,monthly,active,2025-08-26T09:16:49Z,9.99,GBP
903646,104529,free_trial,trialing,2026-02-13T05:27:19Z,0.0,USD
903647,107741,monthly,active,2025-09-27T17:31:51Z,9.99,USD
903648,102925,annual,active,2025-07-10 21:32:16,79.99,USD
903649,106140,free_trial,trialing,2026-01-15T22:36:49Z,0.0,USD
903649,106140,monthly,active,2026-01-21T22:36:49Z,9.99,USD
903650,104884,monthly,active,2025-10-19T08:03:39Z,9.99,USD
903651,105753,free_trial,trialing,2025-08-20T14:19:06Z,0.0,USD
903651,105753,free_trial,expired,2025-09-03T14:19:06Z,0.0,USD
903652,105236,monthly,active,2026-02-12T18:17:46Z,9.99,USD
903653,107624,monthly,active,2025-12-22T23:18:02Z,9.99,USD
903653,107624,monthly,expired,2026-02-06 18:18:02,9.99,USD
903654,102550,free_trial,trialing,2025-09-23 04:11:07,0.0,USD
903654,102550,free_trial,expired,2025-10-02 04:11:07,0.0,USD
903655,106661,free_trial,trialing,2025-10-02T16:03:19Z,0.0,USD
903655,106661,free_trial,expired,2025-10-15T16:03:19Z,0.0,USD
903656,107126,annual,active,2025-10-05T12:35:10Z,79.99,USD
903656,107126,annual,canceled,2025-10-20T12:35:10Z,79.99,USD
903657,105499,free_trial,trialing,2025-07-29T11:06:28Z,0.0,USD
903658,102399,monthly,active,2025-10-07T05:08:03Z,9.99,USD
903659,100369,monthly,active,2026-01-11T06:40:30Z,9.99,USD
903659,100369,monthly,expired,2026-03-05 01:40:30,9.99,USD
903660,100075,monthly,active,2025-09-23 19:44:41,9.99,USD
903661,107589,monthly,active,2025-08-18T01:47:59Z,9.99,USD
903662,102932,monthly,active,2025-09-29T14:46:58Z,9.99,USD
903662,102932,monthly,canceled,2026-02-01T14:46:58Z,9.99,USD
903663,106517,free_trial,trialing,2025-09-24T11:03:16Z,0.0,USD
903663,106517,free_trial,expired,2025-10-05T11:03:16Z,0.0,USD
903664,103769,free_trial,trialing,2025-08-17T01:17:48Z,0.0,USD
903665,101989,free_trial,trialing,2025-11-23T13:16:05Z,0.0,USD
903665,101989,free_trial,expired,2025-11-30T13:16:05Z,0.0,USD
903666,107557,free_trial,trialing,2025-12-28T12:48:46Z,0.0,USD
903667,105358,monthly,active,2025-08-24T09:15:24Z,9.99,USD
903668,106069,annual,active,2025-10-31T22:14:50Z,79.99,USD
903668,106069,annual,canceled,2025-12-02T22:14:50Z,79.99,USD
903669,105750,monthly,active,2025-11-11T03:07:24Z,9.99,USD
903669,105750,monthly,canceled,2026-01-23T03:07:24Z,9.99,USD
903670,104285,free_trial,trialing,2025-08-07T22:29:38Z,0.0,USD
903670,104285,annual,active,2025-08-14T22:29:38Z,79.99,USD
903670,104285,annual,canceled,2025-07-28T22:29:38Z,79.99,USD
903671,106597,monthly,active,2026-02-17T09:16:27Z,9.99,USD
903672,100246,annual,active,2025-10-31T17:05:41Z,79.99,USD
903672,100246,annual,canceled,2026-02-07T17:05:41Z,79.99,USD
903673,100202,monthly,active,2025-10-04T14:55:02Z,9.99,USD
903674,103278,free_trial,trialing,2025-12-21 11:59:50,0.0,USD
903675,106978,free_trial,trialing,2025-07-31T17:47:53Z,0.0,USD
903676,101235,annual,active,2025-09-28T05:36:11Z,79.99,USD
903677,102638,monthly,active,2025-07-04T10:40:40Z,9.99,USD
903677,102638,monthly,canceled,2025-06-20T10:40:40Z,9.99,USD
903678,101652,monthly,active,2025-11-09 13:03:34,9.99,USD
903679,100848,free_trial,trialing,2025-12-09 21:46:22,0.0,USD
903679,100848,annual,active,2025-12-12 21:46:22,79.99,USD
903680,100093,monthly,active,2025-08-23T09:49:47Z,9.99,USD
903680,100093,monthly,canceled,2025-11-06T09:49:47Z,9.99,USD
903681,103135,annual,active,2025-12-08T14:04:15Z,79.99,USD
903682,105318,free_trial,trialing,2025-12-28T04:55:47Z,0.0,USD
903682,105318,free_trial,expired,2026-01-07T04:55:47Z,0.0,USD
903683,104167,free_trial,trialing,2026-01-08T22:08:36Z,0.0,USD
903683,104167,monthly,active,2026-01-11T22:08:36Z,9.99,USD
903684,102362,free_trial,trialing,2025-11-10 11:09:02,0.0,USD
903684,102362,free_trial,expired,2025-11-21T16:09:02Z,0.0,USD
903685,104451,monthly,active,2025-07-22T00:37:03Z,9.99,USD
903686,102080,monthly,active,2025-11-30T13:55:21Z,9.99,USD
903687,102073,monthly,active,2025-07-07T13:44:05Z,9.99,USD
903687,102073,monthly,expired,2025-09-22T13:44:05Z,9.99,USD
903688,106084,monthly,active,2025-12-30T22:52:15Z,9.99,USD
903689,101678,annual,active,2025-07-25T18:35:07Z,79.99,USD
903689,101678,annual,expired,2025-08-19T18:35:07Z,79.99,USD
903690,107279,annual,active,2025-07-12 11:50:15,79.99,USD
903691,107469,free_trial,trialing,2025-10-07T16:49:20Z,0.0,USD
903691,107469,annual,active,2025-10-16T16:49:20Z,79.99,USD
903692,105444,monthly,active,2025-12-19T19:04:40Z,9.99,USD
903693,104841,monthly,active,2025-08-03T22:04:04Z,9.99,USD
903694,105252,monthly,active,2026-01-01T06:08:05Z,9.99,USD
903695,102713,monthly,active,2025-08-11T03:19:25Z,9.99,USD
903696,101463,annual,active,2025-09-22T07:31:39Z,79.99,USD
903697,105386,free_trial,trialing,2026-01-25T13:43:55Z,0.0,USD
903697,105386,annual,active,2026-02-08T13:43:55Z,79.99,USD
903698,103946,monthly,active,2025-10-27T12:23:42Z,9.99,USD
903699,103138,free_trial,trialing,2025-11-12 20:15:22,0.0,USD
903699,103138,free_trial,expired,2025-11-25T01:15:22Z,0.0,USD
903700,103710,monthly,active,2025-08-17T19:15:26Z,9.99,USD
903700,103710,monthly,canceled,2025-12-22T19:15:26Z,9.99,USD
903701,105535,monthly,active,2025-12-09T22:45:37Z,9.99,USD
903702,106570,monthly,active,2025-09-18T22:29:26Z,9.99,USD
903702,106570,monthly,canceled,2025-10-04 17:29:26,9.99,USD
903703,103868,monthly,active,2025-12-04T00:37:51Z,9.99,USD
903703,103868,monthly,expired,2026-06-05 19:37:51,9.99,USD
903704,103266,free_trial,trialing,2025-10-07T02:11:45Z,0.0,USD
903704,103266,free_trial,expired,2025-10-19T02:11:45Z,0.0,USD
903705,107214,annual,active,2026-01-17T04:44:15Z,79.99,USD
903706,104057,free_trial,trialing,2025-10-20T17:39:04Z,0.0,USD
903706,104057,free_trial,expired,2025-10-30T17:39:04Z,0.0,USD
903707,100614,free_trial,trialing,2025-07-25 04:04:08,0.0,USD
903707,100614,annual,active,2025-08-03 04:04:08,79.99,USD
903708,102734,annual,active,2025-09-02T12:40:32Z,79.99,USD
903709,104296,monthly,active,2025-11-16T03:14:58Z,9.99,USD
903710,106738,monthly,active,2025-08-12 21:53:37,9.99,USD
903711,105371,monthly,active,2025-07-15T22:29:42Z,9.99,USD
903712,103056,monthly,active,2026-02-17T05:51:44Z,9.99,USD
903713,106282,monthly,active,2025-09-23T10:01:20Z,9.99,USD
903714,379983,free_trial,trialing,2025-10-10T01:14:49Z,0.0,USD
903714,379983,annual,active,2025-10-22T01:14:49Z,79.99,USD
903714,379983,annual,canceled,2026-02-15 20:14:49,79.99,USD
903715,103228,free_trial,trialing,2025-08-28T10:28:19Z,0.0,USD
903715,103228,free_trial,expired,2025-09-06T10:28:19Z,0.0,USD
903716,102878,free_trial,trialing,2025-08-13T23:20:43Z,0.0,USD
903716,102878,free_trial,expired,2025-08-27T23:20:43Z,0.0,USD
903717,101350,monthly,active,2025-10-06T13:28:48Z,9.99,USD
903718,100246,monthly,active,2025-09-07T10:33:53Z,9.99,USD
903718,100246,monthly,canceled,2025-12-12 05:33:53,9.99,USD
903719,100922,monthly,active,2025-07-16T20:37:21Z,9.99,USD
903720,102403,monthly,active,2026-02-05T09:06:32Z,9.99,USD
903720,102403,monthly,expired,2026-06-17T09:06:32Z,9.99,USD
903721,104944,monthly,active,2025-11-17T00:28:31Z,9.99,USD
903722,101205,annual,active,2025-08-22T01:22:23Z,79.99,USD
903722,101205,annual,canceled,2025-09-12T01:22:23Z,79.99,USD
903723,104705,monthly,active,2025-07-11T06:06:40Z,9.99,USD
903723,104705,monthly,canceled,2025-10-22T06:06:40Z,9.99,USD
903724,103646,free_trial,trialing,2025-07-12T14:46:42Z,0.0,USD
903725,105393,monthly,active,2026-01-18 17:01:56,9.99,USD
903726,106178,free_trial,trialing,2025-10-17T10:04:24Z,0.0,USD
903726,106178,free_trial,expired,2025-10-29T10:04:24Z,0.0,USD
903727,105588,monthly,active,2025-09-07T17:51:01Z,9.99,USD
903728,102486,monthly,active,2025-09-02 17:46:38,9.99,USD
903729,102290,free_trial,trialing,2025-12-03T11:03:36Z,0.0,USD
903729,102290,monthly,active,2025-12-16T11:03:36Z,9.99,USD
903730,103060,annual,active,2026-02-07T08:48:16Z,79.99,USD
903730,103060,annual,expired,2026-04-11T08:48:16Z,79.99,USD
903731,100463,monthly,active,2026-01-11 22:39:50,9.99,USD
903732,102411,free_trial,trialing,2026-01-27T19:12:41Z,0.0,USD
903733,106207,monthly,active,2025-10-23T21:20:12Z,9.99,USD
903734,106309,monthly,active,2026-02-05T04:53:44Z,9.99,USD
903735,105365,monthly,active,2026-02-09T10:29:33Z,9.99,USD
903736,100509,annual,active,2025-12-13T10:06:47Z,79.99,USD
903736,100509,annual,canceled,2026-03-09T10:06:47Z,79.99,USD
903737,100567,free_trial,trialing,2025-12-03T23:49:33Z,0.0,USD
903737,100567,annual,active,2025-12-11T23:49:33Z,79.99,USD
903738,104326,monthly,active,2025-12-15T11:32:20Z,9.99,USD
903739,103712,annual,active,2025-09-07T13:25:38Z,79.99,USD
903740,105438,free_trial,trialing,2026-01-06T22:55:01Z,0.0,USD
903740,105438,annual,active,2026-01-14T22:55:01Z,79.99,USD
903740,105438,annual,canceled,2026-02-28T22:55:01Z,79.99,USD
903741,106384,monthly,active,2026-01-07T18:23:30Z,9.99,USD
903741,106384,monthly,canceled,2026-06-06T18:23:30Z,9.99,USD
903742,101542,free_trial,trialing,2025-08-22T11:04:45Z,0.0,USD
903743,105046,annual,active,2025-11-11T11:01:40Z,79.99,USD
903743,105046,annual,canceled,2025-12-03T11:01:40Z,79.99,USD
903744,103934,free_trial,trialing,2025-08-04T16:18:47Z,0.0,USD
903744,103934,free_trial,expired,2025-08-13T16:18:47Z,0.0,USD
903745,102299,monthly,active,2025-12-31T05:47:53Z,9.99,USD
903746,104855,monthly,active,2025-11-11T16:41:06Z,9.99,USD
903747,102707,annual,active,2025-07-10T22:05:31Z,79.99,USD
903747,102707,annual,canceled,2025-10-21 17:05:31,79.99,USD
903748,101793,free_trial,trialing,2025-07-27T19:08:34Z,0.0,USD
903748,101793,monthly,active,2025-07-31T19:08:34Z,9.99,USD
903748,101793,monthly,canceled,2025-09-02 14:08:34,9.99,USD
903749,377915,monthly,active,2025-07-19 07:59:48,9.99,USD
903750,104906,free_trial,trialing,2025-09-16T15:46:16Z,0.0,USD
903750,104906,free_trial,expired,2025-09-24T15:46:16Z,0.0,USD
903751,100598,monthly,active,2026-01-01T18:03:04Z,9.99,USD
903752,101500,annual,active,2025-07-08T12:54:51Z,79.99,USD
903753,105846,free_trial,trialing,2025-08-22T00:44:11Z,0.0,USD
903753,105846,free_trial,expired,2025-08-31T00:44:11Z,0.0,USD
903754,103113,monthly,active,2025-10-02 08:36:52,9.99,USD
903755,103719,free_trial,trialing,2025-07-08T09:30:49Z,0.0,USD
903755,103719,monthly,active,2025-07-15T09:30:49Z,9.99,USD
903755,103719,monthly,canceled,2025-10-07T09:30:49Z,9.99,USD
903756,100973,monthly,active,2025-10-24 13:11:49,9.99,USD
903757,100960,free_trial,trialing,2025-12-10T23:31:16Z,0.0,USD
903758,106542,monthly,active,2025-08-19T18:09:21Z,9.99,USD
903759,103327,monthly,active,2025-07-29T14:43:16Z,9.99,USD
903760,105921,monthly,active,2025-10-21 18:09:29,9.99,USD
903761,101027,monthly,active,2026-01-09T05:01:53Z,9.99,USD
903762,105499,monthly,active,2025-09-23T22:06:29Z,9.99,USD
903763,103431,monthly,active,2026-01-29T06:17:52Z,9.99,USD
903763,103431,monthly,canceled,2026-04-03T06:17:52Z,9.99,USD
903764,102073,monthly,active,2025-08-29T16:27:48Z,9.99,USD
903765,107921,free_trial,trialing,2025-07-11 22:19:54,0.0,USD
903765,107921,free_trial,expired,2025-07-26T03:19:54Z,0.0,USD
903766,105552,free_trial,trialing,2025-08-26T06:30:41Z,0.0,USD
903766,105552,annual,active,2025-09-03T06:30:41Z,79.99,USD
903767,101344,free_trial,trialing,2025-07-28T18:14:45Z,0.0,USD
903767,101344,monthly,active,2025-08-10T18:14:45Z,9.99,USD
903768,106638,monthly,active,2026-01-01 17:53:06,9.99,USD
903768,106638,monthly,canceled,2026-03-07T22:53:06Z,9.99,USD
903769,104870,monthly,active,2025-10-28T21:11:55Z,9.99,USD
903770,105345,annual,active,2026-02-12T14:38:09Z,79.99,USD
903770,105345,annual,expired,2026-06-02T14:38:09Z,79.99,USD
903771,106774,free_trial,trialing,2025-11-23T17:40:42Z,0.0,USD
903771,106774,free_trial,expired,2025-12-01T17:40:42Z,0.0,USD
903772,106136,free_trial,trialing,2025-12-18T17:23:35Z,0.0,USD
903773,102545,free_trial,trialing,2025-10-05T13:17:07Z,0.0,USD
903773,102545,annual,active,2025-10-16T13:17:07Z,79.99,USD
903774,102245,free_trial,trialing,2025-10-15T18:26:42Z,0.0,USD
903774,102245,annual,active,2025-10-22T18:26:42Z,79.99,USD
903775,104924,free_trial,trialing,2025-11-12T15:39:37Z,0.0,USD
903776,102729,free_trial,trialing,2025-08-03T16:51:34Z,0.0,USD
903776,102729,monthly,active,2025-08-16T16:51:34Z,9.99,USD
903777,107410,monthly,active,2026-01-28 11:51:04,9.99,USD
903778,103895,free_trial,trialing,2025-08-12T08:13:11Z,0.0,USD
903779,102917,annual,active,2025-09-19T20:38:58Z,79.99,USD
903780,102016,monthly,active,2025-12-20T12:29:27Z,9.99,USD
903781,105649,monthly,active,2025-09-04T16:33:58Z,9.99,USD
903781,105649,monthly,canceled,2025-11-26T16:33:58Z,9.99,USD
903782,107738,monthly,active,2025-11-13T20:18:51Z,9.99,USD
903783,102096,annual,active,2025-10-06T08:23:46Z,79.99,USD
903784,101963,monthly,active,2025-08-27T10:16:07Z,9.99,USD
903784,101963,monthly,expired,2026-01-21T10:16:07Z,9.99,USD
903785,103656,monthly,active,2025-08-25T00:54:14Z,9.99,USD
903785,103656,monthly,expired,2025-11-08T00:54:14Z,9.99,USD
903786,105526,annual,active,2025-11-15T08:58:57Z,79.99,USD
903786,105526,annual,canceled,2025-12-16T08:58:57Z,79.99,USD
903787,103247,monthly,active,2025-12-18T23:00:29Z,9.99,USD
903788,100522,free_trial,trialing,2025-12-24 05:45:22,0.0,USD
903788,100522,annual,active,2026-01-01T10:45:22Z,79.99,USD
903788,100522,annual,canceled,2026-03-17T10:45:22Z,79.99,USD
903789,102210,annual,active,2025-09-22T13:12:19Z,79.99,USD
903790,105666,monthly,active,2025-09-10T03:19:09Z,9.99,USD
903791,101128,free_trial,trialing,2025-12-25T08:55:46Z,0.0,USD
903791,101128,monthly,active,2026-01-03T08:55:46Z,9.99,USD
903791,101128,monthly,canceled,2026-01-27T08:55:46Z,9.99,USD
903792,102538,monthly,active,2025-07-08T01:31:46Z,9.99,USD
903793,107501,free_trial,trialing,2025-10-06T03:30:41Z,0.0,USD
903793,107501,free_trial,expired,2025-10-17T03:30:41Z,0.0,USD
903794,104987,monthly,active,2025-10-27T20:31:45Z,9.99,USD
903795,105083,free_trial,trialing,2025-07-04T02:14:07Z,0.0,USD
903795,105083,free_trial,expired,2025-07-16T02:14:07Z,0.0,USD
903796,107502,annual,active,2025-11-25 15:18:33,79.99,USD
903797,102853,monthly,active,2025-11-12T18:05:34Z,9.99,USD
903798,106829,monthly,active,2025-10-29 01:49:18,9.99,USD
903799,101380,monthly,active,2025-10-12T01:43:43Z,9.99,USD
903800,100497,monthly,active,2025-09-16T12:34:59Z,9.99,USD
903801,105884,free_trial,trialing,2025-08-25 06:20:33,0.0,USD
903802,106732,free_trial,trialing,2025-11-25T00:02:26Z,0.0,USD
903802,106732,annual,active,2025-12-06T00:02:26Z,79.99,USD
903803,107035,monthly,active,2025-07-18T08:03:50Z,9.99,USD
903803,107035,monthly,canceled,2025-09-12T08:03:50Z,9.99,USD
903804,101953,annual,active,2025-08-04 16:33:24,79.99,USD
903804,101953,annual,canceled,2025-12-18T21:33:24Z,79.99,USD
903805,106310,monthly,active,2025-07-13T06:12:21Z,9.99,USD
903806,101317,free_trial,trialing,2025-09-28T04:51:24Z,0.0,USD
903807,104788,monthly,active,2026-01-22T09:35:58Z,9.99,USD
903807,104788,monthly,canceled,2026-02-10T09:35:58Z,9.99,USD
903808,106566,monthly,active,2025-11-20T02:30:57Z,9.99,USD
903808,106566,monthly,canceled,2025-12-26T02:30:57Z,9.99,USD
903809,106193,monthly,active,2025-11-22 09:53:22,9.99,USD
903810,102096,free_trial,trialing,2025-09-23T09:23:24Z,0.0,USD
903810,102096,free_trial,expired,2025-10-04T09:23:24Z,0.0,USD
903811,101664,annual,active,2025-07-03 16:50:32,79.99,USD
903811,101664,annual,expired,2025-12-12T21:50:32Z,79.99,USD
903812,104796,monthly,active,2025-09-16T05:48:43Z,9.99,USD
903812,104796,monthly,canceled,2025-11-24T05:48:43Z,9.99,USD
903813,100318,annual,active,2025-07-31T08:49:32Z,79.99,USD
903813,100318,annual,canceled,2025-08-27T08:49:32Z,79.99,USD
903814,101928,monthly,active,2025-10-20T04:09:51Z,9.99,USD
903815,104103,monthly,active,2025-10-24T16:40:02Z,9.99,USD
903815,104103,monthly,expired,2026-04-10 11:40:02,9.99,USD
903816,104006,monthly,active,2026-01-02T13:18:31Z,9.99,USD
903817,100706,monthly,active,2025-10-14T22:49:34Z,9.99,USD
903817,100706,monthly,canceled,2026-03-05T22:49:34Z,9.99,USD
903818,105468,annual,active,2025-11-02T23:00:35Z,79.99,USD
903818,105468,annual,canceled,2025-11-19 18:00:35,79.99,USD
903819,106045,monthly,active,2025-11-04T03:18:51Z,9.99,USD
903820,104890,monthly,active,2025-12-25 18:48:24,9.99,USD
903820,104890,monthly,canceled,2026-01-19T23:48:24Z,9.99,USD
903821,107002,monthly,active,2025-10-18T02:30:16Z,9.99,USD
903822,102640,monthly,active,2025-07-26 15:18:01,9.99,USD
903823,107926,monthly,active,2025-07-27T20:55:46Z,9.99,USD
903824,104368,free_trial,trialing,2025-12-07T22:12:42Z,0.0,USD
903824,104368,monthly,active,2025-12-18 17:12:42,9.99,USD
903825,106960,annual,active,2025-10-28T12:33:18Z,79.99,USD
903825,106960,annual,canceled,2026-01-29 07:33:18,79.99,USD
903826,101575,monthly,active,2025-11-14T01:20:03Z,9.99,USD
903827,102412,monthly,active,2025-09-06T14:22:09Z,9.99,USD
903827,102412,monthly,canceled,2025-12-18T14:22:09Z,9.99,USD
903828,106046,free_trial,trialing,2025-11-10T05:05:29Z,0.0,USD
903828,106046,free_trial,expired,2025-11-23T05:05:29Z,0.0,USD
903829,106110,annual,active,2025-10-18T14:08:35Z,79.99,USD
903830,106296,free_trial,trialing,2025-08-01T08:54:20Z,0.0,USD
903830,106296,annual,active,2025-08-14T08:54:20Z,79.99,USD
903830,106296,annual,canceled,2025-10-03 03:54:20,79.99,USD
903831,107715,monthly,active,2025-12-21T20:00:53Z,9.99,USD
903831,107715,monthly,canceled,2026-05-09T20:00:53Z,9.99,USD
903832,107259,monthly,active,2025-07-05T12:49:18Z,9.99,USD
903832,107259,monthly,canceled,2025-08-14T12:49:18Z,9.99,USD
903833,104660,annual,active,2025-08-23T01:53:04Z,79.99,USD
903833,104660,annual,canceled,2025-12-04T01:53:04Z,79.99,USD
903834,107245,monthly,active,2025-07-05 09:12:36,9.99,USD
903835,107567,monthly,active,2026-01-14 07:43:52,9.99,USD
903836,101786,monthly,active,2025-09-30T12:19:34Z,9.99,USD
903837,102159,monthly,active,2026-01-17T18:28:31Z,9.99,USD
903838,104552,free_trial,trialing,2025-10-27T17:45:21Z,0.0,USD
903839,106453,annual,active,2025-12-07 22:50:07,79.99,USD
903840,101425,free_trial,trialing,2026-01-17T23:56:31Z,0.0,USD
903841,100913,free_trial,trialing,2025-07-29T19:51:47Z,0.0,USD
903841,100913,free_trial,expired,2025-08-06T19:51:47Z,0.0,USD
903842,101744,annual,active,2025-10-19T06:47:20Z,79.99,USD
903843,103422,free_trial,trialing,2026-02-15T11:03:27Z,0.0,USD
903843,103422,free_trial,expired,2026-03-01T11:03:27Z,0.0,USD
903844,106847,free_trial,trialing,2025-12-11T22:32:04Z,0.0,USD
903844,106847,free_trial,expired,2025-12-19T22:32:04Z,0.0,USD
903845,103729,monthly,active,2025-07-20T17:32:31Z,9.99,USD
903846,106349,monthly,active,2025-07-28T21:33:20Z,9.99,USD
903847,103766,monthly,active,2025-08-08T09:28:51Z,9.99,USD
903848,105085,annual,active,2025-11-10T14:59:55Z,79.99,USD
903849,103951,free_trial,trialing,2025-10-11T16:20:37Z,0.0,USD
903849,103951,monthly,active,2025-10-18 11:20:37,9.99,USD
903850,102606,monthly,active,2025-07-20T16:04:20Z,9.99,USD
903851,104034,monthly,active,2026-02-14T22:52:59Z,9.99,USD
903851,104034,monthly,canceled,2026-05-12T22:52:59Z,9.99,GBP
903852,105512,monthly,active,2025-09-06T02:56:27Z,9.99,USD
903853,102137,annual,active,2025-11-27T15:04:18Z,79.99,USD
903853,102137,annual,canceled,2026-04-17T15:04:18Z,79.99,USD
903854,104795,free_trial,trialing,2026-01-28T00:32:47Z,0.0,USD
903855,102925,free_trial,trialing,2025-07-09T12:37:51Z,0.0,USD
903856,101455,monthly,active,2025-08-11T15:50:14Z,9.99,USD
903857,104791,annual,active,2026-01-10T06:57:02Z,79.99,GBP
903858,107209,annual,active,2025-07-14T06:07:04Z,79.99,USD
903859,107616,monthly,active,2025-10-05T06:41:06Z,9.99,USD
903860,106102,annual,active,2025-08-21T16:52:31Z,79.99,USD
903861,105770,monthly,active,2025-07-08 09:57:58,9.99,USD
903861,105770,monthly,canceled,2025-09-25T14:57:58Z,9.99,USD
903862,101867,free_trial,trialing,2025-11-09T12:12:46Z,0.0,USD
903862,101867,free_trial,expired,2025-11-20T12:12:46Z,0.0,USD
903863,106448,monthly,active,2025-12-11T00:52:51Z,9.99,USD
903864,106398,free_trial,trialing,2026-01-22T20:45:22Z,0.0,USD
903864,106398,annual,active,2026-01-28T20:45:22Z,79.99,USD
903865,100961,annual,active,2025-11-15T14:14:53Z,79.99,USD
903866,102759,monthly,active,2025-12-04T08:14:41Z,9.99,USD
903867,102839,monthly,active,2025-11-01T17:43:32Z,9.99,USD
903867,102839,monthly,canceled,2025-11-24T17:43:32Z,9.99,USD
903868,105542,monthly,active,2025-11-23T20:47:09Z,9.99,USD
903868,105542,monthly,canceled,2026-01-25T20:47:09Z,9.99,USD
903869,107962,free_trial,trialing,2026-01-31T17:00:04Z,0.0,USD
903869,107962,free_trial,expired,2026-02-14T17:00:04Z,0.0,USD
903870,107361,annual,active,2025-07-19T04:15:29Z,79.99,USD
903871,104348,annual,active,2025-08-19T14:42:10Z,79.99,USD
903871,104348,annual,canceled,2025-10-08T14:42:10Z,79.99,USD
903872,104025,monthly,active,2025-08-12T16:00:59Z,9.99,USD
903872,104025,monthly,canceled,2025-10-13 11:00:59,9.99,USD
903873,101819,free_trial,trialing,2026-02-04T09:34:12Z,0.0,USD
903873,101819,free_trial,expired,2026-02-11T09:34:12Z,0.0,USD
903874,352348,monthly,active,2025-12-30T15:21:45Z,9.99,USD
903875,107493,monthly,active,2026-02-03T15:30:49Z,9.99,USD
903876,102985,monthly,active,2025-12-12T13:11:59Z,9.99,USD
903877,103158,free_trial,trialing,2025-10-29T14:15:05Z,0.0,USD
903877,103158,free_trial,expired,2025-10-23T14:15:05Z,0.0,USD
903878,106980,free_trial,trialing,2025-11-24T05:38:25Z,0.0,USD
903878,106980,monthly,active,2025-12-05T05:38:25Z,9.99,USD
903879,105100,monthly,active,2025-09-23 05:39:25,9.99,USD
903880,104592,monthly,active,2025-08-23 00:59:52,9.99,USD
903881,101203,monthly,active,2026-01-07T07:20:03Z,9.99,USD
903881,101203,monthly,canceled,2026-05-14T07:20:03Z,9.99,EUR
903882,102273,monthly,active,2025-11-20T20:28:26Z,9.99,USD
903882,102273,monthly,expired,2026-06-01T20:28:26Z,9.99,USD
903883,320727,free_trial,trialing,2025-09-18T00:09:39Z,0.0,USD
903883,320727,monthly,active,2025-09-29T00:09:39Z,9.99,USD
903884,107333,monthly,active,2026-01-18T22:32:51Z,9.99,USD
903884,107333,monthly,canceled,2026-04-05T22:32:51Z,9.99,USD
903885,103000,annual,active,2026-01-24T05:21:49Z,79.99,USD
903886,100157,monthly,active,2026-02-09T09:45:36Z,9.99,USD
903886,100157,monthly,canceled,2026-06-18T09:45:36Z,9.99,USD
903887,106450,monthly,active,2026-01-03T13:38:17Z,9.99,USD
903888,105256,free_trial,trialing,2025-11-22T02:26:50Z,0.0,USD
903888,105256,free_trial,expired,2025-12-04T02:26:50Z,0.0,USD
903889,100281,free_trial,trialing,2025-11-03T03:51:44Z,0.0,USD
903889,100281,free_trial,expired,2025-11-10T03:51:44Z,0.0,USD
903890,105614,monthly,active,2025-07-25T18:44:05Z,9.99,USD
903890,105614,monthly,canceled,2025-10-05 13:44:05,9.99,USD
903891,106170,monthly,active,2025-11-17T20:57:56Z,9.99,USD
903891,106170,monthly,canceled,2026-03-11T20:57:56Z,9.99,USD
903892,100433,annual,active,2025-07-12 04:41:27,79.99,USD
903893,104260,free_trial,trialing,2025-07-29T11:36:43Z,0.0,USD
903893,104260,free_trial,expired,2025-08-11T11:36:43Z,0.0,USD
903894,102088,monthly,active,2025-10-03T06:43:08Z,9.99,USD
903894,102088,monthly,canceled,2026-02-21T06:43:08Z,9.99,USD
903895,106380,free_trial,trialing,2026-02-09T23:47:01Z,0.0,USD
903895,106380,monthly,active,2026-02-23T23:47:01Z,9.99,USD
903896,100215,free_trial,trialing,2025-07-17T06:25:50Z,0.0,USD
903896,100215,monthly,active,2025-07-27 01:25:50,9.99,USD
903897,104080,free_trial,trialing,2025-12-07T11:01:13Z,0.0,USD
903897,104080,free_trial,expired,2025-12-17T11:01:13Z,0.0,USD
903898,104047,annual,active,2025-09-16T07:32:00Z,79.99,USD
903899,102411,annual,active,2025-07-11T19:54:58Z,79.99,USD
903900,105069,free_trial,trialing,2025-09-01T12:09:58Z,0.0,USD
903901,107092,free_trial,trialing,2025-11-12T14:10:19Z,0.0,USD
903901,107092,free_trial,expired,2025-11-21T14:10:19Z,0.0,USD
903902,104043,monthly,active,2025-07-04T19:18:42Z,9.99,USD
903903,103393,monthly,active,2025-09-22T00:14:43Z,9.99,USD
903903,103393,monthly,canceled,2025-10-18T00:14:43Z,9.99,USD
903904,100610,monthly,active,2025-12-28T10:35:11Z,9.99,USD
903905,104619,annual,active,2026-02-01 05:12:54,79.99,USD
903906,106227,annual,active,2026-01-11T13:11:26Z,79.99,USD
903906,106227,annual,canceled,2026-02-11 08:11:26,79.99,USD
903907,104866,monthly,active,2025-08-30T08:24:29Z,9.99,USD
903907,104866,monthly,canceled,2025-10-13 03:24:29,9.99,USD
903908,107887,monthly,active,2025-11-25T06:43:06Z,9.99,USD
903909,102052,free_trial,trialing,2026-01-24T11:50:37Z,0.0,USD
903909,102052,free_trial,expired,2026-02-02T11:50:37Z,0.0,USD
903910,103882,monthly,active,2026-02-03T05:24:05Z,9.99,USD
903911,102538,free_trial,trialing,2025-10-27T18:21:04Z,0.0,USD
903912,100001,annual,active,2026-01-26T21:31:05Z,79.99,USD
903913,104921,free_trial,trialing,2025-11-22T10:29:53Z,0.0,USD
903913,104921,annual,active,2025-12-03 05:29:53,79.99,USD
903913,104921,annual,canceled,2026-02-11T10:29:53Z,79.99,USD
903914,100145,monthly,active,2025-12-28 14:32:39,9.99,USD
903915,103510,monthly,active,2026-02-18T18:11:24Z,9.99,USD
903916,103564,free_trial,trialing,2026-01-20T07:14:53Z,0.0,USD
903916,103564,annual,active,2026-01-26T07:14:53Z,79.99,USD
903916,103564,annual,canceled,2026-03-10T07:14:53Z,79.99,USD
903917,105311,free_trial,trialing,2025-08-05T21:56:33Z,0.0,USD
903917,105311,free_trial,expired,2025-08-13T21:56:33Z,0.0,USD
903918,104499,annual,active,2026-02-15T04:54:02Z,79.99,USD
903918,104499,annual,canceled,2026-06-28T04:54:02Z,79.99,USD
903919,107846,free_trial,trialing,2025-10-12T14:14:03Z,0.0,USD
903919,107846,free_trial,expired,2025-10-19 09:14:03,0.0,USD
903920,103236,monthly,active,2025-08-03T07:01:04Z,9.99,USD
903920,103236,monthly,canceled,2025-08-18T07:01:04Z,9.99,USD
903921,106360,annual,active,2025-12-11T00:20:10Z,79.99,USD
903921,106360,annual,canceled,2026-01-06T00:20:10Z,79.99,USD
903922,100983,annual,active,2025-11-15T09:58:03Z,79.99,USD
903923,105132,free_trial,trialing,2025-12-01T19:38:51Z,0.0,USD
903923,105132,annual,active,2025-12-04T19:38:51Z,79.99,USD
903924,101107,annual,active,2025-09-04 13:55:55,79.99,USD
903924,101107,annual,expired,2026-03-05T18:55:55Z,79.99,USD
903925,102737,annual,active,2025-10-27 08:37:17,79.99,USD
903926,100039,free_trial,trialing,2025-08-28T21:16:02Z,0.0,USD
903927,103888,monthly,active,2025-09-19T17:06:16Z,9.99,USD
903928,104429,annual,active,2025-07-03T07:59:35Z,79.99,USD
903929,105170,annual,active,2026-02-17T02:50:26Z,79.99,USD
903930,103729,monthly,active,2025-08-19T15:04:44Z,9.99,USD
903931,103908,annual,active,2025-11-20 10:01:42,79.99,USD
903931,103908,annual,canceled,2026-03-23T15:01:42Z,79.99,USD
903932,104584,free_trial,trialing,2025-09-17T22:19:58Z,0.0,USD
903932,104584,monthly,active,2025-09-28T22:19:58Z,9.99,USD
903933,101129,monthly,active,2026-02-16T00:34:49Z,9.99,USD
903934,106271,monthly,active,2026-01-24T20:16:26Z,9.99,USD
903935,100719,monthly,active,2025-10-17T05:54:01Z,9.99,USD
903935,100719,monthly,expired,2026-02-20 00:54:01,9.99,USD
903936,101231,monthly,active,2025-09-12T10:03:21Z,9.99,USD
903937,100102,free_trial,trialing,2025-11-27T09:24:17Z,0.0,USD
903937,100102,free_trial,expired,2025-12-06T09:24:17Z,0.0,USD
903938,105053,monthly,active,2026-01-26 20:36:24,9.99,USD
903938,105053,monthly,expired,2026-05-27T01:36:24Z,9.99,USD
903939,106768,free_trial,trialing,2025-10-26T16:02:01Z,0.0,USD
903940,100249,free_trial,trialing,2025-10-10T08:37:14Z,0.0,USD
903940,100249,free_trial,expired,2025-10-22T08:37:14Z,0.0,USD
903941,106953,free_trial,trialing,2026-01-08T17:43:54Z,0.0,USD
903941,106953,annual,active,2026-01-17T17:43:54Z,79.99,USD
903941,106953,annual,canceled,2026-04-13T17:43:54Z,79.99,USD
903942,101825,annual,active,2025-10-22 15:45:35,79.99,USD
903943,101479,monthly,active,2025-07-16 18:43:21,9.99,USD
903943,101479,monthly,canceled,2025-09-10T23:43:21Z,9.99,USD
903944,103376,free_trial,trialing,2025-08-12T09:52:15Z,0.0,USD
903944,103376,free_trial,expired,2025-08-21T09:52:15Z,0.0,USD
903945,100333,monthly,active,2025-12-06T19:43:31Z,9.99,USD
903946,101587,monthly,active,2026-02-05T01:57:07Z,9.99,USD
903947,105235,annual,active,2025-10-11T05:51:56Z,79.99,USD
903947,105235,annual,canceled,2025-12-27T05:51:56Z,79.99,USD
903948,102324,monthly,active,2025-10-25T16:42:35Z,9.99,USD
903949,107823,monthly,active,2025-08-04T09:36:30Z,9.99,USD
903950,104741,monthly,active,2025-12-20T01:16:46Z,9.99,USD
903950,104741,monthly,canceled,2026-04-13T01:16:46Z,9.99,USD
903951,101992,monthly,active,2025-10-25T00:52:30Z,9.99,USD
903951,101992,monthly,canceled,2025-10-21 19:52:30,9.99,USD
903952,105676,free_trial,trialing,2025-12-13T10:26:15Z,0.0,USD
903952,105676,free_trial,expired,2025-12-20T10:26:15Z,0.0,USD
903953,101052,monthly,active,2025-10-06 22:45:33,9.99,USD
903954,104383,free_trial,trialing,2025-09-04T04:07:49Z,0.0,USD
903955,100977,monthly,active,2025-11-08T01:51:23Z,9.99,USD
903956,104158,monthly,active,2025-08-19T15:08:30Z,9.99,USD
903957,100496,free_trial,trialing,2026-01-04 17:38:48,0.0,USD
903957,100496,monthly,active,2026-01-15T22:38:48Z,9.99,USD
903958,102436,free_trial,trialing,2025-08-13T03:09:05Z,0.0,USD
903958,102436,free_trial,expired,2025-08-22T03:09:05Z,0.0,USD
903959,105455,monthly,active,2026-02-16 14:09:01,9.99,USD
903960,100849,monthly,active,2025-07-09T19:27:17Z,9.99,USD
903961,107642,annual,active,2026-01-10T18:46:33Z,79.99,USD
903961,107642,annual,canceled,2026-04-04T18:46:33Z,79.99,GBP
903962,103549,free_trial,trialing,2025-10-24T04:52:36Z,0.0,USD
903962,103549,free_trial,expired,2025-11-04T04:52:36Z,0.0,USD
903963,102522,monthly,active,2025-09-15T10:15:17Z,9.99,USD
903964,102749,annual,active,2025-10-04T15:13:34Z,79.99,USD
903965,106387,monthly,active,2025-07-06T02:38:30Z,9.99,USD
903965,106387,monthly,expired,2025-09-27 21:38:30,9.99,USD
903966,103193,monthly,active,2025-09-19T03:41:31Z,9.99,USD
903967,106720,free_trial,trialing,2025-08-02T00:36:06Z,0.0,USD
903967,106720,monthly,active,2025-08-05T00:36:06Z,9.99,USD
903967,106720,monthly,canceled,2025-10-04T00:36:06Z,9.99,USD
903968,103817,free_trial,trialing,2026-01-12T15:08:23Z,0.0,USD
903968,103817,monthly,active,2026-01-20T15:08:23Z,9.99,USD
903969,107584,free_trial,trialing,2025-07-10T08:17:07Z,0.0,USD
903969,107584,free_trial,expired,2025-07-18T08:17:07Z,0.0,USD
903970,106384,annual,active,2025-08-19T19:40:42Z,79.99,USD
903971,100254,free_trial,trialing,2025-09-26T04:59:57Z,0.0,USD
903971,100254,annual,active,2025-10-02T04:59:57Z,79.99,USD
903972,324434,free_trial,trialing,2025-10-09T23:01:16Z,0.0,USD
903973,103349,monthly,active,2025-08-23T12:49:08Z,9.99,USD
903973,103349,monthly,expired,2026-01-28T12:49:08Z,9.99,USD
903974,103382,monthly,active,2026-01-06 02:07:26,9.99,USD
903975,101888,free_trial,trialing,2025-12-18T18:20:18Z,0.0,USD
903975,101888,free_trial,expired,2025-12-26T18:20:18Z,0.0,USD
903976,104383,free_trial,trialing,2026-01-18 05:02:12,0.0,USD
903976,104383,monthly,active,2026-01-24T10:02:12Z,9.99,USD
903977,107454,free_trial,trialing,2025-09-18T01:17:43Z,0.0,USD
903977,107454,free_trial,expired,2025-09-26T01:17:43Z,0.0,USD
903978,101807,monthly,active,2025-09-18T17:28:27Z,9.99,USD
903979,100708,annual,active,2026-01-21T09:12:20Z,79.99,USD
903979,100708,annual,canceled,2026-02-18 04:12:20,79.99,USD
903980,107321,monthly,active,2025-11-22T10:00:17Z,9.99,USD
903981,103521,annual,active,2025-11-30T13:23:01Z,79.99,USD
903981,103521,annual,canceled,2026-02-26T13:23:01Z,79.99,USD
903982,105769,monthly,active,2026-01-30T04:36:53Z,9.99,USD
903983,105077,monthly,active,2025-12-12 00:29:59,9.99,USD
903984,107463,free_trial,trialing,2025-09-17T11:35:23Z,0.0,USD
903985,100649,annual,active,2025-08-12T09:15:04Z,79.99,USD
903985,100649,annual,canceled,2025-12-19T09:15:04Z,79.99,USD
903986,106852,free_trial,trialing,2025-09-08T16:48:14Z,0.0,USD
903986,106852,free_trial,expired,2025-09-22T16:48:14Z,0.0,USD
903987,104779,monthly,active,2026-01-11 09:48:34,9.99,USD
903988,101828,monthly,active,2026-01-16T21:28:14Z,9.99,USD
903989,105985,monthly,active,2025-12-12T06:58:11Z,9.99,USD
903990,102040,free_trial,trialing,2025-12-18T10:24:23Z,0.0,USD
903991,100074,monthly,active,2025-11-15T19:57:18Z,9.99,USD
903991,100074,monthly,canceled,2026-02-04T19:57:18Z,9.99,USD
903992,104881,free_trial,trialing,2025-11-03T10:59:32Z,0.0,USD
903992,104881,free_trial,expired,2025-11-14T10:59:32Z,0.0,USD
903993,100205,free_trial,trialing,2026-02-12T16:33:48Z,0.0,USD
903993,100205,free_trial,expired,2026-02-26T16:33:48Z,0.0,USD
903994,104418,monthly,active,2025-08-17T19:33:59Z,9.99,USD
903994,104418,monthly,canceled,2025-09-14T19:33:59Z,9.99,USD
903995,105557,annual,active,2025-12-14T05:34:30Z,79.99,USD
903995,105557,annual,canceled,2026-01-19T05:34:30Z,79.99,USD
903996,105132,monthly,active,2025-12-12T00:45:09Z,9.99,USD
903997,107745,monthly,active,2025-07-14T11:58:21Z,9.99,USD
903998,105991,annual,active,2025-12-02T05:36:05Z,79.99,USD
903998,105991,annual,canceled,2026-02-19T05:36:05Z,79.99,USD
903999,105365,annual,active,2025-08-05T03:24:16Z,79.99,USD
904000,106539,free_trial,trialing,2025-09-26T13:13:41Z,0.0,USD
904000,106539,monthly,active,2025-10-06T13:13:41Z,9.99,USD
904000,106539,monthly,canceled,2026-01-06T13:13:41Z,9.99,USD
904001,103939,free_trial,trialing,2025-12-31T12:03:03Z,0.0,USD
904002,105513,monthly,active,2026-02-03T14:58:51Z,9.99,USD
904003,105662,monthly,active,2026-02-10T07:06:36Z,9.99,USD
904004,107364,monthly,active,2025-07-25T15:34:13Z,9.99,USD
904005,105630,free_trial,trialing,2025-07-22T12:52:38Z,0.0,USD
904005,105630,annual,active,2025-07-26 07:52:38,79.99,USD
904006,107268,free_trial,trialing,2025-10-09T11:49:25Z,0.0,USD
904007,105528,monthly,active,2025-11-20T17:18:55Z,9.99,USD
904008,104388,monthly,active,2025-08-05T06:38:57Z,9.99,USD
904009,100711,monthly,active,2025-11-22T07:10:24Z,9.99,USD
904009,100711,monthly,canceled,2026-03-13T07:10:24Z,9.99,USD
904010,102074,monthly,active,2025-07-05T12:02:32Z,9.99,USD
904011,106734,annual,active,2025-11-10T22:07:45Z,79.99,USD
904012,104635,free_trial,trialing,2026-01-12T22:44:08Z,0.0,USD
904012,104635,free_trial,expired,2026-01-21T22:44:08Z,0.0,USD
904013,106027,monthly,active,2025-08-24 12:49:54,9.99,USD
904014,103231,free_trial,trialing,2025-10-06T19:04:33Z,0.0,USD
904014,103231,monthly,active,2025-10-13T19:04:33Z,9.99,USD
904015,100908,free_trial,trialing,2026-02-01 11:50:34,0.0,USD
904015,100908,free_trial,expired,2026-02-12T16:50:34Z,0.0,USD
904016,101152,monthly,active,2025-10-24T10:59:02Z,9.99,USD
904016,101152,monthly,expired,2026-04-22T10:59:02Z,9.99,USD
904017,101378,annual,active,2025-08-10T15:17:20Z,79.99,USD
904018,104481,annual,active,2025-12-10T05:08:12Z,79.99,USD
904019,107986,free_trial,trialing,2026-01-06T09:48:21Z,0.0,USD
904020,106871,monthly,active,2025-08-02 16:51:38,9.99,USD
904021,107341,free_trial,trialing,2025-10-12T11:03:45Z,0.0,USD
904021,107341,monthly,active,2025-10-18T11:03:45Z,9.99,USD
904022,100515,monthly,active,2025-11-19T19:35:56Z,9.99,USD
904022,100515,monthly,canceled,2026-02-15T19:35:56Z,9.99,USD
904023,103275,monthly,active,2026-02-10T12:32:08Z,9.99,USD
904024,106240,monthly,active,2025-09-23T21:44:37Z,9.99,USD
904025,105249,free_trial,trialing,2025-11-21T19:50:33Z,0.0,USD
904025,105249,free_trial,expired,2025-11-30 14:50:33,0.0,USD
904026,104042,monthly,active,2025-08-28 13:54:48,9.99,USD
904027,101951,annual,active,2025-11-22T20:23:39Z,79.99,USD
904028,102598,annual,active,2025-10-06T12:38:35Z,79.99,USD
904029,107236,free_trial,trialing,2025-07-28T20:17:29Z,0.0,USD
904029,107236,free_trial,expired,2025-08-09T20:17:29Z,0.0,USD
904030,107259,free_trial,trialing,2025-11-08T20:33:59Z,0.0,USD
904031,101349,free_trial,trialing,2025-11-11T03:24:19Z,0.0,USD
904031,101349,free_trial,expired,2025-11-23T03:24:19Z,0.0,USD
904032,106943,monthly,active,2025-07-30T15:03:15Z,9.99,USD
904032,106943,monthly,expired,2025-07-17 10:03:15,9.99,USD
904033,103185,free_trial,trialing,2025-10-27T16:50:50Z,0.0,USD
904033,103185,free_trial,expired,2025-11-07T16:50:50Z,0.0,USD
904034,101952,annual,active,2025-11-04 13:58:49,79.99,USD
904034,101952,annual,expired,2026-03-19T18:58:49Z,79.99,USD
904035,106384,free_trial,trialing,2026-01-23T14:32:28Z,0.0,USD
904035,106384,free_trial,expired,2026-02-01T14:32:28Z,0.0,USD
904036,103698,free_trial,trialing,2025-07-30T22:09:18Z,0.0,USD
904036,103698,free_trial,expired,2025-08-12T22:09:18Z,0.0,USD
904037,103454,monthly,active,2026-01-25T17:57:06Z,9.99,USD
904037,103454,monthly,canceled,2026-06-04T17:57:06Z,9.99,USD
904038,365259,free_trial,trialing,2025-08-21T13:52:01Z,0.0,USD
904038,365259,monthly,active,2025-08-29T13:52:01Z,9.99,USD
904039,106253,monthly,active,2026-01-26T00:25:58Z,9.99,USD
904039,106253,monthly,canceled,2026-05-03T00:25:58Z,9.99,USD
904040,106780,annual,active,2025-07-27 09:13:21,79.99,USD
904040,106780,annual,canceled,2025-11-05T14:13:21Z,79.99,USD
904041,102850,monthly,active,2026-01-07T18:19:32Z,9.99,USD
904042,107783,annual,active,2026-02-17T02:30:23Z,79.99,USD
904043,308778,monthly,active,2025-11-03T12:12:42Z,9.99,USD
904044,102439,annual,active,2025-07-14T09:49:29Z,79.99,USD
904044,102439,annual,canceled,2025-10-28T09:49:29Z,79.99,USD
904045,105952,monthly,active,2025-07-04T11:59:11Z,9.99,USD
904045,105952,monthly,expired,2025-08-31T11:59:11Z,9.99,USD
904046,103290,annual,active,2025-09-17T09:03:13Z,79.99,USD
904047,105055,monthly,active,2026-01-30T08:01:20Z,9.99,USD
904048,104394,free_trial,trialing,2026-02-04T07:25:53Z,0.0,USD
904048,104394,monthly,active,2026-02-12T07:25:53Z,9.99,USD
904048,104394,monthly,canceled,2026-03-08T07:25:53Z,9.99,USD
904049,105286,free_trial,trialing,2025-10-25T07:36:51Z,0.0,USD
904050,104290,monthly,active,2025-11-18T14:14:41Z,9.99,USD
904050,104290,monthly,canceled,2026-04-08T14:14:41Z,9.99,USD
904051,106703,annual,active,2025-12-28T22:31:33Z,79.99,USD
904051,106703,annual,canceled,2026-02-12 17:31:33,79.99,USD
904052,101055,monthly,active,2026-02-13T01:19:13Z,9.99,USD
904053,106419,monthly,active,2025-10-31T01:51:21Z,9.99,USD
904053,106419,monthly,canceled,2026-01-21T01:51:21Z,9.99,USD
904054,107651,monthly,active,2025-09-19T16:51:58Z,9.99,USD
904054,107651,monthly,canceled,2025-11-09T16:51:58Z,9.99,USD
904055,106158,annual,active,2025-10-27T19:17:37Z,79.99,USD
904055,106158,annual,canceled,2025-10-14T19:17:37Z,79.99,USD
904056,107941,free_trial,trialing,2025-12-23T10:50:43Z,0.0,USD
904056,107941,annual,active,2026-01-05T10:50:43Z,79.99,USD
904057,107644,free_trial,trialing,2025-07-24T13:28:14Z,0.0,USD
904058,101176,annual,active,2026-01-20T21:51:02Z,79.99,USD
904059,102661,free_trial,trialing,2025-10-11T13:54:29Z,0.0,USD
904059,102661,monthly,active,2025-10-19T13:54:29Z,9.99,USD
904059,102661,monthly,canceled,2026-02-01T13:54:29Z,9.99,USD
904060,102127,free_trial,trialing,2025-12-20T05:24:30Z,0.0,USD
904060,102127,free_trial,expired,2025-12-27T05:24:30Z,0.0,USD
904061,102556,monthly,active,2025-10-19T15:00:16Z,9.99,USD
904062,101664,free_trial,trialing,2025-07-09T06:23:04Z,0.0,USD
904062,101664,annual,active,2025-07-15 01:23:04,79.99,USD
904063,100832,monthly,active,2025-12-11T23:57:02Z,9.99,USD
904064,104784,monthly,active,2025-11-04T01:55:30Z,9.99,USD
904065,105777,free_trial,trialing,2026-01-18T13:06:05Z,0.0,USD
904066,105918,monthly,active,2025-10-31T16:58:35Z,9.99,USD
904067,102725,monthly,active,2025-12-08T23:44:02Z,9.99,USD
904068,103578,free_trial,trialing,2025-12-06T03:02:52Z,0.0,USD
904068,103578,monthly,active,2025-12-14T03:02:52Z,9.99,USD
904068,103578,monthly,canceled,2026-03-11T03:02:52Z,9.99,USD
904069,107700,annual,active,2025-12-04T23:36:18Z,79.99,USD
904070,101836,monthly,active,2026-01-05 21:03:34,9.99,USD
904070,101836,monthly,canceled,2026-05-14 21:03:34,9.99,USD
904071,106953,free_trial,trialing,2026-01-10 17:38:49,0.0,USD
904071,106953,free_trial,expired,2026-01-21 17:38:49,0.0,USD
904072,103606,free_trial,trialing,2026-02-04 18:14:01,0.0,USD
904073,105118,monthly,active,2025-10-22T10:02:09Z,9.99,USD
904074,106542,free_trial,trialing,2025-08-31 01:44:23,0.0,USD
904074,106542,free_trial,expired,2025-09-12T06:44:23Z,0.0,USD
904075,101300,monthly,active,2025-08-12 13:36:03,9.99,USD
904075,101300,monthly,canceled,2025-11-29 13:36:03,9.99,USD
904076,101530,monthly,active,2025-10-17T20:33:11Z,9.99,USD
904077,105579,monthly,active,2025-10-16T04:23:20Z,9.99,USD
904078,107117,monthly,active,2025-09-01T14:38:41Z,9.99,USD
904079,102068,monthly,active,2025-08-31T12:44:13Z,9.99,USD
904079,102068,monthly,canceled,2026-01-13T12:44:13Z,9.99,USD
904080,104984,annual,active,2025-12-19T19:43:05Z,79.99,USD
904080,104984,annual,canceled,2026-04-09T19:43:05Z,79.99,USD
904081,101655,monthly,active,2025-12-08T10:25:14Z,9.99,USD
904082,101554,monthly,active,2025-09-25T07:40:10Z,9.99,USD
904082,101554,monthly,canceled,2026-01-09T07:40:10Z,9.99,USD
904083,104421,free_trial,trialing,2025-12-15T20:55:53Z,0.0,USD
904083,104421,annual,active,2025-12-26T20:55:53Z,79.99,USD
904084,102803,monthly,active,2025-10-27T04:18:28Z,9.99,USD
904085,106436,monthly,active,2025-10-19T15:51:34Z,9.99,USD
904085,106436,monthly,canceled,2026-01-20 10:51:34,9.99,USD
904086,104400,monthly,active,2025-09-25T19:30:56Z,9.99,USD
904086,104400,monthly,canceled,2025-12-29T19:30:56Z,9.99,USD
904087,100444,monthly,active,2025-10-12 11:12:54,9.99,USD
904088,104434,monthly,active,2025-12-02 08:42:47,9.99,USD
904089,103759,monthly,active,2025-08-01T13:56:00Z,9.99,USD
904090,100356,monthly,active,2025-07-30T22:51:29Z,9.99,USD
904091,102841,free_trial,trialing,2025-12-04T06:51:25Z,0.0,USD
904091,102841,free_trial,expired,2025-11-20T06:51:25Z,0.0,USD
904092,100779,monthly,active,2025-08-21T01:08:10Z,9.99,USD
904093,104882,monthly,active,2025-07-27T19:17:18Z,9.99,USD
904094,104447,monthly,active,2025-12-31 17:50:56,9.99,USD
904095,106225,free_trial,trialing,2025-12-09T02:25:47Z,0.0,USD
904095,106225,free_trial,expired,2025-12-16T02:25:47Z,0.0,USD
904096,104114,free_trial,trialing,2025-09-27T07:20:19Z,0.0,USD
904096,104114,annual,active,2025-10-05T07:20:19Z,79.99,USD
904097,106390,monthly,active,2025-12-10T16:36:38Z,9.99,USD
904097,106390,monthly,canceled,2026-03-01 11:36:38,9.99,USD
904098,100481,free_trial,trialing,2026-01-30T00:54:53Z,0.0,USD
904099,101624,monthly,active,2025-11-07T20:40:09Z,9.99,USD
904100,103361,monthly,active,2025-12-01T12:19:44Z,9.99,USD
904101,102303,free_trial,trialing,2025-08-08T12:16:35Z,0.0,USD
904101,102303,annual,active,2025-08-11T12:16:35Z,79.99,USD
904102,104863,monthly,active,2025-10-23T21:25:56Z,9.99,USD
904103,103008,free_trial,trialing,2025-12-30 08:15:17,0.0,USD
904103,103008,free_trial,expired,2026-01-09T13:15:17Z,0.0,USD
904104,103536,monthly,active,2025-10-16T23:22:22Z,9.99,USD
904105,106777,free_trial,trialing,2025-12-22T05:40:55Z,0.0,USD
904105,106777,free_trial,expired,2025-12-31T05:40:55Z,0.0,USD
904106,107948,free_trial,trialing,2025-12-12T11:26:37Z,0.0,USD
904106,107948,free_trial,expired,2025-12-21 06:26:37,0.0,USD
904107,101299,monthly,active,2026-01-20T23:13:27Z,9.99,USD
904108,107915,free_trial,trialing,2025-12-10T04:47:07Z,0.0,USD
904108,107915,monthly,active,2025-12-16T04:47:07Z,9.99,USD
904109,103754,free_trial,trialing,2025-09-20 12:09:23,0.0,USD
904110,100523,free_trial,trialing,2026-01-10T08:04:37Z,0.0,USD
904110,100523,free_trial,expired,2026-01-22T08:04:37Z,0.0,USD
904111,105228,monthly,active,2025-11-16T07:56:58Z,9.99,USD
904111,105228,monthly,canceled,2026-02-10T07:56:58Z,9.99,USD
904112,104469,monthly,active,2025-07-16 08:00:00,9.99,USD
904112,104469,monthly,expired,2025-09-13T13:00:00Z,9.99,USD
904113,106198,annual,active,2025-10-08T04:28:58Z,79.99,USD
904114,104052,monthly,active,2026-02-04T15:59:51Z,9.99,USD
904114,104052,monthly,canceled,2026-06-15T15:59:51Z,9.99,USD
904115,100792,monthly,active,2025-08-23 13:33:03,9.99,USD
904116,101548,annual,active,2025-08-18T17:47:42Z,79.99,USD
904116,101548,annual,canceled,2025-11-09T17:47:42Z,79.99,USD
904117,101194,monthly,active,2025-12-24T09:41:45Z,9.99,USD
904118,101094,monthly,active,2025-07-29T08:18:39Z,9.99,USD
904119,107279,monthly,active,2025-10-02T13:40:36Z,9.99,USD
904119,107279,monthly,canceled,2025-10-17T13:40:36Z,9.99,USD
904120,103078,monthly,active,2025-07-17T10:12:06Z,9.99,USD
904121,105016,monthly,active,2025-08-19T20:05:55Z,9.99,USD
904122,107731,monthly,active,2025-07-28 05:00:15,9.99,USD
904123,102172,annual,active,2025-07-07T17:53:58Z,79.99,USD
904123,102172,annual,canceled,2025-10-31T17:53:58Z,79.99,USD
904124,100786,monthly,active,2025-11-05T11:39:37Z,9.99,USD
904124,100786,monthly,canceled,2025-12-17T11:39:37Z,9.99,USD
904125,106454,monthly,active,2026-01-27 09:02:58,9.99,USD
904126,103747,annual,active,2025-12-03T18:28:57Z,79.99,USD
904126,103747,annual,canceled,2026-04-11T18:28:57Z,79.99,USD
904127,100259,annual,active,2026-01-25T08:36:17Z,79.99,USD
904128,100546,monthly,active,2026-01-21T12:17:46Z,9.99,USD
904128,100546,monthly,expired,2026-06-21T12:17:46Z,9.99,USD
904129,103449,monthly,active,2026-02-10T02:23:31Z,9.99,EUR
904130,106760,monthly,active,2025-11-26T01:21:37Z,9.99,USD
904131,107724,monthly,active,2025-07-18T13:09:48Z,9.99,USD
904132,101367,annual,active,2026-01-24T22:06:05Z,79.99,USD
904133,104775,monthly,active,2025-08-20T09:55:34Z,9.99,USD
904134,103817,annual,active,2026-01-01T06:43:35Z,79.99,USD
904134,103817,annual,canceled,2026-03-28 01:43:35,79.99,USD
904135,100268,annual,active,2026-01-08T05:52:06Z,79.99,USD
904136,311523,monthly,active,2026-01-19T15:08:27Z,9.99,USD
904137,103049,free_trial,trialing,2026-01-08T13:46:49Z,0.0,USD
904138,107888,monthly,active,2025-10-10T02:29:30Z,9.99,USD
904139,107075,monthly,active,2026-01-05T12:50:19Z,9.99,USD
904139,107075,monthly,canceled,2026-04-24 07:50:19,9.99,USD
904140,107176,annual,active,2025-07-14T03:14:36Z,79.99,USD
904140,107176,annual,expired,2025-11-17T03:14:36Z,79.99,USD
904141,103015,monthly,active,2025-09-07T22:38:58Z,9.99,USD
904142,103831,annual,active,2026-02-05T04:41:32Z,79.99,USD
904143,104571,monthly,active,2025-11-30 15:39:43,9.99,USD
904144,100540,annual,active,2025-11-01T06:44:51Z,79.99,USD
904145,104668,free_trial,trialing,2025-11-07T00:20:40Z,0.0,USD
904146,102766,monthly,active,2025-07-17T21:20:44Z,9.99,USD
904146,102766,monthly,canceled,2025-09-23T21:20:44Z,9.99,USD
904147,105101,monthly,active,2025-10-05T23:01:30Z,9.99,USD
904147,105101,monthly,canceled,2025-10-22T23:01:30Z,9.99,USD
904148,100079,monthly,active,2025-09-01T00:02:32Z,9.99,USD
904148,100079,monthly,canceled,2025-12-13T00:02:32Z,9.99,USD
904149,102205,monthly,active,2026-02-03T16:56:17Z,9.99,USD
904149,102205,monthly,canceled,2026-06-28 11:56:17,9.99,USD
904150,107501,monthly,active,2026-01-23 11:19:16,9.99,USD
904151,100279,free_trial,trialing,2025-11-09T00:16:20Z,0.0,USD
904151,100279,annual,active,2025-11-22T00:16:20Z,79.99,USD
904152,107998,free_trial,trialing,2025-07-25T19:07:38Z,0.0,USD
904152,107998,monthly,active,2025-08-06T19:07:38Z,9.99,USD
904153,106899,monthly,active,2025-11-21T00:28:39Z,9.99,USD
904154,102569,monthly,active,2025-09-08T08:19:05Z,9.99,USD
904155,105425,monthly,active,2026-02-01T06:46:12Z,9.99,USD
904155,105425,monthly,canceled,2026-02-23T06:46:12Z,9.99,USD
904156,101503,monthly,active,2025-11-23T07:53:06Z,9.99,USD
904157,104884,annual,active,2026-01-01T14:11:29Z,79.99,USD
904158,106252,monthly,active,2025-12-29T09:08:13Z,9.99,USD
904159,100665,free_trial,trialing,2025-12-14T12:26:30Z,0.0,USD
904159,100665,free_trial,expired,2025-12-24T12:26:30Z,0.0,USD
904160,105266,monthly,active,2025-12-17T17:51:50Z,9.99,USD
904161,102338,monthly,active,2026-01-15 04:41:58,9.99,USD
904162,106663,annual,active,2025-07-07T14:23:48Z,79.99,USD
904163,101192,monthly,active,2025-12-28T00:17:16Z,9.99,USD
904163,101192,monthly,canceled,2026-04-16T00:17:16Z,9.99,USD
904164,107380,free_trial,trialing,2026-01-29T00:18:06Z,0.0,USD
904164,107380,annual,active,2026-02-04T00:18:06Z,79.99,USD
904165,107408,monthly,active,2026-01-30T23:24:39Z,9.99,USD
904165,107408,monthly,canceled,2026-06-04T23:24:39Z,9.99,USD
904166,105014,monthly,active,2025-09-08T03:57:47Z,9.99,USD
904166,105014,monthly,canceled,2026-01-11T03:57:47Z,9.99,USD
904167,101941,free_trial,trialing,2025-07-21T00:53:25Z,0.0,USD
904167,101941,free_trial,expired,2025-08-03T00:53:25Z,0.0,USD
904168,103541,monthly,active,2025-12-21 07:15:42,9.99,USD
904169,100070,annual,active,2025-11-20T16:14:14Z,79.99,USD
904170,101452,monthly,active,2025-09-19T14:01:04Z,9.99,USD
904170,101452,monthly,expired,2026-01-15T14:01:04Z,9.99,USD
904171,101732,monthly,active,2025-11-17T05:30:34Z,9.99,USD
904172,103189,monthly,active,2026-01-06T07:12:28Z,9.99,USD
904172,103189,monthly,canceled,2026-03-04T07:12:28Z,9.99,USD
904173,101001,free_trial,trialing,2025-12-11T14:58:08Z,0.0,USD
904173,101001,monthly,active,2025-12-18T14:58:08Z,9.99,USD
904174,100835,free_trial,trialing,2025-12-23T02:59:45Z,0.0,USD
904174,100835,annual,active,2026-01-01T02:59:45Z,79.99,USD
904175,105221,free_trial,trialing,2025-10-21T18:03:02Z,0.0,USD
904175,105221,free_trial,expired,2025-11-03T18:03:02Z,0.0,USD
904176,104050,free_trial,trialing,2026-02-04T17:01:56Z,0.0,USD
904176,104050,free_trial,expired,2026-02-18T17:01:56Z,0.0,USD
904177,103738,monthly,active,2025-09-03T14:21:18Z,9.99,USD
904178,100982,annual,active,2025-10-24T22:16:52Z,79.99,USD
904178,100982,annual,canceled,2025-11-25T22:16:52Z,79.99,USD
904179,101563,monthly,active,2025-09-19T01:23:13Z,9.99,USD
904180,104185,monthly,active,2026-02-08T03:21:22Z,9.99,USD
904181,100974,monthly,active,2025-09-02T17:30:26Z,9.99,USD
904182,101146,monthly,active,2025-12-27T10:16:45Z,9.99,USD
904183,106934,free_trial,trialing,2026-01-02T22:33:19Z,0.0,USD
904183,106934,annual,active,2026-01-07T22:33:19Z,79.99,USD
904183,106934,annual,canceled,2026-02-23T22:33:19Z,79.99,USD
904184,104548,monthly,active,2025-09-20T00:29:09Z,9.99,USD
904185,101114,free_trial,trialing,2025-07-30T10:00:25Z,0.0,USD
904185,101114,free_trial,expired,2025-08-10T10:00:25Z,0.0,USD
904186,105892,monthly,active,2025-12-26T06:03:11Z,9.99,USD
904186,105892,monthly,canceled,2026-03-25T06:03:11Z,9.99,USD
904187,100126,free_trial,trialing,2026-02-04T03:16:53Z,0.0,USD
904187,100126,annual,active,2026-02-13T03:16:53Z,79.99,USD
904188,104133,free_trial,trialing,2025-12-08T09:52:17Z,0.0,USD
904188,104133,free_trial,expired,2025-12-15T09:52:17Z,0.0,USD
904189,101863,annual,active,2025-09-26T21:16:36Z,79.99,USD
904190,104904,monthly,active,2026-02-07T04:43:51Z,9.99,USD
904191,102626,free_trial,trialing,2026-01-29T09:03:16Z,0.0,USD
904191,102626,free_trial,expired,2026-02-05T09:03:16Z,0.0,USD
904192,100206,annual,active,2025-08-20T21:13:51Z,79.99,USD
904192,100206,annual,expired,2025-09-19T21:13:51Z,79.99,USD
904193,102420,monthly,active,2025-07-12T05:45:04Z,9.99,USD
904193,102420,monthly,canceled,2025-12-09T05:45:04Z,9.99,USD
904194,104714,monthly,active,2025-10-14T00:41:03Z,9.99,USD
904194,104714,monthly,canceled,2025-12-24T00:41:03Z,9.99,USD
904195,393784,annual,active,2025-12-05T18:12:19Z,79.99,USD
904196,100001,free_trial,trialing,2025-09-03T14:55:48Z,0.0,USD
904196,100001,monthly,active,2025-09-09T14:55:48Z,9.99,USD
904197,107776,monthly,active,2025-12-07T02:15:37Z,9.99,USD
904198,103228,monthly,active,2025-07-10 15:19:11,9.99,USD
904199,103390,monthly,active,2025-12-29T09:50:24Z,9.99,USD
904199,103390,monthly,canceled,2026-04-17T09:50:24Z,9.99,USD
904200,107466,annual,active,2025-08-27T05:33:28Z,79.99,USD
904200,107466,annual,canceled,2025-12-10T05:33:28Z,79.99,USD
904201,104502,annual,active,2025-08-26T12:02:36Z,79.99,USD
904202,102424,free_trial,trialing,2026-01-18T10:15:17Z,0.0,USD
904202,102424,monthly,active,2026-01-21T10:15:17Z,9.99,USD
904203,105434,free_trial,trialing,2025-11-04T03:57:27Z,0.0,USD
904203,105434,free_trial,expired,2025-11-18T03:57:27Z,0.0,USD
904204,101806,monthly,active,2025-08-21 15:59:32,9.99,USD
904205,107308,monthly,active,2025-11-27T14:00:40Z,9.99,USD
904206,102148,free_trial,trialing,2025-09-03T00:13:39Z,0.0,USD
904207,104431,free_trial,trialing,2025-07-23 03:12:06,0.0,USD
904208,392279,free_trial,trialing,2025-10-18T11:05:59Z,0.0,USD
904208,392279,annual,active,2025-10-29T11:05:59Z,79.99,USD
904208,392279,annual,canceled,2026-02-10T11:05:59Z,79.99,USD
904209,101953,monthly,active,2025-12-11T20:14:48Z,9.99,USD
904210,106907,free_trial,trialing,2025-09-19 20:43:34,0.0,USD
904210,106907,free_trial,expired,2025-09-28T01:43:34Z,0.0,USD
904211,101921,monthly,active,2026-01-30T01:19:13Z,9.99,USD
904212,100977,monthly,active,2025-08-29T16:52:21Z,9.99,USD
904212,100977,monthly,canceled,2026-01-23 11:52:21,9.99,USD
904213,102904,monthly,active,2025-07-06T15:22:52Z,9.99,USD
904213,102904,monthly,canceled,2025-11-29T15:22:52Z,9.99,USD
904214,100110,free_trial,trialing,2025-07-26T17:18:16Z,0.0,USD
904215,107268,free_trial,trialing,2025-09-22T17:40:51Z,0.0,USD
904216,100610,monthly,active,2026-01-21T04:24:15Z,9.99,USD
904217,107700,monthly,active,2026-01-13T16:47:08Z,9.99,USD
904218,104931,monthly,active,2026-01-20T23:28:46Z,9.99,USD
904219,103258,monthly,active,2026-01-08T07:34:43Z,9.99,USD
904220,100559,annual,active,2026-01-04T00:06:43Z,79.99,USD
904220,100559,annual,canceled,2026-02-07T00:06:43Z,79.99,USD
904221,334176,monthly,active,2026-02-15T02:10:58Z,9.99,USD
904221,334176,monthly,canceled,2026-04-30T02:10:58Z,9.99,USD
904222,106463,monthly,active,2025-12-10 04:53:12,9.99,USD
904223,104539,free_trial,trialing,2025-12-04T11:12:24Z,0.0,USD
904223,104539,annual,active,2025-12-17T11:12:24Z,79.99,USD
904223,104539,annual,canceled,2026-01-19T11:12:24Z,79.99,USD
904224,100587,free_trial,trialing,2025-10-02T06:57:30Z,0.0,USD
904225,103897,free_trial,trialing,2025-08-26T07:08:42Z,0.0,USD
904225,103897,free_trial,expired,2025-09-05T07:08:42Z,0.0,USD
904226,107932,monthly,active,2025-12-10T16:40:33Z,9.99,USD
904226,107932,monthly,expired,2026-04-26 11:40:33,9.99,USD
904227,102583,monthly,active,2025-07-25T07:34:33Z,9.99,USD
904227,102583,monthly,canceled,2025-12-09 02:34:33,9.99,USD
904228,103756,free_trial,trialing,2026-01-22T20:05:57Z,0.0,USD
904228,103756,free_trial,expired,2026-01-30 15:05:57,0.0,USD
904229,105028,free_trial,trialing,2026-02-13T19:29:35Z,0.0,USD
904229,105028,free_trial,expired,2026-02-26T19:29:35Z,0.0,USD
904230,102893,free_trial,trialing,2026-01-26T09:38:52Z,0.0,USD
904230,102893,free_trial,expired,2026-02-07T09:38:52Z,0.0,USD
904231,101936,free_trial,trialing,2025-08-07T18:53:26Z,0.0,USD
904232,107402,free_trial,trialing,2025-12-01T20:07:40Z,0.0,USD
904232,107402,annual,active,2025-12-07 15:07:40,79.99,USD
904233,102722,monthly,active,2025-11-20T14:04:25Z,9.99,USD
904233,102722,monthly,canceled,2026-02-11T14:04:25Z,9.99,USD
904234,101321,monthly,active,2025-10-13T00:09:23Z,9.99,USD
904235,100905,free_trial,trialing,2025-11-05T05:26:21Z,0.0,USD
904235,100905,free_trial,expired,2025-11-18T05:26:21Z,0.0,USD
904236,105355,monthly,active,2025-09-14T08:44:23Z,9.99,USD
904237,102975,monthly,active,2026-01-23T08:50:02Z,9.99,USD
904238,100813,monthly,active,2026-02-09 22:19:10,9.99,USD
904239,107554,free_trial,trialing,2025-08-17T23:10:06Z,0.0,USD
904239,107554,monthly,active,2025-08-22T23:10:06Z,9.99,USD
904239,107554,monthly,canceled,2025-11-27T23:10:06Z,9.99,USD
904240,107145,monthly,active,2025-11-14 13:51:02,9.99,USD
904241,104658,annual,active,2026-01-02 15:31:36,79.99,USD
904242,100966,monthly,active,2025-11-27T04:26:36Z,9.99,USD
904243,100271,free_trial,trialing,2025-12-01T22:35:02Z,0.0,USD
904243,100271,free_trial,expired,2025-12-09T22:35:02Z,0.0,USD
904244,101843,monthly,active,2025-09-13T12:47:15Z,9.99,USD
904245,106748,annual,active,2026-01-09T09:16:10Z,79.99,USD
904245,106748,annual,canceled,2026-05-05T09:16:10Z,79.99,USD
904246,105028,monthly,active,2025-12-01 14:56:51,9.99,USD
904246,105028,monthly,canceled,2026-04-28T19:56:51Z,9.99,USD
904247,105526,monthly,active,2025-09-30T00:25:18Z,9.99,USD
904247,105526,monthly,canceled,2025-12-13T00:25:18Z,9.99,USD
904248,104565,free_trial,trialing,2025-09-14T22:20:19Z,0.0,USD
904248,104565,monthly,active,2025-09-26T22:20:19Z,9.99,USD
904249,105137,monthly,active,2025-09-14T06:25:19Z,9.99,USD
904250,102994,annual,active,2025-08-20T22:53:34Z,79.99,USD
904251,102378,free_trial,trialing,2025-08-20T14:43:57Z,0.0,USD
904251,102378,annual,active,2025-08-26T14:43:57Z,79.99,USD
904252,102428,monthly,active,2025-08-16T17:55:05Z,9.99,USD
904252,102428,monthly,canceled,2025-10-27 12:55:05,9.99,USD
904253,342502,monthly,active,2025-09-10 14:26:41,9.99,USD
904253,342502,monthly,expired,2026-01-06T19:26:41Z,9.99,USD
904254,101802,monthly,active,2025-12-06T01:51:23Z,9.99,USD
904254,101802,monthly,canceled,2026-04-25T01:51:23Z,9.99,USD
904255,101865,monthly,active,2025-07-27 14:25:00,9.99,USD
904256,101533,annual,active,2026-01-28T09:38:18Z,79.99,USD
904256,101533,annual,canceled,2026-05-20T09:38:18Z,79.99,USD
904257,100680,monthly,active,2025-07-07T04:30:42Z,9.99,USD
904258,101801,monthly,active,2025-07-07T14:25:36Z,9.99,USD
904259,102045,free_trial,trialing,2025-12-20T22:52:58Z,0.0,USD
904259,102045,annual,active,2025-12-28T22:52:58Z,79.99,USD
904260,107918,free_trial,trialing,2025-07-08 20:31:29,0.0,USD
904260,107918,free_trial,expired,2025-07-18T01:31:29Z,0.0,USD
904261,106273,annual,active,2025-11-16T19:37:58Z,79.99,USD
904262,102647,annual,active,2025-08-05T21:35:15Z,79.99,USD
904263,105893,annual,active,2025-07-18T19:37:41Z,79.99,USD
904263,105893,annual,canceled,2025-11-10T19:37:41Z,79.99,USD
904264,105106,monthly,active,2026-01-24T09:44:30Z,9.99,USD
904265,100325,annual,active,2025-10-04T20:40:03Z,79.99,USD
904265,100325,annual,canceled,2026-01-04T20:40:03Z,79.99,USD
904266,100584,monthly,active,2025-12-22T03:27:52Z,9.99,USD
904267,102673,monthly,active,2025-12-10T05:20:55Z,9.99,USD
904267,102673,monthly,canceled,2026-03-16T05:20:55Z,9.99,USD
904268,103865,monthly,active,2026-02-14T21:19:54Z,9.99,USD
904269,104569,monthly,active,2025-12-02T02:58:41Z,9.99,USD
904270,106128,monthly,active,2025-07-24T11:41:59Z,9.99,USD
904271,106220,monthly,active,2025-09-12T14:03:21Z,9.99,USD
904272,104802,free_trial,trialing,2025-08-02T14:27:08Z,0.0,USD
904272,104802,monthly,active,2025-08-12T14:27:08Z,9.99,USD
904273,103867,annual,active,2025-10-26T21:51:45Z,79.99,USD
904273,103867,annual,canceled,2026-02-05T21:51:45Z,79.99,USD
904274,102371,free_trial,trialing,2025-10-22T21:26:04Z,0.0,USD
904274,102371,annual,active,2025-10-28T21:26:04Z,79.99,USD
904275,100379,monthly,active,2025-09-06T05:38:11Z,9.99,USD
904275,100379,monthly,canceled,2026-01-06T05:38:11Z,9.99,USD
904276,103093,free_trial,trialing,2025-12-10T09:54:10Z,0.0,USD
904276,103093,free_trial,expired,2025-12-20T09:54:10Z,0.0,USD
904277,107258,monthly,active,2025-12-22T09:10:02Z,9.99,USD
904277,107258,monthly,canceled,2026-04-09 04:10:02,9.99,USD
904278,101342,monthly,active,2025-11-19T16:47:51Z,9.99,USD
904278,101342,monthly,canceled,2026-03-05T16:47:51Z,9.99,USD
904279,104059,monthly,active,2025-07-24 15:22:08,9.99,USD
904279,104059,monthly,canceled,2025-09-09T20:22:08Z,9.99,USD
904280,106577,annual,active,2025-12-29T02:10:57Z,79.99,USD
904281,107928,monthly,active,2025-11-18 00:48:31,9.99,USD
904282,106513,free_trial,trialing,2025-08-16T17:49:11Z,0.0,USD
904282,106513,free_trial,expired,2025-08-25T17:49:11Z,0.0,USD
904283,105487,monthly,active,2025-07-08T08:05:07Z,9.99,USD
904283,105487,monthly,canceled,2025-11-08T08:05:07Z,9.99,USD
904284,106808,free_trial,trialing,2025-10-29T08:12:19Z,0.0,USD
904284,106808,monthly,active,2025-11-03T08:12:19Z,9.99,USD
904285,102399,monthly,active,2025-08-18 19:16:42,9.99,USD
904286,103021,free_trial,trialing,2025-08-09T14:00:32Z,0.0,USD
904286,103021,free_trial,expired,2025-08-22T14:00:32Z,0.0,USD
904287,107776,free_trial,trialing,2026-02-13T03:14:31Z,0.0,USD
904287,107776,free_trial,expired,2026-02-21T03:14:31Z,0.0,USD
904288,101560,monthly,active,2025-09-07T11:33:30Z,9.99,USD
904288,101560,monthly,expired,2025-10-29T11:33:30Z,9.99,USD
904289,106691,annual,active,2026-01-20T04:10:05Z,79.99,USD
904290,101512,annual,active,2025-11-23T17:22:57Z,79.99,USD
904291,104168,free_trial,trialing,2025-10-12T16:51:45Z,0.0,USD
904291,104168,monthly,active,2025-10-17T16:51:45Z,9.99,USD
904291,104168,monthly,canceled,2026-02-14T16:51:45Z,9.99,USD
904292,100492,monthly,active,2025-09-30T20:55:06Z,9.99,USD
904292,100492,monthly,canceled,2026-02-10 15:55:06,9.99,USD
904293,101176,monthly,active,2025-09-24 21:49:29,9.99,USD
904294,103111,monthly,active,2025-12-22T00:41:17Z,9.99,USD
904295,101102,monthly,active,2025-08-10T14:29:26Z,9.99,USD
904296,106542,free_trial,trialing,2025-11-19T16:44:59Z,0.0,USD
904296,106542,annual,active,2025-12-02T16:44:59Z,79.99,USD
904297,103273,free_trial,trialing,2025-09-04T07:29:52Z,0.0,USD
904297,103273,free_trial,expired,2025-09-12T07:29:52Z,0.0,USD
904298,102751,free_trial,trialing,2026-01-15T14:45:54Z,0.0,USD
904298,102751,free_trial,expired,2026-01-28 09:45:54,0.0,USD
904299,102502,annual,active,2026-01-11T17:36:30Z,79.99,USD
904299,102502,annual,canceled,2026-05-12T17:36:30Z,79.99,USD
904300,107588,annual,active,2025-07-31T14:19:05Z,79.99,USD
904300,107588,annual,canceled,2025-08-25T14:19:05Z,79.99,USD
904301,104517,monthly,active,2025-10-02T01:18:32Z,9.99,USD
904302,102920,monthly,active,2025-09-19T16:31:34Z,9.99,USD
904303,103950,annual,active,2025-10-08T18:15:31Z,79.99,USD
904304,103994,monthly,active,2026-02-05T19:11:01Z,9.99,USD
904305,103774,annual,active,2025-12-27T01:05:16Z,79.99,USD
904305,103774,annual,canceled,2026-03-02T01:05:16Z,79.99,USD
904306,100874,free_trial,trialing,2025-11-11T22:07:37Z,0.0,USD
904306,100874,monthly,active,2025-11-16T22:07:37Z,9.99,USD
904307,102332,monthly,active,2025-08-24T10:58:07Z,9.99,USD
904308,107584,monthly,active,2025-07-18T17:53:04Z,9.99,USD
904309,104849,monthly,active,2025-08-21T20:05:50Z,9.99,USD
904310,107867,annual,active,2025-12-18T04:59:51Z,79.99,USD
904311,106085,annual,active,2025-11-10 03:21:22,79.99,USD
904311,106085,annual,expired,2026-04-07T08:21:22Z,79.99,USD
904312,106509,annual,active,2025-12-13T13:57:18Z,79.99,USD
904313,103440,monthly,active,2025-09-01T02:34:33Z,9.99,USD
904314,101791,free_trial,trialing,2025-09-27T04:25:11Z,0.0,USD
904314,101791,free_trial,expired,2025-10-07T04:25:11Z,0.0,USD
904315,104114,free_trial,trialing,2026-01-01T05:42:37Z,0.0,USD
904316,104508,free_trial,trialing,2025-10-29 13:44:08,0.0,USD
904316,104508,annual,active,2025-11-10T18:44:08Z,79.99,USD
904316,104508,annual,canceled,2025-12-13T18:44:08Z,79.99,USD
904317,107846,monthly,active,2025-12-22T01:12:05Z,9.99,USD
904318,105357,monthly,active,2025-12-21T07:13:19Z,9.99,USD
904318,105357,monthly,canceled,2026-01-08T07:13:19Z,9.99,USD
904319,104158,free_trial,trialing,2025-10-25T11:23:11Z,0.0,USD
904319,104158,free_trial,expired,2025-11-01 06:23:11,0.0,USD
904320,100983,free_trial,trialing,2025-08-24T22:52:33Z,0.0,USD
904321,103149,annual,active,2025-08-20 03:38:58,79.99,USD
904321,103149,annual,canceled,2025-11-26T08:38:58Z,79.99,USD
904322,102971,monthly,active,2025-12-01T12:43:48Z,9.99,USD
904323,104836,monthly,active,2025-12-16T15:06:16Z,9.99,USD
904324,105591,annual,active,2025-12-12T12:17:38Z,79.99,USD
904325,101161,monthly,active,2025-08-30T14:38:38Z,9.99,USD
904326,106864,free_trial,trialing,2025-12-16T00:48:21Z,0.0,USD
904326,106864,annual,active,2025-12-27T00:48:21Z,79.99,USD
904327,107833,annual,active,2025-12-07T13:32:45Z,79.99,USD
904328,101422,free_trial,trialing,2025-07-07 04:14:03,0.0,USD
904328,101422,free_trial,expired,2025-07-19T09:14:03Z,0.0,USD
904329,102324,annual,active,2025-08-06T02:24:56Z,79.99,USD
904330,103944,annual,active,2025-08-26T00:42:56Z,79.99,USD
904330,103944,annual,canceled,2025-09-30T00:42:56Z,79.99,USD
904331,106256,monthly,active,2025-08-30T07:06:35Z,9.99,USD
904332,101926,monthly,active,2025-10-10T06:05:25Z,9.99,USD
904332,101926,monthly,canceled,2025-12-21T06:05:25Z,9.99,USD
904333,101363,monthly,active,2025-08-07T17:05:09Z,9.99,USD
904333,101363,monthly,canceled,2025-10-11T17:05:09Z,9.99,USD
904334,102731,monthly,active,2025-10-23T22:33:43Z,9.99,USD
904335,100879,monthly,active,2025-12-09 18:18:37,9.99,USD
904336,104555,monthly,active,2026-02-14T23:08:08Z,9.99,USD
904337,105243,free_trial,trialing,2025-12-31T16:40:12Z,0.0,USD
904337,105243,free_trial,expired,2026-01-14T16:40:12Z,0.0,USD
904338,106144,monthly,active,2026-01-06 01:06:15,9.99,USD
904339,103962,monthly,active,2025-11-24 02:20:39,9.99,USD
904340,101019,monthly,active,2025-12-05T09:26:06Z,9.99,USD
904341,104029,free_trial,trialing,2026-01-12T22:03:10Z,0.0,USD
904342,354458,monthly,active,2025-07-11 20:56:25,9.99,USD
904342,354458,monthly,canceled,2025-09-14T01:56:25Z,9.99,USD
904343,105875,monthly,active,2026-01-10T18:08:27Z,9.99,USD
904344,102103,free_trial,trialing,2026-02-03 09:18:24,0.0,USD
904344,102103,annual,active,2026-02-13T14:18:24Z,79.99,USD
904345,102731,free_trial,trialing,2026-01-14 12:01:25,0.0,USD
904346,104882,monthly,active,2025-07-12T08:37:27Z,9.99,USD
904347,103122,free_trial,trialing,2025-11-04 02:51:41,0.0,USD
904348,106117,monthly,active,2026-02-03 22:05:59,9.99,USD
904349,102736,monthly,active,2025-08-24T16:10:36Z,9.99,USD
904350,102333,monthly,active,2025-08-05T02:48:11Z,9.99,USD
904351,102592,free_trial,trialing,2025-09-29T00:18:08Z,0.0,USD
904351,102592,monthly,active,2025-10-04T00:18:08Z,9.99,USD
904351,102592,monthly,canceled,2026-01-31T00:18:08Z,9.99,USD
904352,107615,free_trial,trialing,2025-09-02T22:06:22Z,0.0,USD
904352,107615,annual,active,2025-09-05T22:06:22Z,79.99,USD
904353,106771,annual,active,2025-07-28T13:26:02Z,79.99,USD
904354,106065,monthly,active,2025-07-09 04:48:36,9.99,USD
904355,106088,free_trial,trialing,2025-07-15T08:25:29Z,0.0,USD
904355,106088,monthly,active,2025-07-27T08:25:29Z,9.99,USD
904356,104393,monthly,active,2025-07-14T01:02:40Z,9.99,USD
904356,104393,monthly,expired,2026-01-21T01:02:40Z,9.99,USD
904357,102075,monthly,active,2025-11-13T14:18:44Z,9.99,USD
904358,102330,monthly,active,2026-01-29T03:05:13Z,9.99,USD
904358,102330,monthly,expired,2026-05-26 22:05:13,9.99,USD
904359,102415,free_trial,trialing,2025-07-22T13:27:45Z,0.0,USD
904360,107088,monthly,active,2026-02-06T11:26:43Z,9.99,USD
904360,107088,monthly,canceled,2026-04-12 06:26:43,9.99,USD
904361,102938,annual,active,2025-10-29 06:07:52,79.99,USD
904362,104817,free_trial,trialing,2025-12-04T09:11:35Z,0.0,USD
904363,322890,monthly,active,2026-01-03T04:26:42Z,9.99,USD
904364,102424,free_trial,trialing,2025-12-06T16:26:24Z,0.0,USD
904364,102424,monthly,active,2025-12-19T16:26:24Z,9.99,GBP
904365,102489,free_trial,trialing,2026-02-05 05:32:59,0.0,USD
904366,106088,monthly,active,2025-07-18T16:23:30Z,9.99,USD
904367,101347,monthly,active,2025-12-15T04:35:16Z,9.99,USD
904367,101347,monthly,canceled,2026-03-04T04:35:16Z,9.99,USD
904368,107219,annual,active,2025-12-16T00:05:14Z,79.99,USD
904369,102787,annual,active,2026-02-01T22:01:45Z,79.99,USD
904370,101848,annual,active,2025-10-13T23:53:58Z,79.99,USD
904370,101848,annual,canceled,2026-01-21T23:53:58Z,79.99,USD
904371,101463,free_trial,trialing,2025-08-21 11:04:53,0.0,USD
904371,101463,annual,active,2025-09-02T16:04:53Z,79.99,USD
904372,106950,monthly,active,2025-12-27T11:45:14Z,9.99,USD
904373,101306,monthly,active,2025-11-29T01:42:35Z,9.99,USD
904373,101306,monthly,canceled,2026-01-30T01:42:35Z,9.99,USD
904374,105561,monthly,active,2026-01-09T11:38:12Z,9.99,USD
904375,100848,free_trial,trialing,2025-11-24T22:20:17Z,0.0,USD
904375,100848,free_trial,expired,2025-12-08T22:20:17Z,0.0,USD
904376,105196,annual,active,2025-11-09T09:38:04Z,79.99,USD
904377,107754,annual,active,2025-11-27T16:21:42Z,79.99,USD
904378,310243,monthly,active,2025-07-18T08:14:28Z,9.99,USD
904378,310243,monthly,canceled,2025-10-17T08:14:28Z,9.99,USD
904379,107500,monthly,active,2026-02-09T06:56:47Z,9.99,USD
904379,107500,monthly,canceled,2026-06-29T06:56:47Z,9.99,USD
904380,106246,monthly,active,2025-08-21 03:32:39,9.99,USD
904381,103268,monthly,active,2025-12-21T18:11:45Z,9.99,USD
904382,100385,free_trial,trialing,2025-12-17T12:37:54Z,0.0,USD
904382,100385,annual,active,2025-12-27T12:37:54Z,79.99,USD
904383,103559,free_trial,trialing,2025-12-08T19:05:48Z,0.0,USD
904383,103559,monthly,active,2025-12-20T19:05:48Z,9.99,USD
904383,103559,monthly,canceled,2026-03-22 14:05:48,9.99,USD
904384,105767,free_trial,trialing,2026-02-09T12:15:58Z,0.0,USD
904384,105767,free_trial,expired,2026-02-21T12:15:58Z,0.0,USD
904385,100717,annual,active,2026-01-03 11:43:36,79.99,USD
904386,103519,free_trial,trialing,2025-11-24T13:27:22Z,0.0,USD
904386,103519,free_trial,expired,2025-12-05T13:27:22Z,0.0,USD
904387,102061,free_trial,trialing,2025-10-29T08:18:27Z,0.0,USD
904387,102061,free_trial,expired,2025-11-06T08:18:27Z,0.0,USD
904388,105070,monthly,active,2025-08-25T13:26:14Z,9.99,USD
904388,105070,monthly,canceled,2025-10-10T13:26:14Z,9.99,USD
904389,103090,monthly,active,2025-10-26 11:57:40,9.99,USD
904390,103015,monthly,active,2026-01-13T15:59:48Z,9.99,USD
904391,393987,annual,active,2025-11-02T07:49:06Z,79.99,USD
904392,102821,annual,active,2025-09-10T07:30:08Z,79.99,USD
904393,103506,monthly,active,2025-10-20T03:30:26Z,9.99,USD
904394,104444,free_trial,trialing,2025-11-19T19:18:45Z,0.0,USD
904394,104444,free_trial,expired,2025-11-28T19:18:45Z,0.0,USD
904395,105491,annual,active,2025-12-11T00:00:46Z,79.99,USD
904396,105069,annual,active,2025-11-03T12:28:48Z,79.99,USD
904396,105069,annual,canceled,2026-02-07T12:28:48Z,79.99,USD
904397,107268,free_trial,trialing,2025-09-11T17:06:20Z,0.0,USD
904397,107268,free_trial,expired,2025-09-19T17:06:20Z,0.0,USD
904398,107578,free_trial,trialing,2026-02-01T23:27:22Z,0.0,USD
904398,107578,monthly,active,2026-02-11T23:27:22Z,9.99,USD
904399,106981,monthly,active,2026-01-12T19:26:11Z,9.99,USD
904400,106797,monthly,active,2025-11-29T18:50:30Z,9.99,USD
904400,106797,monthly,canceled,2026-02-11T18:50:30Z,9.99,USD
904401,106873,monthly,active,2025-11-07T11:04:25Z,9.99,USD
904401,106873,monthly,canceled,2026-03-12T11:04:25Z,9.99,USD
904402,103454,monthly,active,2025-09-08T01:45:44Z,9.99,USD
904402,103454,monthly,canceled,2025-11-01T01:45:44Z,9.99,USD
904403,103234,monthly,active,2025-08-31T08:01:46Z,9.99,USD
904403,103234,monthly,canceled,2025-10-03T08:01:46Z,9.99,USD
904404,103025,annual,active,2025-07-09T20:28:40Z,79.99,USD
904405,101179,monthly,active,2025-07-16 05:38:19,9.99,USD
904406,104277,monthly,active,2025-12-07 01:29:32,9.99,USD
904406,104277,monthly,expired,2026-01-02T06:29:32Z,9.99,USD
904407,106737,monthly,active,2025-11-24 05:33:09,9.99,USD
904408,101159,monthly,active,2025-12-07T15:03:34Z,9.99,USD
904409,100432,free_trial,trialing,2026-02-11T23:49:03Z,0.0,USD
904409,100432,monthly,active,2026-02-22T23:49:03Z,9.99,USD
904410,102923,monthly,active,2025-11-22 16:01:53,9.99,USD
904411,107699,free_trial,trialing,2026-01-24T20:25:18Z,0.0,USD
904411,107699,monthly,active,2026-01-28T20:25:18Z,9.99,USD
904412,102351,monthly,active,2025-09-20T15:32:05Z,9.99,USD
904413,101844,free_trial,trialing,2025-07-27T06:07:27Z,0.0,USD
904413,101844,annual,active,2025-08-04T06:07:27Z,79.99,USD
904414,103370,annual,active,2026-02-12T18:26:39Z,79.99,USD
904415,104293,monthly,active,2025-09-05T08:54:57Z,9.99,USD
904416,106145,monthly,active,2025-07-22T13:52:47Z,9.99,USD
904416,106145,monthly,expired,2025-10-25 08:52:47,9.99,USD
904417,103769,annual,active,2025-07-24T23:09:33Z,79.99,USD
904417,103769,annual,canceled,2025-11-06 18:09:33,79.99,USD
904418,102629,monthly,active,2025-09-04T08:45:28Z,9.99,USD
904419,104928,monthly,active,2025-09-19T00:06:01Z,9.99,USD
904420,106480,monthly,active,2026-02-04T09:44:02Z,9.99,USD
904421,104388,monthly,active,2025-09-17T03:10:21Z,9.99,USD
904422,107301,annual,active,2025-09-19T11:03:57Z,79.99,USD
904422,107301,annual,canceled,2026-01-22T11:03:57Z,79.99,USD
904423,101036,free_trial,trialing,2026-02-18T05:41:04Z,0.0,USD
904423,101036,free_trial,expired,2026-03-02T05:41:04Z,0.0,USD
904424,103790,monthly,active,2025-09-02T02:19:54Z,9.99,USD
904424,103790,monthly,canceled,2025-11-26T02:19:54Z,9.99,USD
904425,106849,annual,active,2025-11-06T18:38:57Z,79.99,USD
904426,101309,monthly,active,2025-11-02T08:44:10Z,9.99,USD
904426,101309,monthly,canceled,2026-02-13T08:44:10Z,9.99,USD
904427,104716,monthly,active,2025-07-12T09:58:08Z,9.99,USD
904428,105055,monthly,active,2025-10-07T08:06:38Z,9.99,USD
904429,105007,annual,active,2025-07-16T20:35:18Z,79.99,USD
904430,101855,free_trial,trialing,2025-07-09T06:51:29Z,0.0,USD
904431,102466,annual,active,2025-11-29 15:33:12,79.99,USD
904431,102466,annual,canceled,2025-12-29T20:33:12Z,79.99,USD
904432,100432,monthly,active,2025-09-01T06:41:05Z,9.99,USD
904433,101445,monthly,active,2026-02-12 06:49:22,9.99,USD
904433,101445,monthly,canceled,2026-04-26T11:49:22Z,9.99,USD
904434,100695,free_trial,trialing,2025-12-20 03:00:08,0.0,USD
904434,100695,monthly,active,2025-12-24T08:00:08Z,9.99,USD
904435,105458,annual,active,2025-11-10 01:04:42,79.99,USD
904436,104812,monthly,active,2025-08-10T12:55:13Z,9.99,USD
904437,105076,monthly,active,2025-12-01T17:14:58Z,9.99,USD
904437,105076,monthly,expired,2025-11-13T17:14:58Z,9.99,USD
904438,105212,monthly,active,2025-10-16T18:01:24Z,9.99,USD
904439,106883,monthly,active,2025-11-01 13:22:35,9.99,USD
904439,106883,monthly,expired,2026-03-17T18:22:35Z,9.99,USD
904440,100445,annual,active,2025-11-26T21:48:45Z,79.99,USD
904441,104675,free_trial,trialing,2025-12-22T07:27:40Z,0.0,USD
904442,399701,monthly,active,2026-01-17T02:16:50Z,9.99,USD
904443,107607,annual,active,2025-11-28T02:05:41Z,79.99,USD
904443,107607,annual,canceled,2026-04-09T02:05:41Z,79.99,USD
904444,100951,monthly,active,2025-07-30T18:48:56Z,9.99,USD
904444,100951,monthly,canceled,2025-11-16T18:48:56Z,9.99,USD
904445,100765,annual,active,2025-12-06 09:06:12,79.99,USD
904445,100765,annual,canceled,2026-01-13 09:06:12,79.99,USD
904446,103882,monthly,active,2025-11-21T04:10:38Z,9.99,USD
904446,103882,monthly,canceled,2026-02-27T04:10:38Z,9.99,USD
904447,103633,free_trial,trialing,2026-01-27 23:54:30,0.0,USD
904447,103633,monthly,active,2026-02-02T04:54:30Z,9.99,USD
904448,103792,free_trial,trialing,2025-12-20 13:35:06,0.0,USD
904448,103792,free_trial,expired,2025-12-30 13:35:06,0.0,USD
904449,106765,free_trial,trialing,2026-01-26T15:46:32Z,0.0,USD
904449,106765,annual,active,2026-01-31T15:46:32Z,79.99,USD
904450,106530,monthly,active,2026-02-02T22:41:04Z,9.99,USD
904451,102597,monthly,active,2025-09-06T22:17:38Z,9.99,USD
904452,103639,monthly,active,2025-09-03 11:06:39,9.99,USD
904452,103639,monthly,canceled,2025-12-30T16:06:39Z,9.99,USD
904453,102197,monthly,active,2025-08-07T19:07:35Z,9.99,USD
904454,104259,monthly,active,2025-08-18 09:51:25,9.99,USD
904454,104259,monthly,canceled,2025-12-28 09:51:25,9.99,USD
904455,100858,annual,active,2025-11-19T14:07:11Z,79.99,USD
904455,100858,annual,canceled,2026-04-17T14:07:11Z,79.99,USD
904456,102179,free_trial,trialing,2025-08-30T03:42:44Z,0.0,USD
904457,101066,monthly,active,2025-11-09T11:27:34Z,9.99,USD
904458,101370,free_trial,trialing,2025-07-09 15:22:24,0.0,USD
904458,101370,annual,active,2025-07-15T20:22:24Z,79.99,USD
904459,102762,monthly,active,2025-10-04T11:57:38Z,9.99,USD
904460,107737,free_trial,trialing,2025-08-24T18:42:57Z,0.0,USD
904461,100755,free_trial,trialing,2025-08-03T11:22:25Z,0.0,USD
904461,100755,free_trial,expired,2025-08-10T11:22:25Z,0.0,USD
904462,102428,annual,active,2025-11-12T02:23:07Z,79.99,USD
904463,102221,monthly,active,2025-07-07T22:59:14Z,9.99,USD
904463,102221,monthly,canceled,2025-11-13T22:59:14Z,9.99,USD
904464,107986,monthly,active,2025-08-24T21:48:15Z,9.99,USD
904465,100819,free_trial,trialing,2026-02-17T06:41:39Z,0.0,USD
904465,100819,monthly,active,2026-02-20T06:41:39Z,9.99,USD
904465,100819,monthly,canceled,2026-06-11T06:41:39Z,9.99,USD
904466,101836,free_trial,trialing,2025-08-10T03:00:28Z,0.0,USD
904466,101836,annual,active,2025-08-20T03:00:28Z,79.99,USD
904466,101836,annual,canceled,2025-10-11T03:00:28Z,79.99,USD
904467,106140,monthly,active,2026-02-17T18:57:53Z,9.99,USD
904468,102639,monthly,active,2026-01-01 18:40:15,9.99,USD
904468,102639,monthly,canceled,2026-02-03T23:40:15Z,9.99,USD
904469,103405,annual,active,2025-07-29 02:05:01,79.99,USD
904470,102635,monthly,active,2025-11-04T21:53:45Z,9.99,USD
904471,107344,monthly,active,2025-11-18T04:35:19Z,9.99,USD
904471,107344,monthly,canceled,2026-01-24T04:35:19Z,9.99,USD
904472,101787,monthly,active,2025-07-29T04:21:51Z,9.99,USD
904472,101787,monthly,canceled,2025-11-14T04:21:51Z,9.99,EUR
904473,100512,monthly,active,2025-07-22T01:36:10Z,9.99,USD
904473,100512,monthly,canceled,2025-08-13 20:36:10,9.99,USD
904474,106988,annual,active,2025-12-27T01:41:22Z,79.99,USD
904475,104504,annual,active,2025-11-30T19:24:55Z,79.99,USD
904476,101134,annual,active,2025-08-24T13:41:15Z,79.99,USD
904477,107411,free_trial,trialing,2025-07-10T06:28:42Z,0.0,USD
904477,107411,annual,active,2025-07-14 01:28:42,79.99,USD
904478,105889,monthly,active,2025-09-29T09:10:03Z,9.99,USD
904479,103277,monthly,active,2025-08-22 02:12:55,9.99,USD
904480,106508,monthly,active,2025-07-03T04:13:15Z,9.99,USD
904481,101474,free_trial,trialing,2025-12-19 13:03:41,0.0,USD
904481,101474,free_trial,expired,2025-12-31 13:03:41,0.0,USD
904482,102050,free_trial,trialing,2025-10-09T09:03:18Z,0.0,USD
904482,102050,free_trial,expired,2025-10-16T09:03:18Z,0.0,USD
904483,100042,monthly,active,2025-10-09T19:52:33Z,9.99,GBP
904483,100042,monthly,canceled,2025-10-31T19:52:33Z,9.99,USD
904484,105170,free_trial,trialing,2025-12-23T00:24:53Z,0.0,USD
904485,102540,monthly,active,2025-10-14T11:02:25Z,9.99,USD
904486,105391,monthly,active,2025-12-23T14:04:31Z,9.99,USD
904487,107901,monthly,active,2025-11-26T16:43:52Z,9.99,USD
904488,102454,free_trial,trialing,2026-02-12T13:56:51Z,0.0,USD
904489,103649,free_trial,trialing,2025-07-25T18:18:27Z,0.0,USD
904490,101731,monthly,active,2025-07-17T19:42:12Z,9.99,USD
904491,104504,monthly,active,2026-02-03T17:26:03Z,9.99,USD
904492,102766,monthly,active,2025-09-24T10:44:57Z,9.99,USD
904492,102766,monthly,canceled,2025-11-21T10:44:57Z,9.99,USD
904493,106301,annual,active,2025-12-09T13:54:17Z,79.99,USD
904494,103429,free_trial,trialing,2026-01-28T23:52:34Z,0.0,USD
904494,103429,monthly,active,2026-02-09T23:52:34Z,9.99,USD
904495,106079,monthly,active,2025-09-05 07:33:20,9.99,USD
904496,107540,monthly,active,2025-09-17T02:56:48Z,9.99,USD
904496,107540,monthly,canceled,2026-01-15T02:56:48Z,9.99,USD
904497,106292,monthly,active,2025-12-09T22:17:54Z,9.99,USD
904497,106292,monthly,canceled,2026-04-14T22:17:54Z,9.99,USD
904498,105164,monthly,active,2025-08-03T09:54:07Z,9.99,USD
904499,107532,monthly,active,2026-01-12T07:30:09Z,9.99,USD
904500,104534,monthly,active,2025-07-18T02:52:05Z,9.99,USD
904501,104964,annual,active,2026-01-19 03:02:26,79.99,USD
904502,106928,monthly,active,2025-11-23T02:40:20Z,9.99,USD
904503,103148,monthly,active,2025-11-25T19:21:41Z,9.99,USD
904503,103148,monthly,canceled,2025-11-08T19:21:41Z,9.99,USD
904504,105323,monthly,active,2025-07-09T20:27:34Z,9.99,USD
904505,100316,monthly,active,2025-08-07T02:56:52Z,9.99,USD
904505,100316,monthly,canceled,2025-11-11T02:56:52Z,9.99,USD
904506,100301,monthly,active,2025-09-13T20:00:13Z,9.99,USD
904507,107217,free_trial,trialing,2026-02-12T11:20:23Z,0.0,USD
904507,107217,free_trial,expired,2026-02-24 06:20:23,0.0,USD
904508,104175,monthly,active,2025-12-23T05:52:17Z,9.99,USD
904508,104175,monthly,canceled,2026-05-14T05:52:17Z,9.99,USD
904509,106500,annual,active,2025-08-30T00:34:22Z,79.99,USD
904509,106500,annual,canceled,2025-11-24 19:34:22,79.99,USD
904510,106737,annual,active,2026-01-18T16:13:07Z,79.99,USD
904511,106226,monthly,active,2025-08-09T14:24:38Z,9.99,USD
904512,105518,annual,active,2025-07-10T15:32:42Z,79.99,USD
904513,102484,monthly,active,2025-12-14 14:14:24,9.99,USD
904514,100969,monthly,active,2025-12-01T02:37:41Z,9.99,USD
904514,100969,monthly,canceled,2026-04-09T02:37:41Z,9.99,USD
904515,101298,monthly,active,2026-02-03T10:33:18Z,9.99,USD
904516,101830,free_trial,trialing,2025-09-20T22:52:27Z,0.0,USD
904516,101830,free_trial,expired,2025-09-28T22:52:27Z,0.0,USD
904517,106777,annual,active,2025-07-29T21:07:22Z,79.99,USD
904518,105146,free_trial,trialing,2025-08-11 05:40:16,0.0,USD
904518,105146,free_trial,expired,2025-08-22T10:40:16Z,0.0,USD
904519,102445,free_trial,trialing,2025-11-22T12:58:53Z,0.0,USD
904520,106387,monthly,active,2025-09-10T02:13:00Z,9.99,USD
904520,106387,monthly,canceled,2025-11-18T02:13:00Z,9.99,USD
904521,107289,monthly,active,2025-07-30T09:22:06Z,9.99,USD
904522,102678,annual,active,2025-11-28T16:31:55Z,79.99,USD
904523,100354,annual,active,2025-10-27T07:26:25Z,79.99,USD
904523,100354,annual,canceled,2026-01-08 02:26:25,79.99,USD
904524,104931,monthly,active,2025-07-23T18:31:20Z,9.99,USD
904525,105287,free_trial,trialing,2025-07-14T20:22:38Z,0.0,USD
904526,103302,monthly,active,2026-01-31T12:55:52Z,9.99,USD
904526,103302,monthly,canceled,2026-02-27T12:55:52Z,9.99,USD
904527,102045,monthly,active,2025-08-05 10:00:51,9.99,USD
904528,107660,monthly,active,2025-09-24T21:04:35Z,9.99,USD
904529,105416,annual,active,2026-01-14T23:45:52Z,79.99,USD
904530,103543,monthly,active,2025-10-22T09:22:21Z,9.99,USD
904531,102510,monthly,active,2025-12-31T13:51:53Z,9.99,USD
904532,107022,monthly,active,2025-12-05T12:39:37Z,9.99,USD
904532,107022,monthly,canceled,2026-04-08T12:39:37Z,9.99,USD
904533,104997,free_trial,trialing,2025-07-29T16:49:43Z,0.0,USD
904533,104997,annual,active,2025-08-08T16:49:43Z,79.99,USD
904533,104997,annual,canceled,2025-10-20T16:49:43Z,79.99,USD
904534,101567,monthly,active,2025-10-27 16:24:28,9.99,USD
904535,100427,monthly,active,2025-12-30T00:37:49Z,9.99,USD
904535,100427,monthly,canceled,2026-03-23T00:37:49Z,9.99,EUR
904536,104608,free_trial,trialing,2025-11-22T17:43:16Z,0.0,USD
904536,104608,free_trial,expired,2025-12-04T17:43:16Z,0.0,USD
904537,101606,monthly,active,2025-08-18T07:49:20Z,9.99,USD
904538,105116,annual,active,2025-11-15T23:01:41Z,79.99,USD
904539,100692,annual,active,2026-01-27T05:42:37Z,79.99,USD
904540,103728,free_trial,trialing,2025-12-10T17:47:10Z,0.0,USD
904540,103728,monthly,active,2025-12-21T17:47:10Z,9.99,USD
904540,103728,monthly,canceled,2026-01-30T17:47:10Z,9.99,USD
904541,106370,monthly,active,2025-11-05T20:04:38Z,9.99,EUR
904542,103812,annual,active,2025-09-26T09:37:38Z,79.99,USD
904542,103812,annual,canceled,2025-12-01 04:37:38,79.99,USD
904543,105428,free_trial,trialing,2025-12-28T10:40:22Z,0.0,USD
904543,105428,annual,active,2026-01-08T10:40:22Z,79.99,GBP
904544,101328,annual,active,2025-11-04T14:20:02Z,79.99,USD
904545,102251,annual,active,2025-11-05T21:36:39Z,79.99,GBP
904545,102251,annual,canceled,2025-10-25T21:36:39Z,79.99,USD
904546,103361,monthly,active,2025-09-22 12:11:12,9.99,USD
904546,103361,monthly,canceled,2025-11-06T17:11:12Z,9.99,USD
904547,106262,monthly,active,2026-02-09 10:59:47,9.99,USD
904548,104569,free_trial,trialing,2025-12-03T09:40:41Z,0.0,USD
904548,104569,free_trial,expired,2025-12-12T09:40:41Z,0.0,USD
904549,106667,monthly,active,2025-10-03T07:14:12Z,9.99,USD
904550,102366,monthly,active,2025-10-25T04:17:28Z,9.99,USD
904551,104011,monthly,active,2025-07-08T02:09:38Z,9.99,USD
904551,104011,monthly,canceled,2025-08-05T02:09:38Z,9.99,USD
904552,104783,annual,active,2025-11-19T05:38:01Z,79.99,USD
904552,104783,annual,canceled,2026-02-18T05:38:01Z,79.99,USD
904553,101727,annual,active,2025-10-20T06:56:13Z,79.99,USD
904554,103776,free_trial,trialing,2026-02-06T01:38:31Z,0.0,USD
904554,103776,free_trial,expired,2026-02-16 20:38:31,0.0,USD
904555,104485,free_trial,trialing,2025-08-03T03:47:18Z,0.0,USD
904556,105719,annual,active,2025-08-20 12:22:20,79.99,USD
904557,102229,annual,active,2025-07-16T08:30:41Z,79.99,USD
904557,102229,annual,canceled,2025-10-21T08:30:41Z,79.99,USD
904558,101543,free_trial,trialing,2025-10-07 20:56:38,0.0,USD
904559,101677,free_trial,trialing,2025-07-04T15:45:56Z,0.0,USD
904559,101677,monthly,active,2025-07-13T15:45:56Z,9.99,USD
904560,107121,monthly,active,2026-01-20T08:08:10Z,9.99,USD
904561,104835,free_trial,trialing,2025-12-03T15:45:32Z,0.0,USD
904562,105605,annual,active,2025-08-08T11:08:04Z,79.99,USD
904562,105605,annual,canceled,2025-10-14T11:08:04Z,79.99,USD
904563,107663,monthly,active,2025-08-21T21:28:10Z,9.99,USD
904564,105858,monthly,active,2025-07-15T19:41:25Z,9.99,USD
904565,100768,free_trial,trialing,2025-11-20T04:52:29Z,0.0,USD
904565,100768,free_trial,expired,2025-11-15T04:52:29Z,0.0,USD
904566,100606,monthly,active,2025-07-20T20:16:29Z,9.99,USD
904566,100606,monthly,expired,2025-09-09 15:16:29,9.99,USD
904567,100599,monthly,active,2025-07-16T20:52:42Z,9.99,USD
904567,100599,monthly,canceled,2025-10-04T20:52:42Z,9.99,USD
904568,395622,annual,active,2025-11-06T07:26:17Z,79.99,USD
904568,395622,annual,canceled,2026-02-12 02:26:17,79.99,USD
904569,106457,monthly,active,2026-02-01 15:20:18,9.99,USD
904570,102762,monthly,active,2026-01-13T03:53:17Z,9.99,USD
904571,102618,monthly,active,2025-12-10T08:02:27Z,9.99,USD
904572,105031,free_trial,trialing,2025-12-28T08:58:16Z,0.0,USD
904572,105031,annual,active,2026-01-11 03:58:16,79.99,USD
904572,105031,annual,canceled,2026-05-10T08:58:16Z,79.99,USD
904573,102839,free_trial,trialing,2025-07-19T09:11:41Z,0.0,USD
904574,102713,monthly,active,2025-09-20T23:16:45Z,9.99,USD
904575,101906,monthly,active,2025-12-16T02:43:06Z,9.99,USD
904575,101906,monthly,expired,2026-03-22T02:43:06Z,9.99,USD
904576,105739,free_trial,trialing,2026-01-06 07:05:19,0.0,USD
904576,105739,monthly,active,2026-01-14T12:05:19Z,9.99,USD
904577,101639,monthly,active,2025-10-08T09:39:18Z,9.99,USD
904578,105176,annual,active,2025-08-03T13:09:35Z,79.99,USD
904578,105176,annual,expired,2025-11-26T13:09:35Z,79.99,USD
904579,107784,monthly,active,2026-02-06T14:23:27Z,9.99,USD
904579,107784,monthly,expired,2026-04-06T14:23:27Z,9.99,USD
904580,107787,free_trial,trialing,2026-01-22T04:19:29Z,0.0,USD
904580,107787,annual,active,2026-02-05T04:19:29Z,79.99,USD
904581,105353,free_trial,trialing,2025-11-13T08:55:40Z,0.0,USD
904581,105353,annual,active,2025-11-22T08:55:40Z,79.99,USD
904582,101882,annual,active,2025-07-20T04:20:32Z,79.99,USD
904582,101882,annual,expired,2025-10-12T04:20:32Z,79.99,USD
904583,103738,free_trial,trialing,2025-11-03T08:14:34Z,0.0,USD
904583,103738,free_trial,expired,2025-11-16T08:14:34Z,0.0,USD
904584,100325,annual,active,2025-11-05T04:22:20Z,79.99,USD
904585,106068,monthly,active,2025-08-07T04:19:40Z,9.99,USD
904585,106068,monthly,canceled,2025-12-06T04:19:40Z,9.99,USD
904586,102116,monthly,active,2026-02-03T15:19:09Z,9.99,USD
904586,102116,monthly,canceled,2026-03-31T15:19:09Z,9.99,EUR
904587,100881,monthly,active,2025-12-27T21:39:14Z,9.99,USD
904588,368915,monthly,active,2025-11-10T14:20:47Z,9.99,USD
904588,368915,monthly,canceled,2025-12-28T14:20:47Z,9.99,USD
904589,107291,free_trial,trialing,2025-08-05T03:26:41Z,0.0,USD
904589,107291,free_trial,expired,2025-08-18T03:26:41Z,0.0,USD
904590,104683,free_trial,trialing,2025-12-01T10:01:35Z,0.0,USD
904590,104683,free_trial,expired,2025-12-15T10:01:35Z,0.0,USD
904591,101074,monthly,active,2025-12-03T03:13:57Z,9.99,USD
904592,106145,monthly,active,2025-09-26T14:59:05Z,9.99,USD
904593,101620,monthly,active,2026-01-04T15:44:28Z,9.99,USD
904593,101620,monthly,canceled,2026-05-18T15:44:28Z,9.99,USD
904594,103273,annual,active,2025-07-16T01:23:39Z,79.99,USD
904594,103273,annual,canceled,2025-08-17T01:23:39Z,79.99,USD
904595,107255,monthly,active,2025-07-29T15:20:44Z,9.99,USD
904595,107255,monthly,canceled,2025-09-28T15:20:44Z,9.99,USD
904596,105879,annual,active,2025-08-24T12:42:30Z,79.99,USD
904597,103033,monthly,active,2025-09-10T08:00:40Z,9.99,USD
904598,103034,monthly,active,2025-09-23T09:29:10Z,9.99,USD
904598,103034,monthly,canceled,2026-02-01T09:29:10Z,9.99,USD
904599,101766,monthly,active,2025-09-02T14:23:34Z,9.99,USD
904600,102997,free_trial,trialing,2025-10-01T21:43:55Z,0.0,USD
904600,102997,free_trial,expired,2025-10-13 16:43:55,0.0,USD
904601,100153,monthly,active,2025-08-14 02:30:44,9.99,USD
904602,103931,monthly,active,2025-10-21T18:45:24Z,9.99,USD
904603,105930,monthly,active,2026-02-13T12:56:20Z,9.99,USD
904603,105930,monthly,canceled,2026-03-03T12:56:20Z,9.99,USD
904604,103208,monthly,active,2026-01-19T12:09:01Z,9.99,USD
904605,106905,free_trial,trialing,2025-10-13T09:51:19Z,0.0,USD
904605,106905,monthly,active,2025-10-20 04:51:19,9.99,USD
904606,106740,annual,active,2026-01-20T18:27:43Z,79.99,USD
904607,105186,free_trial,trialing,2025-07-04T23:38:56Z,0.0,USD
904607,105186,free_trial,expired,2025-07-12T23:38:56Z,0.0,USD
904608,105141,monthly,active,2025-12-29T00:24:59Z,9.99,USD
904609,107623,annual,active,2025-11-07T03:42:45Z,79.99,USD
904610,101194,monthly,active,2025-11-08T00:24:15Z,9.99,USD
904611,107295,free_trial,trialing,2026-01-22T20:53:03Z,0.0,USD
904612,106120,monthly,active,2025-09-11T00:35:30Z,9.99,USD
904613,107952,annual,active,2025-10-11T02:28:44Z,79.99,USD
904614,105473,monthly,active,2025-07-26T18:37:56Z,9.99,USD
904615,106112,monthly,active,2025-09-08 21:25:22,9.99,USD
904615,106112,monthly,canceled,2025-11-13T02:25:22Z,9.99,USD
904616,100438,monthly,active,2025-09-26 18:47:34,9.99,USD
904616,100438,monthly,canceled,2026-02-09T23:47:34Z,9.99,USD
904617,102643,monthly,active,2025-10-24T19:05:28Z,9.99,USD
904618,103527,free_trial,trialing,2025-09-12T03:11:09Z,0.0,USD
904618,103527,annual,active,2025-09-17 22:11:09,79.99,USD
904619,103664,monthly,active,2026-01-13T19:37:45Z,9.99,USD
904619,103664,monthly,canceled,2026-03-13T19:37:45Z,9.99,USD
904620,103254,monthly,active,2025-10-15T06:59:18Z,9.99,USD
904620,103254,monthly,canceled,2025-12-30 01:59:18,9.99,USD
904621,105701,free_trial,trialing,2025-08-21T18:44:19Z,0.0,USD
904622,101057,monthly,active,2026-01-01T22:45:18Z,9.99,USD
904623,103462,monthly,active,2025-08-20T01:10:52Z,9.99,USD
904624,100674,monthly,active,2025-07-18 03:32:29,9.99,USD
904625,104435,monthly,active,2025-11-18T05:52:22Z,9.99,USD
904626,107293,monthly,active,2025-08-18T20:40:36Z,9.99,USD
904627,101157,annual,active,2025-11-10T20:29:45Z,79.99,USD
904627,101157,annual,canceled,2026-02-26 15:29:45,79.99,USD
904628,101238,free_trial,trialing,2025-11-16T13:30:58Z,0.0,USD
904629,105192,free_trial,trialing,2025-11-24T08:01:21Z,0.0,USD
904629,105192,monthly,active,2025-12-05T08:01:21Z,9.99,USD
904630,101858,monthly,active,2025-12-14T00:03:09Z,9.99,USD
904631,105864,monthly,active,2026-01-26T18:15:41Z,9.99,USD
904631,105864,monthly,canceled,2026-06-15 13:15:41,9.99,USD
904632,107453,free_trial,trialing,2025-08-24T04:54:38Z,0.0,USD
904632,107453,annual,active,2025-08-27T04:54:38Z,79.99,USD
904632,107453,annual,canceled,2025-10-05T04:54:38Z,79.99,USD
904633,372238,free_trial,trialing,2025-08-22 11:42:08,0.0,USD
904633,372238,monthly,active,2025-09-02T16:42:08Z,9.99,USD
904634,105398,monthly,active,2026-01-28 06:58:59,9.99,USD
904635,100073,annual,active,2025-12-01T16:12:07Z,79.99,USD
904635,100073,annual,canceled,2025-12-18 11:12:07,79.99,USD
904636,103715,free_trial,trialing,2025-11-16T14:04:10Z,0.0,USD
904637,104154,free_trial,trialing,2025-09-19T00:24:25Z,0.0,USD
904637,104154,monthly,active,2025-09-23T00:24:25Z,9.99,USD
904637,104154,monthly,canceled,2025-12-06T00:24:25Z,9.99,USD
904638,105653,annual,active,2025-12-18T04:41:57Z,79.99,USD
904638,105653,annual,canceled,2026-04-16 23:41:57,79.99,USD
904639,101789,free_trial,trialing,2025-12-01T02:39:45Z,0.0,USD
904639,101789,annual,active,2025-12-05T02:39:45Z,79.99,USD
904639,101789,annual,canceled,2026-02-15T02:39:45Z,79.99,USD
904640,341488,monthly,active,2025-12-16T00:31:00Z,9.99,USD
904641,100022,monthly,active,2025-10-29T23:03:31Z,9.99,USD
904641,100022,monthly,canceled,2025-11-15T23:03:31Z,9.99,USD
904642,106748,monthly,active,2025-07-12T19:10:46Z,9.99,USD
904643,105368,free_trial,trialing,2025-07-25T08:56:08Z,0.0,USD
904643,105368,monthly,active,2025-07-28T08:56:08Z,9.99,USD
904643,105368,monthly,canceled,2025-11-03T08:56:08Z,9.99,USD
904644,101206,free_trial,trialing,2025-07-16 18:53:11,0.0,USD
904644,101206,free_trial,expired,2025-07-23T23:53:11Z,0.0,USD
904645,100548,monthly,active,2025-11-24 00:43:01,9.99,USD
904646,104432,monthly,active,2025-10-02 01:22:49,9.99,USD
904647,101549,monthly,active,2026-02-16T03:10:49Z,9.99,USD
904647,101549,monthly,canceled,2026-05-14T03:10:49Z,9.99,USD
904648,102791,monthly,active,2025-09-02T13:04:39Z,9.99,USD
904648,102791,monthly,expired,2025-12-25T13:04:39Z,9.99,USD
904649,101356,monthly,active,2025-11-25T06:21:32Z,9.99,USD
904650,102792,annual,active,2025-07-29T03:12:18Z,79.99,USD
904651,101728,annual,active,2026-01-20T03:43:00Z,79.99,USD
904652,102895,annual,active,2025-12-05T09:04:29Z,79.99,USD
904652,102895,annual,canceled,2026-01-12T09:04:29Z,79.99,USD
904653,106839,annual,active,2025-11-15T03:24:44Z,79.99,USD
904653,106839,annual,canceled,2025-12-31T03:24:44Z,79.99,USD
904654,104747,free_trial,trialing,2025-11-19T18:08:58Z,0.0,USD
904654,104747,monthly,active,2025-11-25 13:08:58,9.99,USD
904654,104747,monthly,canceled,2026-03-19T18:08:58Z,9.99,USD
904655,102196,annual,active,2025-11-13T08:09:47Z,79.99,USD
904656,104440,free_trial,trialing,2025-07-17T12:40:47Z,0.0,USD
904656,104440,monthly,active,2025-07-27T12:40:47Z,9.99,USD
904656,104440,monthly,canceled,2025-08-29T12:40:47Z,9.99,USD
904657,106226,monthly,active,2025-07-09 20:05:51,9.99,USD
904657,106226,monthly,canceled,2025-12-06T01:05:51Z,9.99,USD
904658,103227,monthly,active,2025-08-13T08:40:43Z,9.99,USD
904659,104369,annual,active,2026-01-10 04:30:54,79.99,USD
904659,104369,annual,expired,2026-03-23 04:30:54,79.99,USD
904660,104282,monthly,active,2025-08-19T06:50:53Z,9.99,USD
904661,103896,monthly,active,2025-12-08T02:57:35Z,9.99,USD
904661,103896,monthly,canceled,2026-03-11T02:57:35Z,9.99,USD
904662,103265,annual,active,2025-10-23T10:52:01Z,79.99,USD
904663,100516,monthly,active,2026-02-16 17:20:01,9.99,USD
904664,103234,monthly,active,2025-10-10T16:39:52Z,9.99,USD
904665,104167,free_trial,trialing,2026-01-19 05:01:33,0.0,USD
904665,104167,monthly,active,2026-01-22T10:01:33Z,9.99,USD
904666,102099,free_trial,trialing,2025-11-07T19:37:02Z,0.0,USD
904666,102099,monthly,active,2025-11-15T19:37:02Z,9.99,USD
904667,106370,monthly,active,2025-12-21T20:06:17Z,9.99,USD
904668,102527,free_trial,trialing,2026-02-04 03:24:03,0.0,USD
904668,102527,annual,active,2026-02-12T08:24:03Z,79.99,USD
904668,102527,annual,canceled,2026-05-23T08:24:03Z,79.99,USD
904669,104324,free_trial,trialing,2025-08-09T21:50:49Z,0.0,USD
904669,104324,annual,active,2025-08-17 16:50:49,79.99,USD
904670,102979,monthly,active,2025-11-28T06:04:11Z,9.99,USD
904671,101777,monthly,active,2025-12-16T14:24:53Z,9.99,USD
904671,101777,monthly,canceled,2026-02-12T14:24:53Z,9.99,USD
904672,103036,free_trial,trialing,2025-11-22T23:37:50Z,0.0,USD
904672,103036,annual,active,2025-12-04T23:37:50Z,79.99,USD
904673,101787,annual,active,2025-12-18T11:39:11Z,79.99,USD
904673,101787,annual,canceled,2026-01-14 06:39:11,79.99,USD
904674,103988,free_trial,trialing,2026-01-23T07:27:14Z,0.0,USD
904674,103988,free_trial,expired,2026-02-05 02:27:14,0.0,USD
904675,102014,monthly,active,2025-12-26T20:12:46Z,9.99,USD
904676,101716,annual,active,2025-11-13T11:40:01Z,79.99,USD
904677,107254,monthly,active,2025-12-27T18:20:16Z,9.99,USD
904678,106589,monthly,active,2025-09-18T08:29:35Z,9.99,USD
904679,102236,free_trial,trialing,2025-08-09T03:25:53Z,0.0,USD
904679,102236,free_trial,expired,2025-08-16T03:25:53Z,0.0,USD
904680,101467,free_trial,trialing,2025-10-28T07:48:05Z,0.0,USD
904680,101467,free_trial,expired,2025-11-11 02:48:05,0.0,USD
904681,105832,free_trial,trialing,2025-07-13T07:51:26Z,0.0,USD
904681,105832,free_trial,expired,2025-07-25T07:51:26Z,0.0,USD
904682,104314,monthly,active,2025-07-25 16:30:08,9.99,USD
904683,107644,annual,active,2025-10-28T03:56:39Z,79.99,USD
904683,107644,annual,canceled,2025-12-05T03:56:39Z,79.99,USD
904684,102513,monthly,active,2025-12-15T02:09:48Z,9.99,USD
904685,105528,monthly,active,2026-01-24T01:37:06Z,9.99,USD
904686,104616,free_trial,trialing,2026-01-15 08:25:55,0.0,USD
904686,104616,annual,active,2026-01-20 08:25:55,79.99,USD
904687,102690,free_trial,trialing,2025-07-24 08:50:10,0.0,USD
904687,102690,free_trial,expired,2025-08-05T13:50:10Z,0.0,USD
904688,105445,annual,active,2025-12-06 15:46:14,79.99,USD
904688,105445,annual,canceled,2026-03-01T20:46:14Z,79.99,USD
904689,101203,monthly,active,2025-09-16T00:45:54Z,9.99,USD
904690,104606,free_trial,trialing,2025-10-19T02:47:58Z,0.0,USD
904690,104606,free_trial,expired,2025-10-28T02:47:58Z,0.0,USD
904691,106455,free_trial,trialing,2025-08-28T18:37:03Z,0.0,USD
904692,106436,monthly,active,2025-11-21T21:08:51Z,9.99,USD
904693,103460,free_trial,trialing,2025-11-08T14:22:25Z,0.0,USD
904693,103460,monthly,active,2025-11-13T14:22:25Z,9.99,USD
904693,103460,monthly,canceled,2026-01-02 09:22:25,9.99,USD
904694,103625,free_trial,trialing,2025-11-18 08:14:51,0.0,USD
904694,103625,annual,active,2025-11-21 08:14:51,79.99,USD
904695,104795,free_trial,trialing,2026-01-24T20:02:07Z,0.0,USD
904695,104795,monthly,active,2026-02-03T20:02:07Z,9.99,USD
904696,105945,monthly,active,2026-01-18T15:12:41Z,9.99,USD
904697,102112,monthly,active,2026-01-03T02:08:33Z,9.99,USD
904697,102112,monthly,canceled,2026-05-15T02:08:33Z,9.99,USD
904698,106031,free_trial,trialing,2025-08-17T03:49:37Z,0.0,USD
904698,106031,monthly,active,2025-08-26T03:49:37Z,9.99,USD
904699,100305,monthly,active,2026-01-14 16:39:00,9.99,EUR
904699,100305,monthly,expired,2026-05-10T21:39:00Z,9.99,USD
904700,103974,free_trial,trialing,2025-07-14T15:28:28Z,0.0,USD
904700,103974,annual,active,2025-07-23 10:28:28,79.99,USD
904701,103590,annual,active,2025-08-19T17:43:07Z,79.99,USD
904701,103590,annual,expired,2026-01-09T17:43:07Z,79.99,USD
904702,106364,monthly,active,2025-07-22T10:24:54Z,9.99,USD
904703,102261,free_trial,trialing,2025-08-25 04:55:10,0.0,USD
904703,102261,monthly,active,2025-08-29T09:55:10Z,9.99,USD
904704,103799,free_trial,trialing,2025-08-16 01:49:27,0.0,USD
904705,102880,free_trial,trialing,2026-02-13T19:37:15Z,0.0,USD
904705,102880,free_trial,expired,2026-02-20 14:37:15,0.0,USD
904706,107262,free_trial,trialing,2025-12-31T00:30:23Z,0.0,USD
904706,107262,free_trial,expired,2026-01-11T00:30:23Z,0.0,USD
904707,103543,monthly,active,2026-01-13T08:09:05Z,9.99,USD
904708,107366,monthly,active,2025-10-15T21:39:43Z,9.99,USD
904708,107366,monthly,expired,2026-03-31T21:39:43Z,9.99,USD
904709,100695,monthly,active,2025-09-20 09:54:19,9.99,USD
904710,107559,annual,active,2025-09-11T21:15:53Z,79.99,USD
904711,100194,monthly,active,2025-09-15T13:55:57Z,9.99,USD
904712,102920,free_trial,trialing,2025-10-11T13:42:10Z,0.0,USD
904712,102920,free_trial,expired,2025-10-18T13:42:10Z,0.0,USD
904713,100932,monthly,active,2025-12-24T21:22:16Z,9.99,USD
904714,105763,monthly,active,2025-11-26T19:29:15Z,9.99,USD
904715,104166,monthly,active,2026-01-14T23:16:07Z,9.99,USD
904715,104166,monthly,canceled,2026-02-24T23:16:07Z,9.99,USD
904716,103921,monthly,active,2025-10-20T06:18:03Z,9.99,USD
904717,380477,monthly,active,2026-01-29 08:41:03,9.99,USD
904717,380477,monthly,expired,2026-04-24T13:41:03Z,9.99,USD
904718,100090,annual,active,2025-08-26 12:23:19,79.99,USD
904719,104190,monthly,active,2026-01-28T10:16:22Z,9.99,USD
904720,101022,monthly,active,2025-08-16T13:10:33Z,9.99,USD
904721,100761,annual,active,2025-11-10 00:06:39,79.99,USD
904722,107660,annual,active,2025-07-09T13:30:02Z,79.99,USD
904722,107660,annual,canceled,2025-08-17T13:30:02Z,79.99,USD
904723,103770,free_trial,trialing,2026-02-14T20:00:00Z,0.0,USD
904723,103770,free_trial,expired,2026-02-26T20:00:00Z,0.0,USD
904724,102677,annual,active,2025-12-22T03:40:12Z,79.99,USD
904724,102677,annual,canceled,2026-05-09T03:40:12Z,79.99,USD
904725,107298,monthly,active,2025-07-10T06:19:08Z,9.99,USD
904726,101030,free_trial,trialing,2025-08-31T23:25:14Z,0.0,USD
904726,101030,free_trial,expired,2025-09-08 18:25:14,0.0,USD
904727,107335,monthly,active,2025-09-30T07:08:15Z,9.99,USD
904727,107335,monthly,canceled,2025-11-14 02:08:15,9.99,USD
904728,102606,monthly,active,2025-08-20 03:40:18,9.99,USD
904728,102606,monthly,canceled,2025-09-17T08:40:18Z,9.99,USD
904729,103881,monthly,active,2026-02-08T10:45:26Z,9.99,USD
904729,103881,monthly,canceled,2026-05-28T10:45:26Z,9.99,USD
904730,106517,free_trial,trialing,2026-01-11T02:20:29Z,0.0,USD
904730,106517,free_trial,expired,2026-01-19T02:20:29Z,0.0,USD
904731,107970,monthly,active,2025-11-04T21:56:47Z,9.99,USD
904732,103625,free_trial,trialing,2025-07-15T13:13:19Z,0.0,USD
904733,103287,annual,active,2025-10-09T05:39:14Z,79.99,USD
904734,102019,annual,active,2025-09-07T09:54:49Z,79.99,USD
904734,102019,annual,expired,2026-01-27T09:54:49Z,79.99,USD
904735,107448,annual,active,2025-12-21T17:11:16Z,79.99,USD
904736,103848,monthly,active,2025-12-01T02:01:36Z,9.99,USD
904737,103991,annual,active,2025-11-07T12:16:52Z,79.99,USD
904737,103991,annual,canceled,2025-12-30T12:16:52Z,79.99,USD
904738,107012,free_trial,trialing,2025-07-30T14:31:19Z,0.0,USD
904739,103852,free_trial,trialing,2025-11-29T05:16:46Z,0.0,USD
904740,103778,free_trial,trialing,2025-11-20 11:46:29,0.0,USD
904740,103778,annual,active,2025-11-23T16:46:29Z,79.99,USD
904740,103778,annual,canceled,2026-02-16 11:46:29,79.99,USD
904741,106206,monthly,active,2025-12-15T08:22:53Z,9.99,USD
904742,103208,monthly,active,2025-08-05 06:27:41,9.99,USD
904743,103557,free_trial,trialing,2026-01-08T23:52:28Z,0.0,USD
904743,103557,free_trial,expired,2026-01-17T23:52:28Z,0.0,USD
904744,106531,annual,active,2026-01-17T17:21:44Z,79.99,USD
904744,106531,annual,canceled,2026-06-09T17:21:44Z,79.99,USD
904745,102811,monthly,active,2025-12-13T10:10:16Z,9.99,USD
904746,104686,annual,active,2025-12-03T16:28:58Z,79.99,USD
904747,101231,annual,active,2025-12-06T06:45:14Z,79.99,USD
904748,105133,monthly,active,2025-12-30T05:17:04Z,9.99,USD
904749,101803,free_trial,trialing,2025-11-21T18:23:37Z,0.0,USD
904750,104345,monthly,active,2025-08-23 01:15:35,9.99,USD
904751,104649,annual,active,2026-02-13T10:05:23Z,79.99,USD
904751,104649,annual,canceled,2026-05-19 05:05:23,79.99,USD
904752,107514,annual,active,2025-09-13T10:32:34Z,79.99,USD
904752,107514,annual,canceled,2025-12-30T10:32:34Z,79.99,USD
904753,100283,annual,active,2025-12-31T23:44:12Z,79.99,USD
904754,105157,free_trial,trialing,2025-08-27 14:51:36,0.0,USD
904754,105157,annual,active,2025-09-10T19:51:36Z,79.99,USD
904754,105157,annual,canceled,2025-10-11T19:51:36Z,79.99,USD
904755,105382,free_trial,trialing,2025-07-25T01:46:09Z,0.0,USD
904755,105382,free_trial,expired,2025-08-02T01:46:09Z,0.0,USD
904756,107522,annual,active,2025-10-16T21:05:29Z,79.99,USD
904756,107522,annual,expired,2025-09-30T21:05:29Z,79.99,USD
904757,105197,monthly,active,2025-11-16T06:34:33Z,9.99,USD
904757,105197,monthly,canceled,2026-03-08T06:34:33Z,9.99,USD
904758,105129,monthly,active,2025-09-17 12:03:01,9.99,USD
904758,105129,monthly,canceled,2026-01-11T17:03:01Z,9.99,USD
904759,103835,annual,active,2025-12-08T07:05:44Z,79.99,USD
904760,101287,monthly,active,2025-07-23T12:20:37Z,9.99,USD
904761,101325,free_trial,trialing,2025-08-17T18:23:41Z,0.0,USD
904761,101325,free_trial,expired,2025-08-31T18:23:41Z,0.0,USD
904762,104036,monthly,active,2025-07-24T07:06:50Z,9.99,USD
904763,106216,monthly,active,2025-07-15 05:10:16,9.99,USD
904764,106016,free_trial,trialing,2025-10-04T12:05:50Z,0.0,USD
904764,106016,free_trial,expired,2025-10-18T12:05:50Z,0.0,USD
904765,107770,monthly,active,2025-09-16T09:56:41Z,9.99,USD
904766,105487,free_trial,trialing,2026-02-16 06:06:26,0.0,USD
904766,105487,free_trial,expired,2026-02-24T11:06:26Z,0.0,USD
904767,103981,monthly,active,2025-12-04T19:44:12Z,9.99,USD
904767,103981,monthly,canceled,2026-01-13T19:44:12Z,9.99,USD
904768,107408,monthly,active,2025-07-04T11:10:15Z,9.99,USD
904768,107408,monthly,expired,2025-12-31T11:10:15Z,9.99,USD
904769,101381,free_trial,trialing,2025-08-04T13:58:47Z,0.0,USD
904769,101381,annual,active,2025-08-16T13:58:47Z,79.99,USD
904770,106733,free_trial,trialing,2026-01-04T20:01:33Z,0.0,USD
904770,106733,monthly,active,2026-01-16T20:01:33Z,9.99,USD
904771,105889,monthly,active,2025-07-28 02:36:16,9.99,USD
904772,106882,free_trial,trialing,2025-11-30T03:52:57Z,0.0,USD
904773,103575,annual,active,2025-12-21T21:44:19Z,79.99,USD
904774,104075,monthly,active,2025-08-13 21:52:56,9.99,USD
904774,104075,monthly,expired,2025-10-24T02:52:56Z,9.99,USD
904775,107166,monthly,active,2026-02-08T17:33:37Z,9.99,USD
904775,107166,monthly,canceled,2026-06-03T17:33:37Z,9.99,USD
904776,100126,free_trial,trialing,2026-01-06T12:50:21Z,0.0,USD
904776,100126,monthly,active,2026-01-12T12:50:21Z,9.99,USD
904777,103395,annual,active,2026-01-11 01:54:27,79.99,USD
904777,103395,annual,canceled,2026-02-26T06:54:27Z,79.99,USD
904778,106703,monthly,active,2026-01-26T21:57:09Z,9.99,USD
904779,104924,monthly,active,2025-07-30T21:33:45Z,9.99,USD
904779,104924,monthly,canceled,2025-08-20T21:33:45Z,9.99,USD
904780,105415,monthly,active,2026-01-20 04:20:46,9.99,USD
904781,104794,monthly,active,2025-10-11T01:35:56Z,9.99,USD
904782,104443,monthly,active,2025-10-22 09:41:17,9.99,USD
904783,102974,monthly,active,2025-10-24T12:02:09Z,9.99,USD
904784,102151,annual,active,2025-10-03T05:42:52Z,79.99,USD
904785,103604,monthly,active,2025-07-26T16:00:14Z,9.99,USD
904785,103604,monthly,canceled,2025-09-17T16:00:14Z,9.99,USD
904786,100801,monthly,active,2026-01-01T20:22:32Z,9.99,USD
904786,100801,monthly,canceled,2026-01-23T20:22:32Z,9.99,USD
904787,100389,free_trial,trialing,2025-07-22T02:50:49Z,0.0,USD
904787,100389,free_trial,expired,2025-07-31T02:50:49Z,0.0,USD
904788,103769,annual,active,2025-07-25T12:32:22Z,79.99,USD
904789,106098,monthly,active,2025-11-11T23:44:22Z,9.99,USD
904790,104050,free_trial,trialing,2025-12-13T18:11:11Z,0.0,USD
904790,104050,monthly,active,2025-12-19T18:11:11Z,9.99,USD
904790,104050,monthly,canceled,2026-03-29 13:11:11,9.99,USD
904791,100031,monthly,active,2025-07-31T08:36:57Z,9.99,USD
904791,100031,monthly,canceled,2025-08-20T08:36:57Z,9.99,USD
904792,106144,monthly,active,2026-02-16T07:31:22Z,9.99,USD
904792,106144,monthly,expired,2026-06-24T07:31:22Z,9.99,USD
904793,104460,annual,active,2025-09-04T18:58:16Z,79.99,USD
904793,104460,annual,canceled,2025-10-01 13:58:16,79.99,USD
904794,102438,annual,active,2026-02-07T07:01:50Z,79.99,USD
904795,103290,monthly,active,2026-01-10T16:39:16Z,9.99,USD
904795,103290,monthly,expired,2026-03-24T16:39:16Z,9.99,USD
904796,105569,monthly,active,2025-10-11T11:14:38Z,9.99,USD
904797,105363,monthly,active,2025-09-07T12:22:21Z,9.99,USD
904798,102071,monthly,active,2025-09-03T07:34:48Z,9.99,USD
904799,107144,free_trial,trialing,2025-08-20 14:46:50,0.0,USD
904799,107144,free_trial,expired,2025-08-27T19:46:50Z,0.0,USD
904800,102807,monthly,active,2025-12-23T17:23:33Z,9.99,USD
904800,102807,monthly,canceled,2026-03-23 12:23:33,9.99,USD
904801,102893,monthly,active,2025-08-25T00:18:59Z,9.99,USD
904801,102893,monthly,expired,2025-11-22T00:18:59Z,9.99,USD
904802,100949,free_trial,trialing,2026-02-13T00:39:49Z,0.0,USD
904802,100949,free_trial,expired,2026-02-23T00:39:49Z,0.0,USD
904803,100965,monthly,active,2025-10-28T17:31:59Z,9.99,USD
904804,101332,free_trial,trialing,2026-01-10T15:27:51Z,0.0,USD
904805,101375,free_trial,trialing,2026-02-03T10:04:38Z,0.0,USD
904805,101375,monthly,active,2026-02-07T10:04:38Z,9.99,USD
904806,101647,free_trial,trialing,2025-10-13T14:15:26Z,0.0,USD
904806,101647,monthly,active,2025-10-20T14:15:26Z,9.99,USD
904807,100016,monthly,active,2025-09-13 20:20:53,9.99,USD
904808,106140,free_trial,trialing,2025-12-13 17:32:13,0.0,USD
904808,106140,monthly,active,2025-12-27T22:32:13Z,9.99,USD
904808,106140,monthly,canceled,2026-02-28T22:32:13Z,9.99,USD
904809,103926,monthly,active,2025-08-21T23:39:30Z,9.99,GBP
904810,102326,monthly,active,2026-01-28T07:35:23Z,9.99,USD
904811,102737,annual,active,2025-09-13T04:53:00Z,79.99,USD
904811,102737,annual,canceled,2025-12-02T04:53:00Z,79.99,USD
904812,105766,monthly,active,2025-08-14T23:33:53Z,9.99,USD
904813,100623,monthly,active,2026-01-15 17:13:22,9.99,USD
904814,106419,annual,active,2025-12-06T23:39:56Z,79.99,USD
904815,104272,monthly,active,2025-12-31T01:01:52Z,9.99,USD
904816,103112,free_trial,trialing,2025-11-08T07:24:38Z,0.0,USD
904816,103112,free_trial,expired,2025-11-17T07:24:38Z,0.0,USD
904817,101673,free_trial,trialing,2025-10-01T23:06:10Z,0.0,USD
904817,101673,free_trial,expired,2025-10-13T23:06:10Z,0.0,USD
904818,102393,monthly,active,2025-10-12T04:24:40Z,9.99,USD
904819,100068,annual,active,2025-07-11T03:47:02Z,79.99,USD
904819,100068,annual,canceled,2025-11-06T03:47:02Z,79.99,USD
904820,103104,free_trial,trialing,2026-02-01T10:18:56Z,0.0,USD
904820,103104,free_trial,expired,2026-02-09T10:18:56Z,0.0,USD
904821,102630,free_trial,trialing,2026-01-23T23:55:09Z,0.0,USD
904821,102630,monthly,active,2026-02-01T23:55:09Z,9.99,USD
904821,102630,monthly,canceled,2026-04-26T23:55:09Z,9.99,USD
904822,102106,monthly,active,2025-08-21T06:25:55Z,9.99,USD
904823,101613,monthly,active,2025-08-01 14:21:05,9.99,USD
904824,106884,free_trial,trialing,2025-09-06T09:57:23Z,0.0,USD
904824,106884,free_trial,expired,2025-09-18T09:57:23Z,0.0,USD
904825,104712,monthly,active,2025-11-25T07:25:54Z,9.99,USD
904826,100118,free_trial,trialing,2026-01-16T10:34:38Z,0.0,USD
904826,100118,monthly,active,2026-01-22T10:34:38Z,9.99,USD
904827,107652,monthly,active,2026-01-15T00:59:32Z,9.99,USD
904828,106283,annual,active,2025-08-19T13:55:07Z,79.99,USD
904829,100373,annual,active,2026-02-01 06:11:35,79.99,USD
904830,102619,monthly,active,2025-07-03T23:36:30Z,9.99,USD
904831,106381,monthly,active,2025-07-18T14:56:06Z,9.99,USD
904832,100982,free_trial,trialing,2025-11-15T20:39:16Z,0.0,USD
904833,101080,monthly,active,2026-01-28T06:32:17Z,9.99,USD
904834,102319,free_trial,trialing,2025-10-15T18:23:52Z,0.0,USD
904834,102319,annual,active,2025-10-22T18:23:52Z,79.99,USD
904834,102319,annual,canceled,2026-01-25T18:23:52Z,79.99,USD
904835,102825,monthly,active,2025-07-25T20:26:21Z,9.99,USD
904836,102066,annual,active,2026-01-29T03:51:37Z,79.99,USD
904837,106654,monthly,active,2025-10-18T13:13:38Z,9.99,USD
904838,105665,monthly,active,2025-09-11 08:46:26,9.99,USD
904839,106282,monthly,active,2025-10-28T08:36:06Z,9.99,USD
904840,107522,monthly,active,2025-09-08T05:41:12Z,9.99,USD
904841,101210,free_trial,trialing,2025-09-08T18:24:47Z,0.0,USD
904841,101210,free_trial,expired,2025-09-21T18:24:47Z,0.0,USD
904842,100137,monthly,active,2025-10-27T02:26:39Z,9.99,USD
904843,106450,annual,active,2026-01-08T08:48:06Z,79.99,USD
904844,105060,monthly,active,2026-01-24 00:30:22,9.99,USD
904845,101146,monthly,active,2026-02-07T16:33:00Z,9.99,USD
904846,105303,free_trial,trialing,2025-09-25 10:08:38,0.0,USD
904846,105303,monthly,active,2025-10-09T15:08:38Z,9.99,USD
904847,103951,annual,active,2025-07-13T08:21:26Z,79.99,USD
904847,103951,annual,canceled,2025-09-20T08:21:26Z,79.99,USD
904848,103175,monthly,active,2025-10-11T03:02:48Z,9.99,USD
904848,103175,monthly,canceled,2025-11-28T03:02:48Z,9.99,USD
904849,107768,free_trial,trialing,2025-07-30T06:37:10Z,0.0,USD
904849,107768,monthly,active,2025-08-11 01:37:10,9.99,USD
904850,107420,monthly,active,2025-11-18T22:08:55Z,9.99,USD
904851,101318,monthly,active,2025-08-15T02:42:58Z,9.99,USD
904852,100976,free_trial,trialing,2025-09-15T14:59:06Z,0.0,USD
904852,100976,free_trial,expired,2025-09-29T14:59:06Z,0.0,USD
904853,100980,monthly,active,2025-11-26 01:06:27,9.99,USD
904854,106554,free_trial,trialing,2025-08-14T07:40:46Z,0.0,USD
904854,106554,annual,active,2025-08-22 02:40:46,79.99,USD
904854,106554,annual,canceled,2025-11-02 02:40:46,79.99,USD
904855,104974,monthly,active,2026-02-12T16:21:57Z,9.99,USD
904856,106375,free_trial,trialing,2025-12-10T19:32:59Z,0.0,USD
904856,106375,free_trial,expired,2025-12-19T19:32:59Z,0.0,USD
904857,105189,monthly,active,2026-02-11T00:39:01Z,9.99,USD
904858,106962,free_trial,trialing,2025-11-24T19:21:30Z,0.0,USD
904858,106962,annual,active,2025-12-05T19:21:30Z,79.99,USD
904859,100912,free_trial,trialing,2026-01-05T04:19:52Z,0.0,USD
904859,100912,free_trial,expired,2026-01-19T04:19:52Z,0.0,USD
904860,107299,free_trial,trialing,2025-11-06T23:36:55Z,0.0,USD
904861,102256,annual,active,2025-10-09T19:04:06Z,79.99,USD
904861,102256,annual,canceled,2026-01-29T19:04:06Z,79.99,USD
904862,101372,monthly,active,2026-01-28 11:17:52,9.99,USD
904862,101372,monthly,expired,2026-07-30T16:17:52Z,9.99,USD
904863,101120,annual,active,2025-10-19 17:27:36,79.99,USD
904864,105575,free_trial,trialing,2025-07-15T14:45:04Z,0.0,USD
904864,105575,free_trial,expired,2025-07-23T14:45:04Z,0.0,USD
904865,107141,monthly,active,2026-01-22T06:51:06Z,9.99,EUR
904866,104445,free_trial,trialing,2025-07-16T18:42:04Z,0.0,USD
904866,104445,annual,active,2025-07-20T18:42:04Z,79.99,USD
904866,104445,annual,canceled,2025-10-03T18:42:04Z,79.99,USD
904867,106036,free_trial,trialing,2025-10-21T05:40:33Z,0.0,USD
904868,100549,monthly,active,2026-02-09 17:39:52,9.99,USD
904869,105160,monthly,active,2025-12-28T23:21:51Z,9.99,USD
904870,102967,monthly,active,2025-11-18T17:37:37Z,9.99,USD
904871,100643,monthly,active,2025-10-05T12:30:30Z,9.99,USD
904871,100643,monthly,canceled,2025-10-25T12:30:30Z,9.99,USD
904872,103891,monthly,active,2025-10-02T14:32:29Z,9.99,USD
904873,104963,free_trial,trialing,2025-09-05T09:58:44Z,0.0,USD
904873,104963,free_trial,expired,2025-09-15T09:58:44Z,0.0,USD
904874,105999,monthly,active,2025-08-14T07:08:34Z,9.99,USD
904874,105999,monthly,expired,2026-02-06T07:08:34Z,9.99,USD
904875,106057,monthly,active,2025-09-01T04:20:40Z,9.99,USD
904876,103972,monthly,active,2025-07-21T12:39:14Z,9.99,USD
904877,101819,monthly,active,2025-12-26T02:28:48Z,9.99,USD
904877,101819,monthly,canceled,2026-05-16T02:28:48Z,9.99,USD
904878,101082,monthly,active,2025-12-11 07:49:58,9.99,USD
904879,104218,annual,active,2026-02-09 16:21:22,79.99,USD
904880,101500,monthly,active,2025-11-06T08:30:30Z,9.99,USD
904880,101500,monthly,canceled,2026-03-28T08:30:30Z,9.99,USD
904881,106531,monthly,active,2025-11-13T15:06:33Z,9.99,USD
904881,106531,monthly,canceled,2026-01-03T15:06:33Z,9.99,USD
904882,106363,monthly,active,2025-10-27T18:24:42Z,9.99,USD
904883,103407,annual,active,2026-01-03T06:41:24Z,79.99,USD
904884,107498,free_trial,trialing,2025-10-21T08:47:02Z,0.0,USD
904885,101350,free_trial,trialing,2025-07-11 04:17:58,0.0,USD
904885,101350,monthly,active,2025-07-24T09:17:58Z,9.99,USD
904886,107211,monthly,active,2026-01-22 01:04:56,9.99,USD
904887,103293,monthly,active,2025-10-11T04:42:58Z,9.99,USD
904888,101708,monthly,active,2026-02-17T18:11:34Z,9.99,USD
904889,106800,annual,active,2025-07-18T05:16:00Z,79.99,USD
904890,102506,free_trial,trialing,2025-10-29T11:15:42Z,0.0,USD
904890,102506,annual,active,2025-11-07 06:15:42,79.99,USD
904891,104163,free_trial,trialing,2025-09-01 12:49:57,0.0,USD
904891,104163,free_trial,expired,2025-09-14T17:49:57Z,0.0,USD
904892,101385,free_trial,trialing,2025-07-07 22:08:42,0.0,USD
904893,102206,monthly,active,2026-02-07T22:11:30Z,9.99,USD
904894,104647,monthly,active,2025-10-18 22:02:31,9.99,USD
904895,100353,free_trial,trialing,2025-12-29T10:47:16Z,0.0,USD
904895,100353,free_trial,expired,2026-01-06T10:47:16Z,0.0,USD
904896,104413,monthly,active,2025-08-02T18:56:25Z,9.99,USD
904897,101859,annual,active,2025-12-22 17:01:10,79.99,USD
904898,106740,free_trial,trialing,2025-09-01 10:19:38,0.0,USD
904898,106740,annual,active,2025-09-05T15:19:38Z,79.99,USD
904899,105292,monthly,active,2025-09-26 02:28:33,9.99,USD
904899,105292,monthly,canceled,2025-10-23T07:28:33Z,9.99,USD
904900,105809,monthly,active,2025-09-21 06:39:42,9.99,USD
904901,106708,free_trial,trialing,2025-11-05T21:43:22Z,0.0,USD
904901,106708,free_trial,expired,2025-11-17T21:43:22Z,0.0,USD
904902,105998,free_trial,trialing,2026-01-08T11:34:21Z,0.0,USD
904902,105998,free_trial,expired,2026-01-17T11:34:21Z,0.0,USD
904903,107683,free_trial,trialing,2025-10-21T01:11:51Z,0.0,USD
904903,107683,annual,active,2025-10-29T01:11:51Z,79.99,USD
904904,105184,annual,active,2025-10-21T11:20:57Z,79.99,USD
904904,105184,annual,canceled,2026-02-15 06:20:57,79.99,USD
904905,104022,free_trial,trialing,2025-10-12T00:37:17Z,0.0,USD
904906,107957,free_trial,trialing,2026-01-01T22:32:16Z,0.0,USD
904906,107957,monthly,active,2026-01-10T22:32:16Z,9.99,USD
904907,102557,free_trial,trialing,2025-07-19T05:57:21Z,0.0,USD
904907,102557,annual,active,2025-07-30T05:57:21Z,79.99,USD
904908,101021,free_trial,trialing,2025-12-02T15:29:20Z,0.0,USD
904908,101021,free_trial,expired,2025-12-10T15:29:20Z,0.0,USD
904909,100459,monthly,active,2025-12-05T04:01:55Z,9.99,USD
904910,107635,monthly,active,2025-08-24T22:21:43Z,9.99,USD
904910,107635,monthly,canceled,2025-12-05T22:21:43Z,9.99,USD
904911,100657,free_trial,trialing,2025-08-27T10:59:29Z,0.0,USD
904912,105801,monthly,active,2025-12-17T02:28:36Z,9.99,USD
904913,105593,monthly,active,2026-01-26T03:00:20Z,9.99,USD
904913,105593,monthly,canceled,2026-03-08T03:00:20Z,9.99,USD
904914,106265,annual,active,2026-02-03T20:38:36Z,79.99,USD
904915,107555,monthly,active,2026-01-18T10:02:35Z,9.99,USD
904916,101298,annual,active,2025-08-22T13:59:53Z,79.99,USD
904917,106643,annual,active,2025-07-23T07:35:21Z,79.99,USD
904917,106643,annual,canceled,2025-11-15T07:35:21Z,79.99,USD
904918,100316,free_trial,trialing,2025-11-29 22:10:17,0.0,USD
904919,103732,annual,active,2026-02-18T09:09:38Z,79.99,USD
904920,105267,free_trial,trialing,2025-09-15T03:27:51Z,0.0,USD
904920,105267,monthly,active,2025-09-24T03:27:51Z,9.99,USD
904921,102140,annual,active,2025-09-15T08:01:01Z,79.99,USD
904922,102166,monthly,active,2025-09-18T21:56:16Z,9.99,USD
904922,102166,monthly,canceled,2026-01-02 16:56:16,9.99,USD
904923,107814,monthly,active,2025-09-23T05:59:22Z,9.99,USD
904924,100665,free_trial,trialing,2025-09-13T04:56:43Z,0.0,USD
904924,100665,free_trial,expired,2025-09-01T04:56:43Z,0.0,USD
904925,103390,annual,active,2025-09-09T18:16:24Z,79.99,USD
904926,104775,monthly,active,2025-11-18 03:09:51,9.99,USD
904927,107153,free_trial,trialing,2025-07-31T11:18:03Z,0.0,USD
904927,107153,annual,active,2025-08-09 06:18:03,79.99,USD
904928,104567,annual,active,2025-12-25T01:31:07Z,79.99,USD
904928,104567,annual,canceled,2026-03-05T01:31:07Z,79.99,USD
904929,100162,annual,active,2025-08-18T18:32:45Z,79.99,USD
904929,100162,annual,canceled,2025-09-24T18:32:45Z,79.99,USD
904930,103649,free_trial,trialing,2025-12-28T16:20:56Z,0.0,USD
904930,103649,monthly,active,2026-01-09T16:20:56Z,9.99,USD
904931,106110,monthly,active,2025-12-17T12:20:06Z,9.99,USD
904932,105300,monthly,active,2025-07-19T21:09:10Z,9.99,USD
904932,105300,monthly,canceled,2025-08-13T21:09:10Z,9.99,USD
904933,101627,free_trial,trialing,2025-08-12T02:25:05Z,0.0,USD
904933,101627,monthly,active,2025-08-22T02:25:05Z,9.99,USD
904933,101627,monthly,canceled,2025-11-15 21:25:05,9.99,USD
904934,101202,monthly,active,2025-09-15T21:27:24Z,9.99,USD
904935,102152,annual,active,2025-11-30T02:32:00Z,79.99,USD
904936,107695,free_trial,trialing,2025-08-21T08:34:11Z,0.0,USD
904936,107695,free_trial,expired,2025-09-04T08:34:11Z,0.0,USD
904937,100169,free_trial,trialing,2025-11-17 17:07:27,0.0,USD
904937,100169,monthly,active,2025-11-25T22:07:27Z,9.99,USD
904937,100169,monthly,canceled,2025-11-05T22:07:27Z,9.99,USD
904938,102325,free_trial,trialing,2025-09-12T20:26:23Z,0.0,USD
904938,102325,free_trial,expired,2025-09-20T20:26:23Z,0.0,USD
904939,103070,monthly,active,2025-07-18T02:40:52Z,9.99,USD
904939,103070,monthly,canceled,2025-09-05T02:40:52Z,9.99,USD
904940,107374,monthly,active,2026-02-12T15:20:48Z,9.99,USD
904940,107374,monthly,canceled,2026-04-03T15:20:48Z,9.99,USD
904941,107449,annual,active,2026-01-15T03:39:40Z,79.99,USD
904942,101328,free_trial,trialing,2025-10-18 21:21:06,0.0,USD
904942,101328,annual,active,2025-10-30T02:21:06Z,79.99,USD
904942,101328,annual,canceled,2026-01-15T02:21:06Z,79.99,USD
904943,107837,annual,active,2025-09-04T17:17:27Z,79.99,USD
904944,103318,free_trial,trialing,2025-10-13T20:22:43Z,0.0,USD
904944,103318,free_trial,expired,2025-10-27T20:22:43Z,0.0,USD
904945,100561,annual,active,2025-08-07T18:35:30Z,79.99,USD
904946,100053,free_trial,trialing,2025-10-18 09:28:02,0.0,USD
904946,100053,free_trial,expired,2025-10-27T14:28:02Z,0.0,USD
904947,106864,monthly,active,2025-07-04T02:02:12Z,9.99,USD
904948,105731,free_trial,trialing,2025-11-13T00:27:16Z,0.0,USD
904948,105731,free_trial,expired,2025-11-25T00:27:16Z,0.0,USD
904949,103279,monthly,active,2026-01-02T12:04:26Z,9.99,USD
904949,103279,monthly,canceled,2026-02-14T12:04:26Z,9.99,USD
904950,106965,free_trial,trialing,2025-11-20T19:28:13Z,0.0,USD
904950,106965,free_trial,expired,2025-11-27T19:28:13Z,0.0,USD
904951,103221,annual,active,2025-10-11T10:11:23Z,79.99,USD
904951,103221,annual,canceled,2025-12-26T10:11:23Z,79.99,USD
904952,103284,monthly,active,2025-10-05 09:42:37,9.99,USD
904952,103284,monthly,expired,2026-04-09T14:42:37Z,9.99,USD
904953,102559,monthly,active,2025-12-26 06:14:26,9.99,GBP
904953,102559,monthly,canceled,2026-04-13T11:14:26Z,9.99,USD
904954,100627,monthly,active,2025-07-19 07:26:07,9.99,USD
904955,102810,free_trial,trialing,2025-08-15T10:01:01Z,0.0,USD
904955,102810,free_trial,expired,2025-08-29T10:01:01Z,0.0,USD
904956,105940,monthly,active,2026-01-09T20:40:48Z,9.99,USD
904957,106787,monthly,active,2026-01-25 15:48:59,9.99,USD
904957,106787,monthly,canceled,2026-04-05T20:48:59Z,9.99,USD
904958,101873,monthly,active,2026-02-14T16:29:56Z,9.99,USD
904958,101873,monthly,expired,2026-03-11T16:29:56Z,9.99,USD
904959,103698,monthly,active,2025-09-10T15:44:24Z,9.99,USD
904959,103698,monthly,expired,2025-12-16 10:44:24,9.99,USD
904960,106265,monthly,active,2025-08-26T22:46:55Z,9.99,USD
904961,102516,free_trial,trialing,2025-09-17T07:46:55Z,0.0,USD
904961,102516,annual,active,2025-09-27T07:46:55Z,79.99,USD
904962,100865,annual,active,2025-08-16T04:58:08Z,79.99,USD
904963,101655,annual,active,2025-07-11T03:21:23Z,79.99,USD
904963,101655,annual,canceled,2025-08-22T03:21:23Z,79.99,USD
904964,101876,free_trial,trialing,2025-12-23T19:33:25Z,0.0,USD
904964,101876,free_trial,expired,2025-12-31T19:33:25Z,0.0,USD
904965,101234,free_trial,trialing,2025-08-14T03:59:36Z,0.0,USD
904965,101234,free_trial,expired,2025-08-21T03:59:36Z,0.0,USD
904966,106469,free_trial,trialing,2026-01-20T05:17:16Z,0.0,USD
904966,106469,free_trial,expired,2026-02-02T05:17:16Z,0.0,USD
904967,101474,free_trial,trialing,2025-12-26T18:32:41Z,0.0,USD
904967,101474,monthly,active,2026-01-09T18:32:41Z,9.99,USD
904967,101474,monthly,canceled,2026-02-22T18:32:41Z,9.99,USD
904968,106556,annual,active,2025-07-29T07:33:50Z,79.99,USD
904969,103728,monthly,active,2026-01-23 06:42:46,9.99,USD
904970,102141,free_trial,trialing,2025-09-06T08:37:01Z,0.0,USD
904970,102141,monthly,active,2025-09-15T08:37:01Z,9.99,USD
904970,102141,monthly,canceled,2025-11-30T08:37:01Z,9.99,USD
904971,101545,monthly,active,2026-02-10T17:27:24Z,9.99,USD
904972,101152,free_trial,trialing,2025-11-30T21:20:24Z,0.0,USD
904972,101152,annual,active,2025-12-03T21:20:24Z,79.99,USD
904973,101256,free_trial,trialing,2025-12-10T05:29:30Z,0.0,USD
904974,103027,monthly,active,2025-07-25T01:58:06Z,9.99,USD
904974,103027,monthly,expired,2025-10-03T01:58:06Z,9.99,USD
904975,100973,annual,active,2026-01-16T10:38:14Z,79.99,USD
904975,100973,annual,canceled,2026-02-10T10:38:14Z,79.99,USD
904976,105198,annual,active,2025-08-31T10:48:04Z,79.99,USD
904976,105198,annual,canceled,2025-11-03T10:48:04Z,79.99,USD
904977,107979,free_trial,trialing,2025-11-27T12:04:11Z,0.0,USD
904978,103845,monthly,active,2025-11-20T11:58:55Z,9.99,USD
904979,107240,monthly,active,2025-09-14T13:42:39Z,9.99,USD
904980,106705,monthly,active,2025-08-19T16:11:24Z,9.99,USD
904980,106705,monthly,canceled,2025-11-19T16:11:24Z,9.99,USD
904981,102003,free_trial,trialing,2025-12-03 07:52:30,0.0,USD
904982,106623,monthly,active,2026-02-11 03:24:27,9.99,USD
904983,106668,annual,active,2025-12-20T23:21:24Z,79.99,USD
904984,101152,monthly,active,2026-02-10T23:58:03Z,9.99,USD
904985,101929,monthly,active,2025-12-18T03:06:33Z,9.99,USD
904986,103404,annual,active,2025-10-22T04:37:56Z,79.99,USD
904987,106932,monthly,active,2025-10-10 00:03:45,9.99,USD
904988,107505,free_trial,trialing,2025-09-17T03:57:21Z,0.0,USD
904988,107505,free_trial,expired,2025-09-28T03:57:21Z,0.0,USD
904989,103818,free_trial,trialing,2026-01-28T22:13:41Z,0.0,USD
904989,103818,annual,active,2026-02-05T22:13:41Z,79.99,USD
904990,107651,monthly,active,2025-07-07T11:40:32Z,9.99,USD
904991,101004,monthly,active,2025-08-05T02:41:49Z,9.99,USD
904991,101004,monthly,canceled,2025-11-16 21:41:49,9.99,USD
904992,107135,free_trial,trialing,2026-01-08T03:16:29Z,0.0,USD
904992,107135,annual,active,2026-01-13 22:16:29,79.99,USD
904993,100249,monthly,active,2025-09-25T12:21:14Z,9.99,USD
904994,107666,free_trial,trialing,2026-01-21T03:53:58Z,0.0,USD
904995,101222,monthly,active,2026-01-04T05:14:01Z,9.99,USD
904996,100020,monthly,active,2025-07-14T16:03:04Z,9.99,USD
904996,100020,monthly,canceled,2025-08-09T16:03:04Z,9.99,USD
904997,100735,monthly,active,2025-09-24T17:19:19Z,9.99,USD
904998,106026,annual,active,2026-02-10T16:16:54Z,79.99,USD
904999,106603,free_trial,trialing,2025-08-26T05:09:18Z,0.0,USD
905000,106079,monthly,active,2025-12-29T17:17:35Z,9.99,USD
905000,106079,monthly,canceled,2026-05-10T17:17:35Z,9.99,USD
905001,104379,free_trial,trialing,2025-10-09T09:52:08Z,0.0,USD
905002,103116,monthly,active,2025-09-26 00:51:21,9.99,USD
905003,105481,monthly,active,2025-11-21T03:13:15Z,9.99,USD
905003,105481,monthly,canceled,2025-12-24T03:13:15Z,9.99,USD
905004,101652,monthly,active,2025-08-27T11:47:36Z,9.99,USD
905004,101652,monthly,canceled,2025-08-25T11:47:36Z,9.99,USD
905005,100597,monthly,active,2025-11-25 01:05:16,9.99,USD
905006,106536,annual,active,2025-12-24 13:56:38,79.99,USD
905006,106536,annual,canceled,2026-03-21T18:56:38Z,79.99,USD
905007,103189,monthly,active,2026-01-15T11:20:03Z,9.99,USD
905007,103189,monthly,canceled,2026-06-14T11:20:03Z,9.99,USD
905008,102293,free_trial,trialing,2026-01-30T18:20:22Z,0.0,USD
905008,102293,annual,active,2026-02-10T18:20:22Z,79.99,USD
905009,105144,monthly,active,2026-02-18T11:49:01Z,9.99,USD
905010,101827,annual,active,2025-07-11T18:16:49Z,79.99,USD
905011,102524,monthly,active,2025-09-25T17:08:58Z,9.99,USD
905011,102524,monthly,expired,2025-11-07 12:08:58,9.99,USD
905012,107462,annual,active,2025-10-17 11:10:05,79.99,USD
905013,101879,annual,active,2025-11-02T06:46:55Z,79.99,USD
905014,102083,annual,active,2025-10-10 16:35:14,79.99,USD
905015,102936,free_trial,trialing,2025-11-05T18:35:41Z,0.0,USD
905015,102936,annual,active,2025-11-12T18:35:41Z,79.99,USD
905016,107848,monthly,active,2025-10-06T09:04:46Z,9.99,USD
905017,103453,monthly,active,2025-12-14 08:14:40,9.99,USD
905018,103881,annual,active,2025-07-11T20:48:50Z,79.99,USD
905018,103881,annual,canceled,2025-11-26T20:48:50Z,79.99,USD
905019,100608,free_trial,trialing,2025-11-09 03:50:43,0.0,USD
905019,100608,monthly,active,2025-11-15T08:50:43Z,9.99,USD
905020,107906,monthly,active,2025-08-20T15:06:00Z,9.99,USD
905020,107906,monthly,canceled,2025-12-06T15:06:00Z,9.99,USD
905021,101824,annual,active,2025-08-20T03:03:29Z,79.99,USD
905022,104308,monthly,active,2026-01-27T15:48:02Z,9.99,USD
905023,105420,annual,active,2025-12-24T19:52:14Z,79.99,USD
905024,107753,monthly,active,2026-02-12T18:02:01Z,9.99,USD
905025,101454,monthly,active,2026-02-09T06:40:38Z,9.99,USD
905026,100864,monthly,active,2025-09-01 14:33:05,9.99,USD
905026,100864,monthly,expired,2026-03-13T19:33:05Z,9.99,USD
905027,104453,monthly,active,2025-07-11T03:32:04Z,9.99,USD
905028,107590,monthly,active,2025-08-27T17:35:14Z,9.99,USD
905029,104812,monthly,active,2025-07-15T02:34:30Z,9.99,USD
905029,104812,monthly,canceled,2025-10-09 21:34:30,9.99,USD
905030,103079,monthly,active,2025-11-06T21:45:50Z,9.99,USD
905031,102512,monthly,active,2025-09-18T19:24:06Z,9.99,USD
905031,102512,monthly,expired,2025-10-18T19:24:06Z,9.99,USD
905032,103830,annual,active,2025-10-22T06:52:11Z,79.99,USD
905033,100885,monthly,active,2025-07-09 14:16:04,9.99,USD
905033,100885,monthly,canceled,2025-09-05T19:16:04Z,9.99,USD
905034,101121,free_trial,trialing,2025-09-02T06:41:41Z,0.0,USD
905034,101121,annual,active,2025-09-08T06:41:41Z,79.99,USD
905035,102399,monthly,active,2025-09-07T15:46:18Z,9.99,USD
905035,102399,monthly,expired,2026-02-17T15:46:18Z,9.99,USD
905036,106266,monthly,active,2025-11-27 08:15:52,9.99,USD
905037,102498,free_trial,trialing,2025-07-29 10:18:50,0.0,USD
905038,107659,annual,active,2025-10-03T09:07:04Z,79.99,USD
905038,107659,annual,canceled,2025-11-27T09:07:04Z,79.99,USD
905039,107215,free_trial,trialing,2025-11-09T19:24:51Z,0.0,USD
905040,105000,monthly,active,2025-09-11T13:46:18Z,9.99,USD
905041,101045,monthly,active,2026-02-04T01:00:11Z,9.99,USD
905042,107628,monthly,active,2025-12-26T21:00:16Z,9.99,USD
905043,100627,annual,active,2025-08-13T11:27:43Z,79.99,USD
905044,105379,monthly,active,2025-12-02T01:43:24Z,9.99,USD
905044,105379,monthly,canceled,2026-02-05 20:43:24,9.99,USD
905045,101885,monthly,active,2026-02-13T07:08:09Z,9.99,USD
905045,101885,monthly,canceled,2026-06-15T07:08:09Z,9.99,USD
905046,105552,free_trial,trialing,2025-08-04T07:58:46Z,0.0,USD
905046,105552,annual,active,2025-08-10 02:58:46,79.99,USD
905047,107101,monthly,active,2026-02-16T17:24:13Z,9.99,USD
905048,102815,monthly,active,2025-07-10T22:53:50Z,9.99,USD
905049,100524,free_trial,trialing,2025-12-30T19:30:19Z,0.0,USD
905049,100524,annual,active,2026-01-04T19:30:19Z,79.99,USD
905050,100323,annual,active,2026-02-13T14:40:37Z,79.99,USD
905050,100323,annual,canceled,2026-07-04T14:40:37Z,79.99,USD
905051,102223,monthly,active,2026-01-03T17:26:41Z,9.99,USD
905052,103742,monthly,active,2025-09-21T20:58:09Z,9.99,USD
905053,107582,monthly,active,2025-08-10T11:29:58Z,9.99,USD
905054,106867,free_trial,trialing,2025-09-25T01:13:57Z,0.0,USD
905054,106867,annual,active,2025-09-30T01:13:57Z,79.99,USD
905055,103302,monthly,active,2025-07-27T20:19:00Z,9.99,USD
905056,106265,annual,active,2025-10-12T13:08:03Z,79.99,USD
905057,104820,monthly,active,2025-12-24 02:53:42,9.99,USD
905057,104820,monthly,expired,2026-06-05T07:53:42Z,9.99,USD
905058,106328,monthly,active,2025-11-19 22:42:41,9.99,USD
905058,106328,monthly,expired,2026-05-01T03:42:41Z,9.99,USD
905059,106111,monthly,active,2026-01-08 15:57:31,9.99,USD
905059,106111,monthly,expired,2026-03-09T20:57:31Z,9.99,USD
905060,100006,annual,active,2026-01-06 22:19:36,79.99,USD
905060,100006,annual,canceled,2026-03-03 22:19:36,79.99,USD
905061,103308,annual,active,2025-09-11T03:13:48Z,79.99,USD
905061,103308,annual,canceled,2025-10-02 22:13:48,79.99,USD
905062,104496,annual,active,2026-01-17T02:50:22Z,79.99,USD
905063,101473,annual,active,2026-01-19T23:30:01Z,79.99,USD
905063,101473,annual,expired,2026-05-05T23:30:01Z,79.99,USD
905064,100440,monthly,active,2025-08-14T17:47:57Z,9.99,USD
905064,100440,monthly,canceled,2025-10-21T17:47:57Z,9.99,USD
905065,105897,annual,active,2025-10-31T07:37:40Z,79.99,USD
905065,105897,annual,canceled,2026-03-22 02:37:40,79.99,USD
905066,104661,free_trial,trialing,2025-12-01T02:28:46Z,0.0,USD
905066,104661,free_trial,expired,2025-12-14 21:28:46,0.0,USD
905067,102650,annual,active,2025-07-04T09:26:54Z,79.99,USD
905068,107683,monthly,active,2025-11-29 15:51:58,9.99,USD
905068,107683,monthly,canceled,2026-04-14T20:51:58Z,9.99,GBP
905069,106235,monthly,active,2025-10-30T17:35:11Z,9.99,USD
905069,106235,monthly,canceled,2025-11-27 12:35:11,9.99,USD
905070,105015,monthly,active,2026-01-04T18:57:13Z,9.99,USD
905071,103869,free_trial,trialing,2025-09-10T10:34:20Z,0.0,USD
905071,103869,monthly,active,2025-09-18T10:34:20Z,9.99,USD
905072,101869,free_trial,trialing,2025-11-13T15:02:39Z,0.0,USD
905072,101869,monthly,active,2025-11-25T15:02:39Z,9.99,USD
905073,106214,monthly,active,2025-07-30 14:39:49,9.99,USD
905073,106214,monthly,canceled,2025-09-23T19:39:49Z,9.99,USD
905074,103929,monthly,active,2026-01-11T15:03:40Z,9.99,USD
905075,100951,annual,active,2025-12-31 04:05:42,79.99,USD
905076,107896,annual,active,2025-07-14T20:21:21Z,79.99,USD
905077,107347,annual,active,2025-10-12T16:20:56Z,79.99,USD
905078,105936,free_trial,trialing,2026-01-15T19:17:16Z,0.0,USD
905078,105936,monthly,active,2026-01-18T19:17:16Z,9.99,USD
905079,104842,monthly,active,2026-01-31T12:43:09Z,9.99,USD
905080,100639,monthly,active,2025-07-03 18:21:16,9.99,USD
905080,100639,monthly,expired,2025-11-28T23:21:16Z,9.99,USD
905081,107584,annual,active,2025-11-23T16:19:34Z,79.99,USD
905082,103480,monthly,active,2026-02-18T20:12:21Z,9.99,USD
905083,102748,monthly,active,2025-12-28T06:00:30Z,9.99,USD
905084,102152,monthly,active,2025-12-12T01:50:37Z,9.99,USD
905084,102152,monthly,canceled,2026-04-07T01:50:37Z,9.99,USD
905085,105499,free_trial,trialing,2025-08-30 02:26:45,0.0,USD
905085,105499,monthly,active,2025-09-04T07:26:45Z,9.99,USD
905085,105499,monthly,canceled,2025-11-02T07:26:45Z,9.99,USD
905086,101470,monthly,active,2025-08-29T18:51:57Z,9.99,USD
905086,101470,monthly,canceled,2025-11-10T18:51:57Z,9.99,USD
905087,102985,free_trial,trialing,2025-09-18T18:22:06Z,0.0,USD
905087,102985,free_trial,expired,2025-09-29T18:22:06Z,0.0,USD
905088,101494,monthly,active,2025-11-30T21:42:27Z,9.99,USD
905089,100364,annual,active,2025-07-22 17:15:07,79.99,EUR
905090,106134,monthly,active,2025-11-20T16:23:19Z,9.99,USD
905091,107917,monthly,active,2025-09-08T21:49:24Z,9.99,USD
905092,104021,monthly,active,2025-11-20T01:47:42Z,9.99,USD
905093,107501,monthly,active,2025-10-11T21:27:22Z,9.99,USD
905094,102566,monthly,active,2026-01-27T11:47:04Z,9.99,USD
905095,100152,annual,active,2025-09-27T08:42:02Z,79.99,USD
905096,106698,free_trial,trialing,2026-01-12T08:26:39Z,0.0,USD
905096,106698,free_trial,expired,2026-01-20 03:26:39,0.0,USD
905097,101287,free_trial,trialing,2025-09-10T15:50:55Z,0.0,USD
905097,101287,monthly,active,2025-09-24 10:50:55,9.99,USD
905097,101287,monthly,canceled,2026-01-18T15:50:55Z,9.99,USD
905098,106002,monthly,active,2025-08-17T12:43:13Z,9.99,USD
905099,103810,free_trial,trialing,2025-11-02T11:53:33Z,0.0,USD
905099,103810,free_trial,expired,2025-11-14T11:53:33Z,0.0,USD
905100,102075,monthly,active,2025-10-24T07:44:29Z,9.99,USD
905100,102075,monthly,canceled,2025-11-14T07:44:29Z,9.99,USD
905101,101596,monthly,active,2025-10-24T09:24:39Z,9.99,USD
905102,106477,monthly,active,2025-09-12 14:35:27,9.99,USD
905103,104327,free_trial,trialing,2025-11-20T17:52:02Z,0.0,USD
905103,104327,annual,active,2025-11-25 12:52:02,79.99,USD
905104,101087,monthly,active,2026-02-07T04:25:02Z,9.99,USD
905105,102686,monthly,active,2026-01-07T13:40:55Z,9.99,USD
905106,104160,monthly,active,2025-08-31T16:23:04Z,9.99,USD
905107,101827,monthly,active,2026-01-31T08:08:42Z,9.99,USD
905108,101838,free_trial,trialing,2026-01-17T04:50:38Z,0.0,USD
905108,101838,monthly,active,2026-01-20T04:50:38Z,9.99,USD
905108,101838,monthly,canceled,2026-03-10T04:50:38Z,9.99,USD
905109,101898,monthly,active,2025-11-16T09:28:26Z,9.99,USD
905109,101898,monthly,canceled,2026-01-02T09:28:26Z,9.99,USD
905110,102842,monthly,active,2026-01-29T05:01:06Z,9.99,USD
905111,107077,annual,active,2025-09-25T11:49:45Z,79.99,USD
905112,107846,monthly,active,2026-01-18 22:03:41,9.99,USD
905113,103771,monthly,active,2025-10-05T14:56:40Z,9.99,USD
905114,102285,free_trial,trialing,2025-09-19T19:16:26Z,0.0,USD
905114,102285,free_trial,expired,2025-09-27T19:16:26Z,0.0,USD
905115,107007,annual,active,2025-08-05T05:29:08Z,79.99,USD
905116,105653,free_trial,trialing,2025-07-17T15:41:47Z,0.0,USD
905117,105837,free_trial,trialing,2025-08-12T17:55:46Z,0.0,USD
905117,105837,free_trial,expired,2025-08-20T17:55:46Z,0.0,USD
905118,106110,annual,active,2026-01-01T09:56:07Z,79.99,USD
905118,106110,annual,canceled,2026-02-11T09:56:07Z,79.99,USD
905119,104276,monthly,active,2025-12-13 20:00:27,9.99,USD
905120,104962,free_trial,trialing,2025-08-22T19:21:27Z,0.0,USD
905121,104872,monthly,active,2025-11-23T14:20:44Z,9.99,USD
905121,104872,monthly,canceled,2026-02-06 09:20:44,9.99,USD
905122,104663,free_trial,trialing,2025-12-01T01:05:16Z,0.0,USD
905122,104663,free_trial,expired,2025-12-12 20:05:16,0.0,USD
905123,101196,free_trial,trialing,2026-02-09T09:35:06Z,0.0,USD
905123,101196,monthly,active,2026-02-22T09:35:06Z,9.99,USD
905124,107184,free_trial,trialing,2025-11-08 08:35:45,0.0,USD
905124,107184,annual,active,2025-11-20T13:35:45Z,79.99,USD
905125,100512,free_trial,trialing,2026-01-08T05:20:25Z,0.0,USD
905125,100512,monthly,active,2026-01-16T05:20:25Z,9.99,USD
905126,101587,annual,active,2025-11-23T11:18:56Z,79.99,USD
905127,100279,monthly,active,2025-07-31 04:01:24,9.99,USD
905128,105455,free_trial,trialing,2025-09-06T04:34:52Z,0.0,USD
905128,105455,monthly,active,2025-09-14T04:34:52Z,9.99,USD
905128,105455,monthly,canceled,2025-10-08 23:34:52,9.99,USD
905129,101096,monthly,active,2025-07-05T23:40:09Z,9.99,USD
905130,100077,monthly,active,2026-01-27 10:51:48,9.99,USD
905131,104750,free_trial,trialing,2025-10-04 03:24:56,0.0,USD
905131,104750,annual,active,2025-10-12T08:24:56Z,79.99,USD
905132,101500,annual,active,2026-02-03T14:28:05Z,79.99,USD
905133,103543,free_trial,trialing,2025-07-20T02:10:45Z,0.0,USD
905134,103730,annual,active,2026-01-31T22:51:48Z,79.99,USD
905134,103730,annual,canceled,2026-02-27T22:51:48Z,79.99,USD
905135,106418,annual,active,2025-11-28T09:24:57Z,79.99,USD
905136,104903,free_trial,trialing,2025-08-13T21:12:17Z,0.0,USD
905136,104903,annual,active,2025-08-21 16:12:17,79.99,USD
905137,105311,annual,active,2025-10-24T22:57:54Z,79.99,USD
905138,103606,free_trial,trialing,2026-01-01T15:53:30Z,0.0,USD
905139,100075,monthly,active,2025-09-02T21:09:31Z,9.99,USD
905140,103129,monthly,active,2026-01-21T05:22:40Z,9.99,USD
905141,103508,annual,active,2026-01-06T14:20:36Z,79.99,USD
905142,107508,free_trial,trialing,2025-09-25 00:35:02,0.0,USD
905142,107508,annual,active,2025-10-04T05:35:02Z,79.99,USD
905143,100267,annual,active,2025-09-12T12:09:54Z,79.99,USD
905144,101202,free_trial,trialing,2025-09-20 18:56:26,0.0,USD
905144,101202,annual,active,2025-10-04T23:56:26Z,79.99,USD
905144,101202,annual,canceled,2026-01-05 18:56:26,79.99,USD
905145,102269,free_trial,trialing,2026-01-30 00:55:54,0.0,USD
905145,102269,monthly,active,2026-02-11T05:55:54Z,9.99,USD
905145,102269,monthly,canceled,2026-03-30T05:55:54Z,9.99,USD
905146,103888,free_trial,trialing,2025-10-07T00:16:09Z,0.0,USD
905146,103888,annual,active,2025-10-12T00:16:09Z,79.99,USD
905146,103888,annual,canceled,2025-12-02T00:16:09Z,79.99,USD
905147,103306,free_trial,trialing,2026-02-06T20:07:37Z,0.0,USD
905147,103306,free_trial,expired,2026-02-15T20:07:37Z,0.0,USD
905148,105271,annual,active,2025-10-25 18:58:26,79.99,USD
905149,107776,monthly,active,2025-09-05T03:43:35Z,9.99,USD
905149,107776,monthly,canceled,2025-09-23T03:43:35Z,9.99,USD
905150,105176,monthly,active,2026-01-25T23:14:28Z,9.99,USD
905150,105176,monthly,expired,2026-03-07T23:14:28Z,9.99,USD
905151,107258,monthly,active,2026-01-04T21:46:38Z,9.99,USD
905151,107258,monthly,canceled,2026-01-29 16:46:38,9.99,USD
905152,101557,monthly,active,2025-10-26T10:07:37Z,9.99,USD
905153,103246,free_trial,trialing,2026-01-12T23:38:27Z,0.0,USD
905153,103246,free_trial,expired,2026-01-21 18:38:27,0.0,USD
905154,107769,monthly,active,2026-01-11T11:41:03Z,9.99,USD
905155,102408,annual,active,2025-12-26T14:54:34Z,79.99,USD
905155,102408,annual,expired,2026-02-27 09:54:34,79.99,USD
905156,101195,monthly,active,2025-07-10T07:21:24Z,9.99,USD
905156,101195,monthly,canceled,2025-11-16T07:21:24Z,9.99,USD
905157,105188,annual,active,2025-07-22T14:42:12Z,79.99,USD
905157,105188,annual,canceled,2025-09-29T14:42:12Z,79.99,USD
905158,100267,monthly,active,2025-07-27T04:17:06Z,9.99,USD
905159,105087,free_trial,trialing,2026-02-04T18:43:28Z,0.0,USD
905160,101332,annual,active,2025-12-21T04:27:27Z,79.99,USD
905161,102324,free_trial,trialing,2025-07-21T12:51:06Z,0.0,USD
905161,102324,monthly,active,2025-08-03T12:51:06Z,9.99,USD
905162,103915,annual,active,2025-08-19T16:10:40Z,79.99,USD
905163,104763,monthly,active,2025-08-03T10:25:05Z,9.99,USD
905164,103558,monthly,active,2025-07-14T09:57:52Z,9.99,USD
905165,103163,monthly,active,2026-02-09T00:10:29Z,9.99,USD
905165,103163,monthly,canceled,2026-03-27T00:10:29Z,9.99,USD
905166,105384,monthly,active,2025-09-28T08:10:12Z,9.99,USD
905167,106686,monthly,active,2025-10-24T05:22:55Z,9.99,USD
905167,106686,monthly,expired,2025-12-10T05:22:55Z,9.99,USD
905168,105055,annual,active,2025-09-01T23:02:15Z,79.99,USD
905169,101433,monthly,active,2025-07-21T21:30:33Z,9.99,USD
905170,107371,monthly,active,2025-07-27T18:50:52Z,9.99,USD
905170,107371,monthly,canceled,2025-11-19T18:50:52Z,9.99,USD
905171,107955,monthly,active,2025-11-14 01:21:53,9.99,USD
905171,107955,monthly,canceled,2026-03-25T06:21:53Z,9.99,USD
905172,107642,annual,active,2025-07-13T13:18:29Z,79.99,USD
905173,100425,monthly,active,2025-08-18T00:32:25Z,9.99,USD
905174,106487,free_trial,trialing,2025-09-15T02:16:07Z,0.0,USD
905174,106487,annual,active,2025-09-27T02:16:07Z,79.99,USD
905175,103473,monthly,active,2025-07-30 06:15:41,9.99,USD
905176,107648,annual,active,2026-02-07T15:44:22Z,79.99,USD
905177,101314,free_trial,trialing,2025-10-18 23:00:21,0.0,USD
905177,101314,free_trial,expired,2025-11-01T04:00:21Z,0.0,USD
905178,106133,free_trial,trialing,2025-11-02T13:23:54Z,0.0,USD
905178,106133,monthly,active,2025-11-09T13:23:54Z,9.99,USD
905179,320311,monthly,active,2025-11-23 13:25:35,9.99,USD
905180,101161,annual,active,2025-10-16T17:44:02Z,79.99,USD
905180,101161,annual,canceled,2025-11-06T17:44:02Z,79.99,USD
905181,101202,annual,active,2025-07-09 13:12:35,79.99,USD
905181,101202,annual,canceled,2025-10-06T18:12:35Z,79.99,USD
905182,105402,free_trial,trialing,2026-02-12T03:56:09Z,0.0,USD
905182,105402,monthly,active,2026-02-19T03:56:09Z,9.99,USD
905183,103468,monthly,active,2025-07-14T14:44:41Z,9.99,USD
905184,107919,free_trial,trialing,2025-07-06 16:03:13,0.0,USD
905184,107919,free_trial,expired,2025-07-15 16:03:13,0.0,USD
905185,104613,monthly,active,2025-08-26T18:09:20Z,9.99,USD
905185,104613,monthly,canceled,2025-08-24T18:09:20Z,9.99,USD
905186,106507,annual,active,2025-10-29T07:16:36Z,79.99,USD
905186,106507,annual,expired,2025-11-29T07:16:36Z,79.99,USD
905187,102953,annual,active,2026-02-11T17:34:42Z,79.99,USD
905187,102953,annual,expired,2026-06-07T17:34:42Z,79.99,USD
905188,106632,free_trial,trialing,2025-09-28T10:20:50Z,0.0,USD
905188,106632,annual,active,2025-10-07T10:20:50Z,79.99,USD
905188,106632,annual,canceled,2025-11-27T10:20:50Z,79.99,USD
905189,100582,free_trial,trialing,2025-09-08T22:03:40Z,0.0,USD
905189,100582,monthly,active,2025-09-12T22:03:40Z,9.99,USD
905190,106977,annual,active,2025-08-03T09:18:24Z,79.99,USD
905191,104029,monthly,active,2025-07-12T17:40:36Z,9.99,USD
905192,106458,free_trial,trialing,2026-01-15T01:47:46Z,0.0,USD
905192,106458,annual,active,2026-01-29T01:47:46Z,79.99,USD
905192,106458,annual,canceled,2026-04-25T01:47:46Z,79.99,USD
905193,102103,annual,active,2025-07-27 11:35:25,79.99,USD
905194,101085,free_trial,trialing,2025-08-25T04:21:54Z,0.0,USD
905194,101085,free_trial,expired,2025-09-04T04:21:54Z,0.0,USD
905195,107559,free_trial,trialing,2025-07-19T10:43:30Z,0.0,USD
905195,107559,free_trial,expired,2025-08-01T10:43:30Z,0.0,USD
905196,106418,free_trial,trialing,2025-12-24T09:52:09Z,0.0,USD
905196,106418,monthly,active,2026-01-04T09:52:09Z,9.99,USD
905197,100794,monthly,active,2025-09-05T03:30:57Z,9.99,USD
905197,100794,monthly,expired,2026-02-22 22:30:57,9.99,USD
905198,104532,monthly,active,2025-12-18T12:18:55Z,9.99,USD
905198,104532,monthly,canceled,2026-01-25 07:18:55,9.99,USD
905199,100175,free_trial,trialing,2025-11-24T00:50:36Z,0.0,USD
905199,100175,free_trial,expired,2025-12-02 19:50:36,0.0,USD
905200,105268,free_trial,trialing,2025-12-30T14:14:01Z,0.0,USD
905200,105268,free_trial,expired,2026-01-08T14:14:01Z,0.0,USD
