user_id,signup_ts,home_state,acquisition_channel
100001,2025-08-24T11:22:40Z,CA,referral
100002,2025-06-22T04:57:54Z,WA,partner
100003,2025-09-06T06:05:18Z,MI,school_email
100004,2025-06-03T14:42:36Z,WI,school_email
100005,2025-08-10T15:50:02Z,AL,partner
100006,2025-08-18T12:55:49Z,NY,paid_social
100007,2025-09-10T04:16:10Z,MN,organic
100008,2026-01-09T19:13:31Z,CA,organic
100009,2025-05-29T06:34:33Z,AL,partner
100010,2026-01-17T18:18:33Z,WA,organic
100011,2026-01-23T22:30:00Z,VA,organic
100012,2026-01-04T11:08:43Z,IL,paid_social
100013,2026-02-13T01:08:45Z,FL,organic
100014,2025-06-05T08:18:36Z,VA,app_store
100015,2025-07-24T01:48:03Z,MN,paid_social
100016,2026-01-02T10:27:54Z,in,app_store
100017,2025-11-01T07:15:41Z,SC,school_email
100018,2025-05-31T06:45:57Z,GA,organic
100019,2025-12-11T07:06:14Z,NC,app_store
100020,2025-06-20T23:17:06Z,IL,school_email
100021,2025-06-10T23:17:45Z,IL,organic
100022,2025-06-06T08:53:32Z,MI,app_store
100023,2025-12-12T11:44:33Z,NY,organic
100024,2025-06-07T09:03:49Z,WI,referral
100025,2025-08-06T19:00:55Z,TN,school_email
100026,2025-08-22T20:51:28Z,FL,school_email
100027,2025-07-09T06:11:48Z,OH,school_email
100028,2025-09-20T11:04:44Z,KY,organic
100029,2025-12-01T07:10:25Z,IN,referral
100030,2025-08-15T22:48:23Z,WI,organic
100031,2025-11-11T18:25:49Z,NC,referral
100032,2026-02-27T01:31:32Z,GA,partner
100033,2025-10-05T15:45:11Z,GA,school_email
100034,2025-09-08T02:38:01Z,TX,paid_social
100035,2025-05-21T15:38:49Z,GA,paid_social
100036,2025-10-01T17:23:16Z,TN,school_email
100037,2025-10-16T01:24:00Z,OH,referral
100038,2025-09-18T19:59:11Z,GA,referral
100039,2026-02-12T16:45:42Z,TX,app_store
100040,2026-02-09T06:28:37Z,OH,referral
100041,2026-02-12T07:03:49Z,TN,app_store
100042,2025-10-05T11:55:05Z,IL,school_email
100043,2025-10-25T21:07:06Z,IL,organic
100044,2025-08-02T08:52:02Z,WA,referral
100045,2026-02-07T23:39:40Z,FL,paid_social
100046,2026-01-05T07:57:02Z,IN,paid_social
100047,2025-08-08T04:02:32Z,MI,app_store
100048,2025-06-07T05:40:41Z,VA,organic
100049,2025-11-18T19:14:26Z,Georgia,partner
100050,2025-10-01T17:09:03Z,GA,organic
100051,2025-08-01T22:55:07Z,TX,school_email
100052,2025-05-21T22:38:49Z,TX,referral
100053,2025-05-14T02:45:55Z,IN,paid_social
100054,2025-07-23T03:40:50Z,GA,organic
100055,2025-08-17T14:01:35Z,MI,school_email
100056,2025-06-28T11:02:48Z,WA,organic
100057,2026-01-05T01:22:50Z,NY,referral
100058,2026-01-02T15:58:44Z,MN,app_store
100059,2025-10-22T02:11:23Z,NC,paid_social
100060,2026-02-11T14:26:54Z,mo,school_email
100061,2025-06-12T07:11:26Z,MN,referral
100062,2025-11-05T01:57:22Z,CA,app_store
100063,2025-12-26T05:18:05Z,SC,paid_social
100064,2025-08-15T03:05:50Z,SC,app_store
100065,2025-08-19T15:03:47Z,CA,app_store
100066,2025-08-15T05:56:13Z,TN,referral
100067,2025-05-11T21:19:29Z,NY,partner
100068,2025-11-27T18:11:00Z,TX,paid_social
100069,2025-09-26T06:27:20Z,CA,partner
100070,2025-10-26T20:30:28Z,FL,partner
100071,2025-06-25T10:31:57Z,MI,paid_social
100072,2025-07-27T04:49:20Z,GA,partner
100073,2025-07-28T22:35:23Z,IN,school_email
100074,2025-07-27T13:42:10Z,MO,partner
100075,2025-12-19T12:08:34Z,GA,paid_social
100076,2025-06-20T10:36:43Z,WI,partner
100077,2025-10-28T06:02:59Z,NY,partner
100078,2025-05-15T05:34:07Z,NC,app_store
100079,2025-05-20T21:43:26Z,NY,organic
100080,2025-05-05T15:20:30Z,MO,referral
100081,2025-12-11T07:59:05Z,WA,app_store
100082,2025-08-01T11:46:16Z,TX,school_email
100083,2025-08-07T18:58:49Z,FL,school_email
100084,2025-09-05T23:47:42Z,va,paid_social
100085,2025-12-27T08:37:09Z,NC,organic
100086,2025-06-22T22:37:58Z,MN,partner
100087,2025-05-20T08:50:51Z,CA,school_email
100088,2025-05-09T03:53:21Z,PA,organic
100089,2025-05-05T15:05:20Z,TN,organic
100090,2025-08-25T16:30:35Z,IN,paid_social
100091,2025-11-24T21:36:02Z,IL,organic
100092,2025-08-06T16:30:50Z,TN,partner
100093,2026-01-23T16:15:26Z,SC,app_store
100094,2025-09-30T19:54:02Z,tn,referral
100095,2025-06-13T03:55:24Z,AL,school_email
100096,2025-10-24T09:49:10Z,KY,app_store
100097,2025-05-05T03:46:56Z,NC,partner
100098,2025-07-18T20:18:16Z,NC,app_store
100099,2025-08-12T04:11:21Z,KY,school_email
100100,2026-02-26T12:07:18Z,MN,paid_social
100101,2025-05-10T10:25:37Z,GA,paid_social
100102,2025-11-10T00:45:24Z,mi,partner
100103,2025-08-20T23:52:33Z,TX,partner
100104,2025-05-15T01:50:41Z,VA,school_email
100105,2025-10-05T10:27:50Z,CA,organic
100106,2025-12-14T23:28:32Z,TX,organic
100107,2025-11-16T09:35:33Z,PA,school_email
100108,2025-10-28T23:45:00Z,MO,app_store
100109,2025-07-19T01:15:25Z,MI,paid_social
100110,2025-09-07T16:15:22Z,IL,school_email
100111,2025-07-30T15:25:19Z,IL,school_email
100112,2026-02-23T23:53:35Z,TX,referral
100113,2025-06-07T14:13:05Z,MN,paid_social
100114,2025-09-06T19:57:07Z,GA,organic
100115,2025-06-25T13:57:31Z,FL,app_store
100116,2026-02-26T17:28:19Z,NC,referral
100117,2026-01-15T10:10:34Z,FL,organic
100118,2025-10-13T02:38:45Z,MO,school_email
100119,2026-01-03T01:01:52Z,SC,paid_social
100120,2025-07-16T04:40:52Z,MN,partner
100121,2025-10-23T08:05:48Z,GA,paid_social
100122,2025-10-14T02:58:11Z,TN,app_store
100123,2025-11-30T10:55:39Z,VA,referral
100124,2025-06-25T16:26:40Z,ga,school_email
100125,2026-02-27T05:57:41Z,OH,referral
100126,2025-08-29T12:44:29Z,GA,partner
100127,2025-10-30T07:41:35Z,TX,organic
100128,2025-07-15T07:54:48Z,ky,school_email
100129,2025-12-03T17:01:57Z,PA,school_email
100130,2025-05-09T17:53:49Z,va,school_email
100131,2025-09-25T06:05:24Z,PA,paid_social
100132,2025-10-08T07:48:19Z,SC,partner
100133,2025-06-08T09:48:49Z,WA,school_email
100134,2025-07-28T05:27:49Z,VA,referral
100135,2025-07-29T14:50:09Z,FL,partner
100136,2025-05-31T03:04:55Z,OH,referral
100137,2025-06-22T06:59:18Z,OH,organic
100138,2025-12-05T04:01:48Z,NC,paid_social
100139,2025-11-27T17:07:28Z,TN,app_store
100140,2025-08-29T15:20:03Z,WA,organic
100141,2025-11-07T13:52:06Z,MO,organic
100142,2025-08-21T10:58:06Z,CA,partner
100143,2025-09-03T07:53:07Z,mo,app_store
100144,2025-11-19T07:52:16Z,IN,paid_social
100145,2025-11-18T05:35:30Z,FL,school_email
100146,2025-11-05T20:58:15Z,PA,partner
100147,2025-06-16T16:35:32Z,GA,paid_social
100148,2026-02-26T05:34:23Z,OH,organic
100149,2026-02-08T04:24:20Z,MI,school_email
100150,2025-07-10T02:37:03Z,IN,paid_social
100151,2025-07-16T07:42:54Z,FL,school_email
100152,2025-11-04T11:42:29Z,PA,referral
100153,2025-11-19T20:17:39Z,TN,paid_social
100154,2026-02-04T08:53:21Z,NY,school_email
100155,2025-10-12T17:35:12Z,TX,school_email
100156,2025-05-09T19:51:40Z,PA,partner
100157,2025-05-18T10:13:33Z,VA,paid_social
100158,2025-10-03T20:40:59Z,AL,organic
100159,2026-02-20T14:02:29Z,CA,app_store
100160,2025-09-15T23:36:57Z,WA,paid_social
100161,2025-06-10T11:21:27Z,CA,organic
100162,2025-05-16T22:03:47Z,MI,organic
100163,2025-11-05T04:19:27Z,OH,partner
100164,2025-05-12T17:44:06Z,GA,partner
100165,2025-06-30T09:38:37Z,TX,referral
100166,2025-09-01T01:49:42Z,IL,partner
100167,2025-09-01T01:55:06Z,IN,organic
100168,2025-09-25T22:05:32Z,OH,app_store
100169,2025-09-19T21:39:07Z,PA,referral
100170,2025-10-01T13:15:51Z,IL,paid_social
100171,2025-12-02T21:41:40Z,OH,app_store
100172,2025-11-26T06:14:02Z,CA,app_store
100173,2025-09-15T18:05:05Z,MI,paid_social
100174,2025-06-08T06:48:17Z,ca,paid_social
100175,2025-10-29T16:28:05Z,NC,partner
100176,2025-10-01T21:22:38Z,IL,school_email
100177,2025-11-16T18:40:45Z,KY,app_store
100178,2025-12-20T18:08:43Z,PA,school_email
100179,2026-01-17T14:58:15Z,al,app_store
100180,2025-11-25T20:12:02Z,WI,app_store
100181,2025-06-09T09:12:21Z,IL,school_email
100182,2025-12-18T12:55:41Z,GA,organic
100183,2025-07-08T20:32:16Z,MI,paid_social
100184,2025-12-01T19:56:49Z,PA,app_store
100185,2025-06-23T22:16:46Z,WI,referral
100186,2025-10-01T19:22:15Z,FL,school_email
100187,2026-01-11T05:46:09Z,WA,paid_social
100188,2025-12-06T12:53:24Z,VA,organic
100189,2025-09-07T07:46:23Z,AL,paid_social
100190,2026-01-01T09:08:19Z,KY,app_store
100191,2026-02-05T23:43:33Z,TN,school_email
100192,2025-08-28T21:18:43Z,WI,referral
100193,2025-12-14T11:12:42Z,SC,school_email
100194,2025-11-03T04:02:37Z,TN,referral
100195,2025-08-21T17:05:25Z,WA,organic
100196,2025-07-01T08:35:43Z,pa,app_store
100197,2025-06-27T09:40:16Z,mn,school_email
100198,2025-11-20T00:19:36Z,KY,paid_social
100199,2025-09-19T07:44:36Z,PA,organic
100200,2025-11-23T07:34:13Z,IL,organic
100201,2025-06-27T11:42:52Z,TX,referral
100202,2025-07-31T11:52:26Z,NC,app_store
100203,2025-07-24T17:30:10Z,TN,referral
100204,2026-02-13T21:39:20Z,IN,organic
100205,2025-05-06T02:01:53Z,WI,partner
100206,2025-07-28T02:00:48Z,PA,app_store
100207,2025-09-17T07:43:49Z,KY,organic
100208,2025-07-04T07:04:02Z,TX,referral
100209,2025-11-24T08:47:07Z,IN,app_store
100210,2025-08-14T02:30:19Z,GA,organic
100211,2025-10-22T05:51:47Z,GA,school_email
100212,2025-05-07T12:36:44Z,PA,partner
100213,2025-12-18T19:05:32Z,SC,referral
100214,2026-02-07T11:28:45Z,OH,app_store
100215,2025-08-04T04:26:16Z,MI,organic
100216,2025-06-15T19:35:19Z,NY,referral
100217,2025-08-18T04:37:40Z,SC,paid_social
100218,2026-02-08T03:45:44Z,MI,app_store
100219,2025-08-15T00:51:05Z,SC,partner
100220,2025-12-01T21:24:16Z,FL,partner
100221,2026-01-25T09:34:21Z,VA,referral
100222,2025-07-01T06:04:03Z,WI,paid_social
100223,2025-05-20T11:20:20Z,ca,app_store
100224,2025-12-04T01:56:14Z,KY,organic
100225,2025-12-30T03:44:00Z,TX,referral
100226,2025-10-30T20:43:20Z,AL,app_store
100227,2026-01-19T19:29:26Z,FL,organic
100228,2025-06-20T04:49:34Z,MO,referral
100229,2025-10-08T10:40:22Z,PA,app_store
100230,2025-05-23T17:35:37Z,WA,app_store
100231,2025-09-14T04:53:48Z,VA,referral
100232,2026-01-06T16:05:21Z,NC,app_store
100233,2025-08-22T03:27:21Z,PA,paid_social
100234,2025-12-22T10:58:35Z,OH,school_email
100235,2026-02-12T14:19:15Z,AL,referral
100236,2026-01-06T21:03:09Z,al,partner
100237,2025-10-20T06:16:02Z,MO,school_email
100238,2025-05-09T03:15:52Z,CA,organic
100239,2025-07-27T13:13:12Z,KY,partner
100240,2025-11-25T11:22:46Z,AL,paid_social
100241,2026-01-21T19:51:49Z,AL,referral
100242,2025-08-21T13:17:52Z,GA,referral
100243,2025-12-02T17:48:46Z,TX,referral
100244,2025-06-06T06:37:33Z,NY,referral
100245,2026-01-06T16:50:57Z,WA,partner
100246,2025-10-18T13:47:05Z,GA,paid_social
100247,2026-02-09T14:43:08Z,WA,app_store
100248,2026-01-15T14:55:35Z,NC,school_email
100249,2025-09-01T06:35:32Z,WA,app_store
100250,2026-02-27T15:38:10Z,pa,paid_social
100251,2025-05-30T08:37:54Z,FL,organic
100252,2026-01-14T17:13:58Z,GA,partner
100253,2025-07-05T07:42:12Z,TX,partner
100254,2026-01-23T00:25:16Z,IL,school_email
100255,2025-06-04T15:08:42Z,GA,app_store
100256,2026-01-28T03:28:22Z,MO,referral
100257,2025-06-11T23:13:38Z,al,paid_social
100258,2025-08-17T10:56:41Z,KY,paid_social
100259,2025-09-10T08:35:36Z,PA,organic
100260,2025-09-14T15:12:44Z,OH,app_store
100261,2025-06-15T20:01:06Z,MI,app_store
100262,2025-11-05T03:33:02Z,IL,app_store
100263,2025-07-15T03:41:14Z,VA,school_email
100264,2026-01-01T22:50:18Z,FL,app_store
100265,2025-06-15T19:12:50Z,IL,app_store
100266,2026-02-14T04:48:43Z,CA,school_email
100267,2025-07-05T17:36:22Z,MI,app_store
100268,2025-09-26T17:44:56Z,NY,referral
100269,2026-02-17T05:26:41Z,CA,app_store
100270,2025-06-03T06:53:21Z,IL,paid_social
100271,2025-12-16T14:16:06Z,KY,paid_social
100272,2025-05-11T18:48:48Z,TX,referral
100273,2025-10-18T16:26:22Z,NC,school_email
100274,2026-01-31T09:24:33Z,CA,paid_social
100275,2025-09-04T18:20:45Z,NY,organic
100276,2025-06-01T06:02:47Z,WA,partner
100277,2025-06-05T10:52:37Z,FL,partner
100278,2025-08-20T03:54:00Z,sc,paid_social
100279,2025-05-08T19:33:12Z,VA,school_email
100280,2025-07-12T15:48:14Z,IL,paid_social
100281,2025-09-14T03:23:59Z,AL,school_email
100282,2026-02-13T07:35:31Z,OH,referral
100283,2025-05-21T01:34:20Z,MO,app_store
100284,2025-09-27T17:21:15Z,GA,referral
100285,2025-10-23T06:23:39Z,TN,organic
100286,2025-07-22T05:24:27Z,AL,paid_social
100287,2025-07-19T17:35:22Z,WA,referral
100288,2025-11-28T07:39:48Z,CA,organic
100289,2026-01-15T22:25:08Z,MO,organic
100290,2025-07-20T05:21:27Z,WI,app_store
100291,2025-07-31T02:04:18Z,TN,organic
100292,2025-08-13T02:10:32Z,SC,organic
100293,2025-09-29T14:33:17Z,GA,school_email
100294,2026-02-10T01:31:10Z,MN,app_store
100295,2025-07-11T07:26:49Z,IN,school_email
100296,2025-06-30T05:58:01Z,WI,school_email
100297,2025-05-24T08:13:58Z,NC,organic
100298,2025-11-08T13:51:12Z,CA,referral
100299,2025-05-06T03:56:41Z,il,partner
100300,2025-05-27T16:40:39Z,AL,paid_social
100301,2026-02-23T10:24:13Z,WI,partner
100302,2025-12-21T04:01:50Z,KY,referral
100303,2025-11-12T03:34:43Z,VA,app_store
100304,2025-10-04T18:12:19Z,WI,app_store
100305,2025-10-02T08:19:38Z,AL,referral
100306,2025-05-07T09:26:40Z,KY,organic
100307,2025-10-08T21:53:26Z,MO,app_store
100308,2025-06-16T04:45:30Z,IN,app_store
100309,2025-09-26T06:42:35Z,WI,referral
100310,2025-10-03T11:02:23Z,MN,paid_social
100311,2025-08-23T06:01:00Z,PA,school_email
100312,2025-06-05T04:42:56Z,WA,partner
100313,2025-09-24T20:35:47Z,AL,partner
100314,2025-07-17T14:58:09Z,VA,partner
100315,2025-11-25T07:24:56Z,SC,paid_social
100316,2025-06-15T20:05:27Z,VA,referral
100317,2025-05-28T04:34:23Z,MO,referral
100318,2026-02-06T07:05:29Z,GA,app_store
100319,2026-01-18T07:40:27Z,SC,paid_social
100320,2025-08-07T21:24:00Z,TN,partner
100321,2025-10-22T12:17:17Z,MO,partner
100322,2025-11-20T18:50:18Z,CA,organic
100323,2025-11-28T12:25:50Z,WI,organic
100324,2025-06-03T11:55:51Z,MI,app_store
100325,2026-02-16T11:26:10Z,IL,partner
100326,2025-09-14T05:27:11Z,IL,school_email
100327,2025-11-12T00:23:47Z,GA,app_store
100328,2025-10-04T19:16:55Z,SC,partner
100329,2025-09-20T17:29:20Z,OH,paid_social
100330,2025-08-24T03:30:51Z,VA,organic
100331,2025-12-20T08:59:38Z,wi,app_store
100332,2026-01-23T13:34:21Z,TX,organic
100333,2026-02-16T07:12:56Z,WI,paid_social
100334,2025-10-26T09:58:20Z,MN,school_email
100335,2025-06-28T16:09:42Z,NY,school_email
100336,2026-02-08T19:55:38Z,MI,partner
100337,2025-09-23T07:03:22Z,FL,organic
100338,2025-07-01T02:22:59Z,IL,app_store
100339,2025-08-16T15:53:29Z,CA,paid_social
100340,2025-09-08T15:28:07Z,SC,organic
100341,2026-01-16T10:52:44Z,NC,referral
100342,2025-07-01T02:38:18Z,KY,organic
100343,2025-10-02T17:10:32Z,MN,app_store
100344,2025-07-20T13:29:29Z,TX,organic
100345,2025-10-10T23:41:01Z,WA,partner
100346,2026-01-13T19:35:35Z,WA,organic
100347,2025-12-04T07:27:49Z,IL,organic
100348,2025-12-01T05:03:54Z,GA,organic
100349,2025-11-20T11:04:46Z,AL,referral
100350,2025-12-13T17:20:00Z,MO,partner
100351,2025-09-29T00:24:30Z,in,organic
100352,2025-09-20T04:05:52Z,PA,paid_social
100353,2025-07-12T07:18:04Z,NC,referral
100354,2026-02-11T14:05:35Z,OH,paid_social
100355,2025-05-15T18:42:09Z,GA,referral
100356,2025-09-04T15:01:54Z,NY,organic
100357,2026-01-23T11:17:19Z,AL,school_email
100358,2025-08-24T20:37:35Z,TX,organic
100359,2025-08-03T16:22:59Z,MN,paid_social
100360,2026-01-22T23:17:12Z,WI,partner
100361,2025-11-26T22:07:05Z,MI,app_store
100362,2025-10-11T17:50:12Z,IL,school_email
100363,2025-12-18T21:02:39Z,OH,app_store
100364,2026-02-14T15:24:31Z,NY,paid_social
100365,2025-05-09T09:51:59Z,MN,partner
100366,2025-09-01T12:06:08Z,TN,school_email
100367,2025-10-20T12:26:01Z,NY,organic
100368,2025-05-17T21:07:07Z,FL,app_store
100369,2025-08-29T17:27:43Z,KY,paid_social
100370,2025-09-18T13:13:07Z,CA,referral
100371,2025-06-19T09:50:12Z,IN,app_store
100372,2025-12-04T08:00:00Z,SC,organic
100373,2025-10-17T13:59:49Z,MN,referral
100374,2025-12-20T13:55:50Z,MN,app_store
100375,2025-12-08T01:17:35Z,FL,organic
100376,2025-05-07T03:07:05Z,PA,referral
100377,2025-08-23T13:12:35Z,va,app_store
100378,2025-05-26T16:39:28Z,OH,school_email
100379,2025-11-18T16:05:09Z,IN,organic
100380,2026-02-03T18:33:16Z,MO,organic
100381,2025-06-12T00:58:08Z,FL,school_email
100382,2025-08-08T03:14:52Z,MN,app_store
100383,2025-09-01T05:29:08Z,WA,school_email
100384,2025-06-29T17:11:07Z,AL,referral
100385,2026-02-21T16:43:03Z,nc,referral
100386,2025-05-24T13:22:20Z,SC,organic
100387,2026-02-03T11:02:05Z,OH,referral
100388,2025-05-09T05:39:23Z,AL,referral
100389,2026-02-27T21:01:15Z,NY,app_store
100390,2025-09-10T15:28:21Z,FL,organic
100391,2025-08-16T00:58:41Z,KY,organic
100392,2025-06-15T14:16:51Z,MN,organic
100393,2025-05-12T19:12:31Z,FL,school_email
100394,2026-02-17T01:37:48Z,SC,school_email
100395,2025-10-22T04:09:55Z,MN,app_store
100396,2025-09-02T09:13:42Z,TX,app_store
100397,2025-10-16T19:35:25Z,al,school_email
100398,2025-05-22T16:33:43Z,KY,organic
100399,2025-11-01T05:50:34Z,GA,school_email
100400,2025-08-30T11:43:57Z,TX,app_store
100401,2025-07-23T09:03:21Z,FL,organic
100402,2025-07-03T23:13:10Z,IL,paid_social
100403,2025-11-03T03:14:09Z,MO,organic
100404,2025-10-28T18:20:25Z,SC,organic
100405,2026-01-05T00:40:51Z,TN,paid_social
100406,2026-01-15T21:07:25Z,PA,paid_social
100407,2025-05-10T17:36:38Z,FL,app_store
100408,2025-07-07T14:19:23Z,TN,app_store
100409,2025-12-13T07:48:22Z,MI,school_email
100410,2025-05-07T16:38:58Z,VA,referral
100411,2026-02-20T05:01:03Z,MN,app_store
100412,2026-01-13T16:38:12Z,AL,paid_social
100413,2025-09-23T10:01:26Z,mi,organic
100414,2025-11-06T13:14:01Z,OH,paid_social
100415,2025-06-26T05:47:01Z,NC,partner
100416,2026-02-02T05:17:48Z,TN,app_store
100417,2025-07-17T12:47:26Z,NC,organic
100418,2026-01-04T11:34:43Z,WA,referral
100419,2025-11-03T19:09:35Z,IN,referral
100420,2025-10-31T18:31:22Z,MI,app_store
100421,2025-09-18T00:01:09Z,WI,paid_social
100422,2025-07-01T22:42:10Z,NC,referral
100423,2025-07-11T21:40:27Z,GA,organic
100424,2025-12-12T14:41:25Z,AL,paid_social
100425,2025-12-08T21:37:05Z,IN,school_email
100426,2025-12-08T04:11:24Z,FL,partner
100427,2025-06-01T14:16:15Z,NY,app_store
100428,2025-08-27T22:20:04Z,VA,school_email
100429,2025-10-11T11:28:55Z,CA,app_store
100430,2025-10-22T21:01:58Z,NY,app_store
100431,2025-09-20T02:05:43Z,GA,partner
100432,2025-10-16T00:20:44Z,tn,app_store
100433,2025-08-27T01:53:36Z,FL,partner
100434,2025-06-11T18:15:22Z,TX,referral
100435,2026-02-23T01:50:03Z,VA,referral
100436,2026-02-03T02:14:17Z,IL,school_email
100437,2025-07-28T16:09:35Z,Georgia,school_email
100438,2025-10-30T13:47:17Z,WA,referral
100439,2026-01-21T20:39:12Z,NY,app_store
100440,2026-01-20T22:00:46Z,CA,partner
100441,2025-12-09T21:40:15Z,NC,school_email
100442,2025-07-27T17:52:10Z,TX,referral
100443,2025-10-10T08:08:35Z,TX,partner
100444,2025-09-20T20:05:37Z,NC,school_email
100445,2026-01-01T08:30:02Z,va,paid_social
100446,2026-02-03T05:59:08Z,MO,partner
100447,2025-10-09T02:27:34Z,KY,school_email
100448,2025-10-13T19:28:52Z,CA,paid_social
100449,2025-09-16T14:27:04Z,GA,paid_social
100450,2025-07-01T15:27:06Z,IL,paid_social
100451,2025-08-27T07:24:27Z,mi,referral
100452,2025-05-10T00:50:49Z,MI,organic
100453,2025-05-18T12:44:25Z,mo,school_email
100454,2025-06-26T22:11:15Z,CA,school_email
100455,2025-08-07T11:37:23Z,TX,school_email
100456,2025-12-17T10:38:36Z,NY,paid_social
100457,2026-02-25T00:43:09Z,TN,school_email
100458,2025-05-28T06:32:43Z,wa,partner
100459,2025-06-13T05:05:35Z,GA,partner
100460,2025-10-21T22:48:13Z,MI,organic
100461,2025-12-02T20:14:51Z,IN,paid_social
100462,2025-08-04T12:35:23Z,FL,partner
100463,2025-11-01T03:57:22Z,OH,referral
100464,2025-12-30T08:15:46Z,IL,paid_social
100465,2025-10-25T14:19:18Z,WI,school_email
100466,2025-08-13T09:03:04Z,PA,app_store
100467,2025-07-26T18:16:27Z,NY,school_email
100468,2025-08-05T17:32:08Z,NY,school_email
100469,2025-06-03T11:00:39Z,NC,partner
100470,2025-08-16T20:43:37Z,VA,organic
100471,2025-05-12T05:33:50Z,oh,organic
100472,2025-09-19T21:06:05Z,IL,paid_social
100473,2025-09-18T06:06:50Z,MI,app_store
100474,2025-10-06T21:03:37Z,IN,referral
100475,2026-01-21T17:51:33Z,va,organic
100476,2025-11-21T03:06:54Z,WI,app_store
100477,2025-09-20T20:19:43Z,GA,organic
100478,2025-09-26T15:40:38Z,MI,school_email
100479,2026-02-09T10:45:06Z,MI,paid_social
100480,2025-05-11T12:52:50Z,NY,paid_social
100481,2025-09-01T08:00:17Z,MI,organic
100482,2025-05-21T20:38:38Z,MI,referral
100483,2025-11-21T18:00:41Z,TX,school_email
100484,2025-08-21T18:08:51Z,WA,app_store
100485,2025-11-05T05:36:39Z,IN,app_store
100486,2025-07-12T08:28:52Z,NC,school_email
100487,2025-07-15T23:50:50Z,MN,partner
100488,2025-12-11T17:44:58Z,mo,paid_social
100489,2025-05-26T19:43:59Z,CA,app_store
100490,2025-09-04T05:28:14Z,PA,paid_social
100491,2025-09-09T21:21:42Z,FL,app_store
100492,2025-06-25T08:16:26Z,FL,partner
100493,2026-01-02T00:17:24Z,TN,school_email
100494,2025-12-20T05:09:00Z,MI,paid_social
100495,2025-12-09T04:35:57Z,OH,referral
100496,2025-11-08T09:59:05Z,NY,referral
100497,2026-01-27T08:52:26Z,MO,partner
100498,2025-11-10T21:13:45Z,IL,school_email
100499,2025-07-03T14:41:07Z,VA,paid_social
100500,2025-06-27T13:03:44Z,MN,organic
100501,2025-10-06T14:34:16Z,WI,app_store
100502,2026-02-13T12:28:40Z,TX,school_email
100503,2025-08-09T18:30:20Z,GA,organic
100504,2025-11-25T13:24:37Z,MN,app_store
100505,2025-06-19T21:10:32Z,WI,organic
100506,2025-11-07T00:32:47Z,TX,paid_social
100507,2025-10-11T17:04:39Z,NC,referral
100508,2026-02-20T11:42:14Z,IL,referral
100509,2025-12-03T09:27:18Z,AL,app_store
100510,2025-10-19T13:27:22Z,AL,paid_social
100511,2025-05-29T11:30:42Z,TN,paid_social
100512,2025-05-08T13:51:56Z,KY,school_email
100513,2026-02-21T10:32:15Z,CA,paid_social
100514,2025-08-19T21:17:51Z,NY,paid_social
100515,2025-08-17T19:07:47Z,OH,app_store
100516,2025-05-29T15:54:08Z,TX,organic
100517,2025-08-08T01:40:01Z,MO,organic
100518,2025-06-20T15:45:09Z,PA,school_email
100519,2025-10-15T14:45:32Z,IN,school_email
100520,2026-01-12T02:38:22Z,CA,school_email
100521,2026-01-21T06:23:27Z,ca,referral
100522,2025-12-09T04:25:28Z,MI,school_email
100523,2025-09-20T00:58:25Z,SC,app_store
100524,2025-08-23T01:15:15Z,NC,organic
100525,2025-12-05T12:31:24Z,in,partner
100526,2025-05-20T23:30:10Z,TN,paid_social
100527,2025-12-17T11:22:55Z,PA,partner
100528,2025-12-10T07:02:47Z,OH,paid_social
100529,2026-01-24T12:24:09Z,VA,partner
100530,2025-06-06T03:17:36Z,mn,app_store
100531,2025-10-28T08:35:05Z,tn,partner
100532,2025-07-17T22:09:05Z,WI,school_email
100533,2025-10-08T02:29:05Z,TX,school_email
100534,2025-06-11T12:10:22Z,GA,app_store
100535,2025-10-20T21:27:01Z,NY,paid_social
100536,2025-11-15T04:04:04Z,MN,school_email
100537,2025-05-10T20:21:29Z,WI,paid_social
100538,2025-06-12T17:43:46Z,SC,app_store
100539,2025-10-19T14:26:26Z,AL,paid_social
100540,2025-08-04T18:26:36Z,NC,organic
100541,2026-02-16T09:33:51Z,PA,referral
100542,2025-05-05T07:45:43Z,KY,referral
100543,2025-12-30T16:20:07Z,GA,referral
100544,2025-08-21T03:51:52Z,OH,app_store
100545,2026-02-26T13:00:45Z,PA,partner
100546,2025-09-09T14:22:21Z,VA,paid_social
100547,2025-05-09T06:40:14Z,OH,school_email
100548,2025-11-28T22:36:53Z,MI,app_store
100549,2025-09-04T22:52:51Z,AL,organic
100550,2025-12-19T20:58:04Z,TN,referral
100551,2025-08-03T20:22:33Z,OH,partner
100552,2025-08-02T22:19:00Z,WA,partner
100553,2025-09-09T07:14:34Z,MN,app_store
100554,2025-12-16T15:27:24Z,SC,partner
100555,2025-08-21T17:24:55Z,OH,school_email
100556,2026-01-21T18:56:15Z,VA,referral
100557,2025-12-18T21:25:35Z,MN,app_store
100558,2025-07-12T21:45:38Z,PA,app_store
100559,2026-01-17T10:01:57Z,TX,organic
100560,2025-08-03T05:58:47Z,SC,organic
100561,2025-12-22T12:05:08Z,fl,referral
100562,2025-10-30T20:41:32Z,TN,paid_social
100563,2025-11-23T05:19:25Z,AL,partner
100564,2026-01-07T15:38:57Z,FL,organic
100565,2026-01-12T19:35:11Z,TX,partner
100566,2025-07-04T05:55:07Z,OH,school_email
100567,2026-02-15T22:11:56Z,TN,organic
100568,2026-01-29T08:51:46Z,VA,partner
100569,2025-12-09T04:53:26Z,MI,school_email
100570,2025-09-14T18:29:02Z,WA,app_store
100571,2025-10-17T01:52:50Z,SC,paid_social
100572,2025-05-25T18:05:01Z,PA,app_store
100573,2026-01-30T19:57:37Z,VA,organic
100574,2025-10-29T10:10:37Z,IL,partner
100575,2025-06-23T10:30:50Z,WA,partner
100576,2025-10-16T02:10:57Z,VA,referral
100577,2025-11-19T10:17:10Z,WA,school_email
100578,2025-09-25T09:54:40Z,PA,paid_social
100579,2025-12-14T15:51:46Z,SC,school_email
100580,2025-05-22T21:44:46Z,IL,organic
100581,2026-02-01T05:37:00Z,WI,partner
100582,2026-02-04T03:57:23Z,GA,referral
100583,2025-06-29T15:56:56Z,MO,organic
100584,2025-09-30T19:46:53Z,NC,app_store
100585,2026-01-09T22:59:55Z,SC,paid_social
100586,2025-08-26T09:24:36Z,WA,paid_social
100587,2025-12-08T05:10:29Z,PA,referral
100588,2026-01-17T20:49:55Z,OH,referral
100589,2025-10-01T03:33:40Z,CA,organic
100590,2026-01-22T16:48:31Z,nc,organic
100591,2025-07-30T09:58:58Z,SC,school_email
100592,2025-09-14T08:51:52Z,WA,organic
100593,2025-05-13T08:02:45Z,TN,school_email
100594,2025-06-16T00:18:18Z,wi,referral
100595,2025-05-16T06:46:07Z,SC,app_store
100596,2025-09-19T06:52:10Z,IN,paid_social
100597,2026-01-29T17:14:40Z,SC,partner
100598,2025-06-12T19:52:34Z,NY,referral
100599,2025-07-16T16:27:20Z,MI,school_email
100600,2025-12-04T16:16:18Z,TN,paid_social
100601,2025-11-13T04:39:52Z,CA,organic
100602,2026-01-11T01:49:02Z,CA,app_store
100603,2025-06-02T01:24:53Z,NY,school_email
100604,2025-10-14T17:19:24Z,OH,school_email
100605,2025-06-22T00:57:40Z,NY,school_email
100606,2025-08-02T17:51:39Z,WI,paid_social
100607,2025-05-05T08:37:06Z,WA,referral
100608,2026-01-07T16:18:00Z,oh,school_email
100609,2025-05-09T09:46:00Z,oh,organic
100610,2025-12-10T17:23:05Z,TX,app_store
100611,2025-11-30T18:43:28Z,MN,partner
100612,2025-06-04T16:17:19Z,NY,app_store
100613,2025-09-20T06:09:36Z,NY,app_store
100614,2025-07-17T14:59:34Z,MN,organic
100615,2025-07-18T08:11:36Z,AL,school_email
100616,2025-11-01T17:48:39Z,FL,app_store
100617,2026-01-23T11:38:06Z,ga,paid_social
100618,2025-10-25T00:01:07Z,WI,partner
100619,2026-01-31T11:47:02Z,OH,organic
100620,2025-08-16T22:44:44Z,SC,organic
100621,2025-11-29T01:13:10Z,IL,partner
100622,2025-08-14T20:40:11Z,CA,school_email
100623,2025-10-29T21:43:52Z,TN,paid_social
100624,2025-08-12T05:41:44Z,FL,app_store
100625,2025-09-28T19:06:28Z,WI,referral
100626,2026-01-27T08:31:51Z,FL,partner
100627,2025-06-01T02:22:19Z,mo,app_store
100628,2025-06-22T02:51:54Z,MN,app_store
100629,2025-10-20T11:38:23Z,wa,partner
100630,2025-05-22T13:31:12Z,TX,partner
100631,2025-11-19T11:49:11Z,WA,partner
100632,2026-01-18T18:53:02Z,TX,paid_social
100633,2026-01-08T04:42:01Z,MO,partner
100634,2026-01-13T01:44:05Z,TX,paid_social
100635,2025-11-23T19:14:41Z,WA,organic
100636,2025-08-06T12:35:41Z,mi,partner
100637,2025-09-24T15:46:59Z,TX,referral
100638,2025-09-27T08:08:54Z,AL,partner
100639,2025-10-09T02:18:07Z,VA,school_email
100640,2025-12-01T21:07:55Z,KY,app_store
100641,2025-12-18T10:32:29Z,IL,app_store
100642,2025-11-19T13:49:54Z,MN,partner
100643,2025-09-07T17:28:43Z,NY,paid_social
100644,2025-07-12T15:52:26Z,MO,app_store
100645,2025-07-10T00:56:43Z,MI,organic
100646,2025-10-24T06:52:51Z,WA,school_email
100647,2025-08-25T22:43:47Z,MI,organic
100648,2026-01-16T17:27:31Z,MO,referral
100649,2025-05-11T00:00:58Z,PA,paid_social
100650,2025-05-31T21:48:15Z,MI,referral
100651,2025-08-12T19:36:56Z,MI,organic
100652,2026-02-04T02:22:20Z,FL,partner
100653,2025-08-19T19:23:49Z,IN,paid_social
100654,2025-11-09T22:54:45Z,IN,partner
100655,2025-12-12T06:57:51Z,AL,paid_social
100656,2025-10-25T01:16:01Z,VA,paid_social
100657,2025-12-21T10:21:14Z,TX,partner
100658,2026-02-07T18:35:19Z,KY,partner
100659,2026-01-28T10:07:00Z,IN,partner
100660,2026-01-13T03:35:02Z,SC,partner
100661,2025-08-31T02:52:08Z,CA,organic
100662,2025-11-08T22:10:37Z,OH,school_email
100663,2025-07-03T05:56:35Z,NY,paid_social
100664,2025-06-16T23:02:10Z,VA,app_store
100665,2025-06-06T19:50:05Z,NC,organic
100666,2026-01-18T00:47:08Z,IL,partner
100667,2025-08-23T03:54:27Z,FL,school_email
100668,2026-01-29T08:44:57Z,MI,organic
100669,2026-02-20T15:14:40Z,MO,app_store
100670,2025-07-26T02:37:57Z,IL,referral
100671,2025-07-16T18:26:17Z,MI,organic
100672,2025-07-08T05:50:52Z,PA,paid_social
100673,2025-06-05T01:51:43Z,WA,school_email
100674,2025-09-03T16:07:55Z,mo,app_store
100675,2025-05-21T23:51:30Z,PA,referral
100676,2025-07-31T17:32:09Z,NY,organic
100677,2025-10-01T19:45:13Z,VA,school_email
100678,2025-05-24T14:52:55Z,NY,app_store
100679,2025-06-19T14:24:22Z,KY,organic
100680,2026-02-24T21:27:35Z,GA,school_email
100681,2025-09-08T13:13:31Z,WI,school_email
100682,2025-09-16T00:49:42Z,GA,app_store
100683,2025-08-08T11:06:40Z,OH,partner
100684,2025-07-14T18:21:41Z,MO,partner
100685,2025-10-06T01:39:02Z,AL,paid_social
100686,2025-07-19T02:09:51Z,FL,partner
100687,2025-08-21T19:37:10Z,OH,referral
100688,2025-10-21T09:23:57Z,IN,app_store
100689,2025-12-29T18:50:31Z,SC,app_store
100690,2025-06-14T23:43:49Z,OH,app_store
100691,2025-07-18T21:38:20Z,KY,partner
100692,2025-11-09T19:26:11Z,SC,referral
100693,2025-10-13T02:56:24Z,al,school_email
100694,2025-06-22T03:05:56Z,TN,partner
100695,2025-06-11T04:23:12Z,CA,partner
100696,2025-05-12T20:21:21Z,SC,paid_social
100697,2025-08-15T02:31:02Z,FL,paid_social
100698,2025-10-14T01:03:12Z,GA,paid_social
100699,2026-01-31T01:05:10Z,IL,app_store
100700,2025-06-17T07:23:54Z,CA,partner
100701,2025-05-10T16:52:53Z,WA,paid_social
100702,2025-05-06T21:37:37Z,SC,school_email
100703,2025-09-12T19:56:11Z,MO,school_email
100704,2025-06-30T09:18:57Z,MI,organic
100705,2025-06-04T01:36:14Z,MI,paid_social
100706,2025-05-22T22:30:05Z,IN,partner
100707,2026-02-04T05:38:51Z,MO,app_store
100708,2025-06-07T18:29:34Z,SC,school_email
100709,2025-11-24T17:02:51Z,TX,school_email
100710,2026-01-26T22:43:38Z,TN,organic
100711,2025-08-01T00:07:26Z,SC,paid_social
100712,2025-10-09T14:16:03Z,GA,paid_social
100713,2026-02-16T11:07:35Z,ca,school_email
100714,2025-07-27T09:36:36Z,MI,partner
100715,2026-01-16T19:17:42Z,GA,partner
100716,2025-10-27T07:48:08Z,GA,paid_social
100717,2025-09-02T05:06:47Z,CA,app_store
100718,2025-08-20T03:46:55Z,MI,referral
100719,2025-12-13T19:22:17Z,SC,school_email
100720,2026-02-06T09:49:07Z,PA,referral
100721,2025-07-18T00:41:33Z,MO,school_email
100722,2025-07-03T12:38:13Z,OH,referral
100723,2026-02-02T00:17:57Z,IN,school_email
100724,2025-06-05T00:51:22Z,MO,organic
100725,2025-08-11T19:31:04Z,FL,school_email
100726,2025-12-06T05:34:12Z,KY,referral
100727,2025-06-21T23:40:36Z,PA,school_email
100728,2025-11-20T19:20:04Z,OH,app_store
100729,2025-10-16T20:05:51Z,WA,organic
100730,2025-09-05T12:44:35Z,KY,partner
100731,2025-05-17T04:06:32Z,TN,referral
100732,2025-12-03T16:35:43Z,MN,paid_social
100733,2025-06-19T09:10:35Z,SC,app_store
100734,2025-06-14T10:53:58Z,TN,school_email
100735,2025-11-25T13:33:50Z,KY,organic
100736,2025-07-28T21:48:59Z,CA,school_email
100737,2026-02-08T17:05:36Z,NC,partner
100738,2026-01-05T10:19:57Z,NY,partner
100739,2026-01-30T06:10:48Z,NC,referral
100740,2025-11-21T19:21:13Z,KY,referral
100741,2025-10-19T19:16:16Z,MO,paid_social
100742,2025-10-04T20:28:11Z,KY,school_email
100743,2025-07-29T10:02:40Z,CA,paid_social
100744,2026-02-12T07:01:37Z,MN,referral
100745,2026-01-31T08:36:43Z,KY,app_store
100746,2026-01-09T10:29:54Z,GA,partner
100747,2025-05-26T14:14:17Z,WI,paid_social
100748,2025-10-17T12:48:59Z,AL,app_store
100749,2025-11-05T01:51:09Z,TN,school_email
100750,2025-10-27T04:38:31Z,CA,paid_social
100751,2025-05-28T02:18:16Z,VA,school_email
100752,2025-11-13T19:53:17Z,SC,app_store
100753,2025-12-01T12:15:25Z,al,organic
100754,2025-08-13T19:01:57Z,TX,school_email
100755,2026-02-03T19:51:37Z,GA,app_store
100756,2025-09-01T03:33:22Z,TX,organic
100757,2025-11-27T13:38:42Z,VA,organic
100758,2025-12-03T14:29:58Z,IN,referral
100759,2025-09-09T21:30:09Z,KY,paid_social
100760,2025-11-05T02:19:41Z,SC,referral
100761,2025-12-13T03:27:19Z,VA,paid_social
100762,2025-09-27T00:07:55Z,mo,school_email
100763,2025-11-08T23:41:52Z,SC,referral
100764,2025-06-30T13:34:50Z,SC,referral
100765,2025-06-10T12:53:52Z,TX,referral
100766,2025-11-08T01:13:55Z,TX,paid_social
100767,2026-02-16T11:23:50Z,IL,referral
100768,2025-12-01T04:44:50Z,NY,app_store
100769,2025-05-05T07:49:16Z,TX,referral
100770,2025-10-01T11:05:58Z,KY,school_email
100771,2025-06-27T01:44:38Z,KY,app_store
100772,2025-08-08T14:12:51Z,mo,school_email
100773,2025-07-14T08:40:23Z,IL,partner
100774,2025-11-12T20:54:00Z,MN,referral
100775,2025-12-27T04:47:19Z,wa,app_store
100776,2025-10-10T10:33:02Z,SC,school_email
100777,2025-08-04T07:32:51Z,MI,organic
100778,2025-06-11T14:59:40Z,OH,school_email
100779,2025-11-07T01:22:23Z,WA,app_store
100780,2025-09-24T20:35:54Z,TX,paid_social
100781,2025-07-27T21:49:29Z,MI,school_email
100782,2025-11-01T12:50:55Z,NC,organic
100783,2025-11-26T03:18:52Z,IN,partner
100784,2025-12-02T14:39:37Z,FL,app_store
100785,2025-11-07T19:04:54Z,AL,referral
100786,2025-07-20T01:46:03Z,VA,school_email
100787,2026-02-15T16:04:51Z,TX,organic
100788,2025-10-07T03:30:36Z,MO,paid_social
100789,2025-11-17T10:40:43Z,IL,referral
100790,2025-08-23T23:05:06Z,IL,referral
100791,2025-09-25T23:33:57Z,OH,app_store
100792,2025-12-22T15:14:12Z,WA,school_email
100793,2025-08-22T07:26:02Z,FL,school_email
100794,2025-10-21T19:21:10Z,SC,school_email
100795,2025-11-06T01:57:24Z,TX,school_email
100796,2026-01-10T05:36:52Z,CA,organic
100797,2025-09-10T11:37:57Z,CA,referral
100798,2025-09-26T01:21:07Z,TN,referral
100799,2025-09-11T16:00:58Z,KY,paid_social
100800,2025-11-05T07:29:22Z,OH,referral
100801,2025-10-25T05:16:55Z,KY,paid_social
100802,2025-07-07T19:20:13Z,PA,referral
100803,2025-05-15T08:15:04Z,VA,organic
100804,2026-01-01T06:12:25Z,WA,referral
100805,2025-06-06T11:36:50Z,GA,app_store
100806,2025-05-14T21:17:54Z,IL,paid_social
100807,2025-06-09T13:06:27Z,IN,paid_social
100808,2025-12-29T20:56:27Z,NC,partner
100809,2025-05-07T02:27:25Z,IL,partner
100810,2026-01-24T04:12:28Z,NY,app_store
100811,2025-06-16T10:32:54Z,GA,partner
100812,2025-12-08T09:17:41Z,TN,app_store
100813,2026-01-25T04:16:20Z,SC,app_store
100814,2025-12-29T04:12:46Z,TN,app_store
100815,2026-01-15T15:53:49Z,NY,app_store
100816,2025-11-27T19:33:01Z,NC,organic
100817,2025-06-29T22:42:30Z,NY,school_email
100818,2025-10-10T12:04:28Z,KY,school_email
100819,2025-10-02T04:25:24Z,WI,referral
100820,2025-07-08T06:52:03Z,OH,app_store
100821,2025-12-03T13:02:25Z,ca,organic
100822,2025-09-08T15:30:48Z,MN,organic
100823,2025-12-07T12:17:12Z,WA,referral
100824,2025-06-29T05:54:44Z,MO,paid_social
100825,2026-01-27T08:48:35Z,NY,referral
100826,2025-07-28T14:27:09Z,VA,app_store
100827,2025-06-14T21:59:28Z,SC,app_store
100828,2025-07-13T11:13:56Z,KY,paid_social
100829,2025-10-31T18:57:04Z,GA,school_email
100830,2025-10-24T20:32:38Z,PA,app_store
100831,2025-06-20T13:48:53Z,WI,referral
100832,2025-09-24T16:05:57Z,WA,partner
100833,2025-07-02T08:23:52Z,wa,referral
100834,2025-05-17T20:04:54Z,WI,referral
100835,2026-02-09T01:00:27Z,IL,paid_social
100836,2025-08-07T13:10:45Z,WA,paid_social
100837,2025-06-24T10:47:18Z,PA,organic
100838,2026-01-03T10:48:16Z,FL,partner
100839,2025-05-16T14:46:16Z,IL,organic
100840,2026-01-27T19:57:46Z,OH,school_email
100841,2025-08-15T13:10:44Z,MN,school_email
100842,2025-06-14T12:32:16Z,IN,school_email
100843,2025-07-30T23:47:46Z,TX,app_store
100844,2026-02-12T04:30:28Z,mi,app_store
100845,2025-07-13T18:23:01Z,OH,paid_social
100846,2025-10-14T22:51:08Z,TN,app_store
100847,2025-07-07T01:15:50Z,PA,school_email
100848,2026-01-16T06:19:52Z,PA,organic
100849,2025-09-12T04:13:19Z,MO,app_store
100850,2025-11-20T23:22:19Z,MI,organic
100851,2025-06-15T12:17:14Z,OH,paid_social
100852,2026-01-14T14:46:33Z,NC,partner
100853,2025-11-27T06:01:51Z,WA,school_email
100854,2025-11-17T03:11:06Z,VA,organic
100855,2025-07-26T21:58:03Z,TX,app_store
100856,2025-07-14T21:02:18Z,MN,paid_social
100857,2026-01-25T20:17:27Z,CA,referral
100858,2025-06-11T17:13:23Z,WI,referral
100859,2026-02-21T10:22:43Z,mn,referral
100860,2026-02-22T16:55:13Z,NC,partner
100861,2025-09-13T20:21:02Z,IN,school_email
100862,2025-08-22T10:59:05Z,MI,paid_social
100863,2025-09-02T01:30:06Z,IL,school_email
100864,2026-01-19T18:36:53Z,TN,referral
100865,2025-06-08T18:01:55Z,FL,referral
100866,2025-11-06T04:32:26Z,WA,referral
100867,2025-05-12T17:04:27Z,MI,referral
100868,2026-01-22T21:49:00Z,MO,app_store
100869,2025-06-16T04:53:07Z,MN,school_email
100870,2025-09-15T20:49:49Z,WA,organic
100871,2025-09-20T11:58:05Z,MN,organic
100872,2025-07-15T20:03:49Z,MI,school_email
100873,2025-09-06T07:56:35Z,TX,app_store
100874,2026-02-06T18:32:07Z,FL,app_store
100875,2025-10-13T23:10:46Z,AL,paid_social
100876,2025-07-13T08:06:22Z,WA,school_email
100877,2025-08-11T15:19:11Z,NC,referral
100878,2025-09-10T17:42:50Z,TN,paid_social
100879,2025-06-22T07:54:35Z,GA,organic
100880,2025-06-19T07:45:23Z,TX,partner
100881,2025-11-13T15:20:09Z,MI,referral
100882,2025-08-02T12:37:35Z,TN,organic
100883,2025-10-03T23:28:17Z,AL,partner
100884,2025-12-29T19:20:21Z,AL,school_email
100885,2025-10-11T09:16:47Z,PA,app_store
100886,2025-10-02T04:41:25Z,MN,organic
100887,2025-09-27T22:28:08Z,GA,referral
100888,2025-12-11T23:34:25Z,GA,referral
100889,2025-12-29T23:21:25Z,WA,partner
100890,2025-08-11T14:44:35Z,IN,school_email
100891,2025-11-23T07:45:25Z,IN,school_email
100892,2025-05-19T19:14:45Z,FL,referral
100893,2025-06-05T21:35:09Z,CA,referral
100894,2025-05-31T14:37:49Z,AL,school_email
100895,2025-06-01T14:19:55Z,MO,app_store
100896,2025-06-04T03:44:57Z,GA,app_store
100897,2025-10-09T10:35:56Z,WI,app_store
100898,2025-08-09T03:05:28Z,IL,organic
100899,2025-06-30T02:00:24Z,MI,paid_social
100900,2025-09-24T15:29:47Z,sc,paid_social
100901,2026-02-23T04:48:38Z,NY,app_store
100902,2025-05-20T04:36:37Z,NC,partner
100903,2025-09-21T09:37:22Z,MO,school_email
100904,2025-10-19T06:41:11Z,KY,organic
100905,2026-02-27T10:59:20Z,GA,school_email
100906,2026-01-02T05:35:14Z,SC,partner
100907,2025-06-27T21:24:57Z,PA,school_email
100908,2025-06-23T17:23:07Z,IL,school_email
100909,2026-02-02T17:09:18Z,TX,paid_social
100910,2025-06-11T23:00:19Z,CA,app_store
100911,2025-10-26T19:12:26Z,OH,partner
100912,2025-11-18T05:01:29Z,WA,paid_social
100913,2025-06-20T11:07:42Z,SC,partner
100914,2025-09-30T11:36:48Z,NY,referral
100915,2026-02-02T13:19:18Z,OH,referral
100916,2025-08-30T10:46:05Z,IL,referral
100917,2025-07-01T13:40:29Z,NC,partner
100918,2025-08-12T04:24:20Z,TX,app_store
100919,2025-11-25T15:47:37Z,MI,school_email
100920,2026-02-16T20:12:29Z,NY,paid_social
100921,2025-07-05T16:45:49Z,GA,school_email
100922,2025-11-16T12:50:45Z,MO,paid_social
100923,2025-05-18T00:06:03Z,FL,school_email
100924,2025-12-07T10:05:11Z,MO,partner
100925,2025-10-15T06:18:47Z,MI,referral
100926,2025-07-21T22:39:06Z,MI,organic
100927,2025-08-07T13:56:47Z,WI,referral
100928,2025-09-08T10:27:49Z,MN,referral
100929,2025-08-09T18:35:00Z,PA,organic
100930,2025-12-15T07:43:00Z,SC,app_store
100931,2025-07-17T08:25:42Z,TX,referral
100932,2025-07-06T04:23:53Z,WA,partner
100933,2025-07-15T22:36:08Z,PA,referral
100934,2025-11-22T15:20:23Z,TN,referral
100935,2025-12-18T20:02:51Z,WA,referral
100936,2026-01-26T01:48:19Z,FL,school_email
100937,2025-07-31T13:18:04Z,MO,paid_social
100938,2025-08-31T05:10:47Z,NC,paid_social
100939,2025-08-14T00:52:18Z,MI,paid_social
100940,2025-10-10T19:28:59Z,PA,referral
100941,2025-11-01T06:39:01Z,FL,app_store
100942,2025-11-16T04:20:04Z,MO,school_email
100943,2026-02-23T08:00:50Z,SC,paid_social
100944,2025-07-08T10:48:21Z,MO,organic
100945,2025-09-01T07:39:07Z,OH,organic
100946,2025-07-21T14:32:21Z,SC,organic
100947,2025-09-26T17:25:11Z,FL,referral
100948,2025-12-19T08:20:38Z,VA,organic
100949,2025-06-25T02:04:16Z,VA,paid_social
100950,2026-02-03T22:46:05Z,VA,organic
100951,2025-11-02T14:30:47Z,NC,school_email
100952,2025-08-09T00:14:43Z,NC,app_store
100953,2025-10-26T19:37:39Z,SC,paid_social
100954,2026-01-31T05:21:40Z,MN,partner
100955,2026-02-01T10:46:25Z,NY,school_email
100956,2025-11-19T23:46:21Z,PA,referral
100957,2025-11-05T01:29:16Z,PA,organic
100958,2026-02-17T04:11:46Z,CA,app_store
100959,2025-08-09T04:52:28Z,NC,app_store
100960,2025-09-24T21:56:58Z,IN,organic
100961,2025-11-09T19:19:44Z,GA,partner
100962,2025-08-22T16:46:50Z,TX,organic
100963,2025-06-27T00:49:05Z,IN,partner
100964,2025-08-05T16:40:08Z,WA,organic
100965,2025-12-05T23:35:45Z,AL,app_store
100966,2025-09-23T19:38:51Z,PA,referral
100967,2025-08-04T16:12:31Z,TX,referral
100968,2025-08-23T05:28:45Z,NC,organic
100969,2025-11-08T10:49:08Z,FL,partner
100970,2025-11-21T09:00:51Z,IN,organic
100971,2026-01-24T04:41:10Z,TN,paid_social
100972,2026-02-07T23:54:16Z,MI,paid_social
100973,2025-06-30T03:18:44Z,TX,school_email
100974,2025-06-15T18:52:04Z,WA,organic
100975,2025-12-18T21:23:29Z,il,referral
100976,2025-12-04T06:20:53Z,OH,partner
100977,2025-09-18T10:59:01Z,AL,organic
100978,2026-02-08T19:25:46Z,AL,referral
100979,2025-11-10T07:59:34Z,MO,app_store
100980,2025-09-23T01:33:07Z,AL,school_email
100981,2025-06-17T16:51:13Z,VA,school_email
100982,2025-08-30T00:47:30Z,OH,school_email
100983,2026-02-04T04:52:55Z,GA,paid_social
100984,2025-08-28T13:17:31Z,IL,organic
100985,2025-07-02T20:12:26Z,CA,paid_social
100986,2025-06-20T08:00:13Z,al,school_email
100987,2025-10-13T10:57:09Z,TX,school_email
100988,2025-05-27T01:48:01Z,MO,paid_social
100989,2025-12-22T11:20:02Z,OH,referral
100990,2025-05-27T09:12:00Z,PA,school_email
100991,2026-02-12T08:38:11Z,NC,app_store
100992,2025-08-28T01:18:45Z,MN,paid_social
100993,2026-01-21T11:36:36Z,GA,app_store
100994,2025-10-24T15:05:47Z,TX,organic
100995,2025-05-09T06:40:41Z,FL,partner
100996,2025-09-25T23:12:21Z,PA,paid_social
100997,2025-10-04T23:51:40Z,WA,school_email
100998,2025-12-24T11:39:22Z,NY,school_email
100999,2025-12-11T12:33:16Z,MO,referral
101000,2025-07-25T13:37:17Z,TN,school_email
101001,2025-12-07T19:07:32Z,PA,paid_social
101002,2025-11-20T09:59:26Z,MI,organic
101003,2025-08-11T04:57:10Z,FL,organic
101004,2025-07-17T06:43:41Z,WA,app_store
101005,2025-10-06T15:06:24Z,SC,partner
101006,2025-12-11T19:40:45Z,SC,partner
101007,2025-08-03T21:03:31Z,OH,partner
101008,2025-08-17T16:30:38Z,TX,paid_social
101009,2025-07-12T05:12:06Z,MO,app_store
101010,2025-10-12T23:32:34Z,NC,referral
101011,2026-01-10T09:55:48Z,NY,organic
101012,2025-11-11T03:34:09Z,TN,organic
101013,2025-08-23T00:22:23Z,IN,school_email
101014,2025-05-15T08:20:37Z,IL,school_email
101015,2025-10-17T17:33:13Z,AL,school_email
101016,2025-07-02T15:27:58Z,MN,school_email
101017,2025-08-01T11:33:34Z,WA,organic
101018,2025-06-11T16:01:37Z,mo,referral
101019,2025-12-09T08:35:07Z,MN,app_store
101020,2025-05-18T20:00:16Z,WI,paid_social
101021,2025-06-01T01:24:54Z,MI,partner
101022,2026-01-22T01:22:11Z,WI,school_email
101023,2026-02-15T06:00:37Z,SC,school_email
101024,2026-02-05T05:21:29Z,MN,school_email
101025,2025-09-03T23:54:40Z,WA,referral
101026,2025-06-05T22:48:30Z,VA,partner
101027,2025-11-25T18:43:18Z,MI,school_email
101028,2025-11-01T04:59:08Z,KY,partner
101029,2025-10-01T15:17:18Z,FL,referral
101030,2025-06-19T03:28:08Z,mi,app_store
101031,2025-09-03T00:13:18Z,MI,partner
101032,2025-12-27T11:58:46Z,IN,school_email
101033,2025-09-01T10:38:52Z,VA,app_store
101034,2026-02-01T00:29:35Z,TX,referral
101035,2025-06-26T23:30:44Z,ca,partner
101036,2025-11-13T16:09:09Z,MI,partner
101037,2025-11-20T16:48:04Z,NY,referral
101038,2025-10-28T08:57:49Z,MN,paid_social
101039,2025-12-10T22:01:38Z,NY,app_store
101040,2025-12-01T13:00:02Z,MI,partner
101041,2025-12-18T08:00:44Z,TX,partner
101042,2025-07-18T03:51:24Z,GA,app_store
101043,2025-07-28T08:43:54Z,TN,paid_social
101044,2025-10-19T18:13:12Z,KY,organic
101045,2025-12-13T20:36:11Z,CA,app_store
101046,2025-09-21T11:40:14Z,VA,partner
101047,2025-06-05T10:07:15Z,ny,app_store
101048,2025-06-08T15:26:04Z,VA,school_email
101049,2025-12-10T20:17:44Z,VA,organic
101050,2025-10-13T18:21:03Z,SC,organic
101051,2025-05-21T18:22:48Z,GA,school_email
101052,2025-05-31T23:31:57Z,MO,referral
101053,2025-07-18T08:23:36Z,KY,paid_social
101054,2025-07-10T14:58:50Z,TX,organic
101055,2025-12-27T09:54:06Z,OH,app_store
101056,2025-08-12T19:20:20Z,KY,organic
101057,2025-09-30T08:45:22Z,GA,organic
101058,2026-02-23T03:24:03Z,SC,referral
101059,2025-06-13T05:46:20Z,WA,school_email
101060,2025-08-16T06:56:22Z,IN,school_email
101061,2025-06-18T02:14:14Z,FL,referral
101062,2025-07-07T02:02:58Z,AL,school_email
101063,2025-11-25T17:29:18Z,OH,partner
101064,2025-05-24T19:00:05Z,OH,organic
101065,2025-10-19T13:58:21Z,IL,partner
101066,2025-11-07T11:42:29Z,sc,paid_social
101067,2026-02-12T17:43:05Z,IL,referral
101068,2025-06-23T20:41:10Z,OH,referral
101069,2025-12-31T20:29:54Z,MI,organic
101070,2025-10-10T14:47:47Z,TX,school_email
101071,2025-08-30T07:13:35Z,MO,organic
101072,2025-09-22T19:07:55Z,IN,app_store
101073,2025-11-16T06:31:47Z,MI,organic
101074,2025-11-12T22:01:20Z,IL,school_email
101075,2025-06-12T19:14:17Z,TN,app_store
101076,2025-12-20T14:08:59Z,FL,partner
101077,2026-02-25T22:01:50Z,IN,partner
101078,2025-10-03T21:02:43Z,SC,paid_social
101079,2025-05-18T16:23:11Z,WA,app_store
101080,2025-06-29T03:47:01Z,SC,app_store
101081,2025-12-22T15:28:41Z,OH,referral
101082,2025-12-01T21:23:00Z,mi,app_store
101083,2025-05-11T06:29:11Z,CA,organic
101084,2026-01-30T10:57:04Z,KY,paid_social
101085,2025-06-30T23:16:13Z,WI,paid_social
101086,2025-06-22T09:43:48Z,WI,partner
101087,2026-01-28T19:46:39Z,PA,paid_social
101088,2025-09-28T20:54:27Z,AL,referral
101089,2025-11-05T17:05:15Z,VA,organic
101090,2025-05-22T14:22:29Z,TX,partner
101091,2025-07-19T21:41:08Z,WI,paid_social
101092,2025-05-18T16:40:32Z,WI,app_store
101093,2025-09-23T10:06:54Z,IN,organic
101094,2025-07-30T06:23:28Z,IN,app_store
101095,2026-02-09T05:32:34Z,NY,school_email
101096,2025-10-14T07:27:32Z,MI,app_store
101097,2025-08-30T18:40:29Z,SC,paid_social
101098,2025-10-12T02:25:50Z,AL,paid_social
101099,2025-12-12T09:00:26Z,PA,referral
101100,2025-06-12T12:20:58Z,NC,school_email
101101,2025-05-19T05:49:08Z,TX,school_email
101102,2025-11-29T10:18:41Z,NC,partner
101103,2025-10-13T00:55:15Z,IN,referral
101104,2025-09-10T08:18:45Z,GA,school_email
101105,2025-05-25T09:27:04Z,KY,organic
101106,2025-06-25T00:44:40Z,VA,partner
101107,2025-06-02T02:31:55Z,IN,partner
101108,2025-07-09T05:42:04Z,NC,app_store
101109,2025-05-29T09:43:31Z,GA,partner
101110,2025-11-14T16:05:17Z,MO,referral
101111,2026-01-15T20:04:37Z,TN,paid_social
101112,2025-05-16T10:25:09Z,MO,app_store
101113,2025-07-10T08:42:45Z,OH,referral
101114,2025-11-15T05:24:59Z,NY,partner
101115,2025-06-02T20:21:20Z,mi,school_email
101116,2025-07-09T16:25:55Z,CA,school_email
101117,2026-02-21T04:54:34Z,MN,partner
101118,2025-07-24T21:26:56Z,SC,partner
101119,2025-12-28T13:19:47Z,ca,paid_social
101120,2025-10-07T12:19:51Z,CA,referral
101121,2025-07-06T18:04:24Z,va,partner
101122,2025-05-17T11:57:25Z,MN,paid_social
101123,2025-09-01T12:23:57Z,WI,paid_social
101124,2025-10-08T12:00:06Z,WA,partner
101125,2026-01-28T04:17:12Z,WA,referral
101126,2026-01-29T09:37:22Z,CA,paid_social
101127,2026-02-12T08:14:29Z,OH,school_email
101128,2025-08-28T16:05:16Z,PA,organic
101129,2025-06-16T23:51:04Z,FL,app_store
101130,2026-02-06T15:21:11Z,IN,school_email
101131,2026-02-25T01:57:40Z,KY,app_store
101132,2025-08-18T19:53:58Z,FL,referral
101133,2025-05-05T13:43:22Z,VA,partner
101134,2025-06-22T09:23:37Z,VA,partner
101135,2025-08-19T13:06:55Z,AL,partner
101136,2025-09-20T07:19:23Z,AL,school_email
101137,2025-10-25T04:43:51Z,NY,app_store
101138,2025-05-07T14:49:26Z,GA,partner
101139,2026-01-15T09:07:58Z,NC,paid_social
101140,2025-09-23T05:00:58Z,TX,app_store
101141,2025-10-03T23:41:25Z,NC,referral
101142,2026-01-08T12:36:49Z,NY,school_email
101143,2025-07-14T09:46:51Z,MI,app_store
101144,2025-11-08T03:50:16Z,WI,school_email
101145,2025-10-16T07:25:40Z,tx,school_email
101146,2025-05-19T20:15:23Z,FL,school_email
101147,2026-01-14T02:49:26Z,MO,organic
101148,2026-01-01T23:11:30Z,TX,organic
101149,2025-10-31T02:07:20Z,GA,paid_social
101150,2025-10-15T21:45:24Z,IN,paid_social
101151,2026-01-18T13:10:31Z,OH,school_email
101152,2026-01-02T03:55:07Z,OH,organic
101153,2025-12-31T03:36:52Z,CA,organic
101154,2025-10-07T11:40:55Z,MN,app_store
101155,2025-07-12T13:06:44Z,NC,organic
101156,2026-01-21T14:22:02Z,FL,school_email
101157,2025-09-14T22:42:30Z,TX,paid_social
101158,2025-08-26T19:20:38Z,TX,referral
101159,2025-10-22T03:00:44Z,FL,referral
101160,2026-01-11T08:06:37Z,al,referral
101161,2025-09-03T03:34:31Z,va,paid_social
101162,2025-08-30T04:27:37Z,IL,paid_social
101163,2025-12-31T11:22:09Z,mi,organic
101164,2025-06-09T20:12:55Z,TX,referral
101165,2025-09-15T13:13:16Z,OH,organic
101166,2026-01-01T02:18:14Z,FL,paid_social
101167,2026-01-06T11:10:00Z,MO,paid_social
101168,2025-08-23T20:32:42Z,OH,app_store
101169,2025-10-01T15:00:22Z,VA,organic
101170,2025-09-05T16:37:06Z,TX,partner
101171,2025-11-13T10:39:07Z,SC,referral
101172,2025-10-15T13:05:17Z,GA,school_email
101173,2026-01-20T10:33:26Z,WI,partner
101174,2026-01-09T10:37:25Z,sc,organic
101175,2025-10-11T18:31:01Z,WI,paid_social
101176,2025-10-18T00:50:32Z,WI,school_email
101177,2025-07-28T02:45:56Z,TN,partner
101178,2025-09-18T03:58:56Z,MO,partner
101179,2025-08-19T11:55:01Z,CA,referral
101180,2025-07-17T13:48:11Z,mn,organic
101181,2025-11-20T22:06:16Z,wi,app_store
101182,2026-01-07T18:45:07Z,WA,referral
101183,2025-07-31T13:03:46Z,TX,app_store
101184,2026-02-21T14:13:04Z,KY,organic
101185,2025-09-04T08:55:05Z,GA,partner
101186,2025-09-15T18:27:35Z,TN,app_store
101187,2025-09-06T03:04:03Z,AL,app_store
101188,2025-12-16T09:08:30Z,TN,organic
101189,2026-01-02T23:00:58Z,MN,referral
101190,2025-11-01T19:07:25Z,WI,organic
101191,2025-11-14T11:17:15Z,TX,partner
101192,2026-02-21T11:25:26Z,TN,paid_social
101193,2025-10-15T07:51:21Z,NC,partner
101194,2026-01-07T23:42:22Z,TN,app_store
101195,2025-09-26T09:02:44Z,MO,app_store
101196,2025-07-29T19:25:42Z,NY,organic
101197,2026-01-08T18:36:58Z,IL,referral
101198,2026-02-08T17:30:07Z,NC,organic
101199,2025-08-02T08:15:21Z,PA,school_email
101200,2025-07-23T01:50:20Z,KY,app_store
101201,2026-01-04T17:27:37Z,GA,partner
101202,2025-08-05T00:59:29Z,PA,app_store
101203,2026-02-05T13:48:05Z,MO,partner
101204,2025-12-28T12:52:25Z,MI,organic
101205,2026-01-10T07:38:35Z,SC,partner
101206,2025-06-18T17:24:56Z,MI,app_store
101207,2026-02-06T01:28:58Z,IN,organic
101208,2025-06-29T16:51:28Z,MO,school_email
101209,2025-09-13T11:24:41Z,OH,organic
101210,2025-07-13T16:41:02Z,TX,partner
101211,2025-05-09T08:08:38Z,NC,app_store
101212,2026-02-12T12:12:18Z,WI,organic
101213,2025-12-11T19:47:30Z,MO,school_email
101214,2026-01-17T05:47:18Z,IL,app_store
101215,2026-02-16T00:42:08Z,AL,referral
101216,2025-10-01T03:49:01Z,mo,partner
101217,2026-01-07T16:16:56Z,FL,app_store
101218,2025-12-11T01:58:19Z,FL,partner
101219,2025-08-17T17:58:20Z,IN,partner
101220,2025-09-24T21:06:24Z,IL,organic
101221,2025-10-28T21:54:31Z,OH,school_email
101222,2025-09-28T16:56:26Z,SC,referral
101223,2025-11-06T10:08:13Z,TX,paid_social
101224,2025-06-18T15:32:31Z,PA,paid_social
101225,2025-09-27T18:15:30Z,TX,app_store
101226,2025-11-19T15:32:36Z,FL,paid_social
101227,2025-05-11T22:17:04Z,MO,organic
101228,2025-06-13T15:46:52Z,MO,referral
101229,2025-07-04T11:11:26Z,NC,referral
101230,2025-09-07T15:18:06Z,TX,school_email
101231,2025-12-02T01:24:48Z,CA,app_store
101232,2025-09-28T17:37:03Z,TX,school_email
101233,2026-02-26T01:37:53Z,WA,paid_social
101234,2025-05-12T07:17:26Z,VA,app_store
101235,2025-08-20T16:16:58Z,MN,referral
101236,2025-10-23T07:55:15Z,NC,referral
101237,2025-12-13T17:14:01Z,NC,referral
101238,2025-05-14T13:23:34Z,PA,paid_social
101239,2025-12-19T22:48:51Z,WI,partner
101240,2025-08-23T19:56:22Z,KY,organic
101241,2025-06-07T08:08:00Z,GA,organic
101242,2026-01-16T02:28:47Z,OH,organic
101243,2025-09-21T19:21:38Z,WA,referral
101244,2025-11-14T12:42:39Z,MI,referral
101245,2025-11-22T23:10:27Z,NY,referral
101246,2025-07-03T01:21:30Z,MN,school_email
101247,2025-08-04T08:09:00Z,al,organic
101248,2025-12-11T12:08:45Z,WI,partner
101249,2025-11-18T03:04:25Z,NC,school_email
101250,2026-01-03T16:13:37Z,MI,referral
101251,2025-09-28T19:51:12Z,wa,paid_social
101252,2025-05-31T16:27:41Z,GA,organic
101253,2026-02-23T23:04:58Z,NY,app_store
101254,2025-09-23T15:36:26Z,WI,referral
101255,2026-02-13T17:24:19Z,VA,paid_social
101256,2025-06-22T23:35:29Z,TX,paid_social
101257,2026-01-11T15:30:51Z,PA,partner
101258,2025-07-15T22:08:15Z,SC,organic
101259,2026-01-29T06:30:33Z,VA,organic
101260,2025-05-26T19:11:51Z,IL,referral
101261,2025-09-22T17:36:26Z,IL,app_store
101262,2025-12-04T15:57:26Z,GA,paid_social
101263,2025-12-16T15:06:30Z,NY,school_email
101264,2025-06-16T03:42:47Z,IN,app_store
101265,2026-01-29T11:24:03Z,GA,app_store
101266,2025-09-23T09:35:12Z,WA,paid_social
101267,2025-12-10T12:41:36Z,TX,partner
101268,2026-01-30T07:12:51Z,WI,paid_social
101269,2026-02-17T05:29:04Z,MI,school_email
101270,2025-12-25T02:25:49Z,GA,school_email
101271,2025-10-30T21:49:56Z,KY,partner
101272,2025-12-29T15:39:18Z,NY,referral
101273,2025-08-07T12:25:29Z,NY,paid_social
101274,2026-01-17T20:39:34Z,NC,partner
101275,2025-05-24T16:03:08Z,AL,app_store
101276,2025-12-13T00:07:59Z,IL,organic
101277,2025-05-17T14:37:44Z,MO,organic
101278,2026-01-22T14:05:04Z,FL,app_store
101279,2025-12-15T05:24:12Z,MO,referral
101280,2025-11-23T15:56:49Z,TX,organic
101281,2025-06-04T20:05:35Z,NC,app_store
101282,2025-12-01T00:26:57Z,MN,app_store
101283,2025-10-15T21:05:35Z,AL,school_email
101284,2025-06-25T11:27:52Z,TX,referral
101285,2025-09-08T09:13:58Z,WA,referral
101286,2026-02-08T21:09:00Z,AL,referral
101287,2025-12-22T18:49:37Z,NC,app_store
101288,2025-10-15T12:32:41Z,wa,paid_social
101289,2025-09-23T03:19:16Z,IN,partner
101290,2026-02-14T19:53:48Z,NY,school_email
101291,2025-10-06T05:20:40Z,WI,partner
101292,2025-07-15T00:07:15Z,PA,app_store
101293,2025-05-06T21:03:21Z,AL,paid_social
101294,2025-05-23T15:06:18Z,TN,school_email
101295,2026-01-09T09:31:18Z,VA,paid_social
101296,2025-08-24T09:01:26Z,MI,organic
101297,2026-01-10T06:32:39Z,SC,partner
101298,2025-06-24T18:01:17Z,SC,referral
101299,2025-08-11T10:15:12Z,MN,school_email
101300,2026-01-26T13:46:13Z,oh,organic
101301,2025-08-06T08:23:53Z,IN,referral
101302,2025-08-09T16:50:05Z,IL,paid_social
101303,2025-09-01T00:44:04Z,VA,partner
101304,2025-10-25T11:54:22Z,IL,referral
101305,2025-07-29T01:23:44Z,TX,organic
101306,2025-05-19T06:20:00Z,SC,organic
101307,2025-06-27T15:20:26Z,mn,referral
101308,2025-07-12T10:42:53Z,wa,referral
101309,2025-05-30T16:55:07Z,il,paid_social
101310,2025-08-24T00:43:09Z,NY,organic
101311,2025-11-10T05:56:08Z,IL,organic
101312,2025-07-12T13:16:57Z,TX,paid_social
101313,2025-07-05T20:59:07Z,AL,app_store
101314,2025-06-20T19:00:27Z,MO,paid_social
101315,2025-06-16T22:36:24Z,FL,referral
101316,2025-09-18T20:18:04Z,TX,paid_social
101317,2025-09-22T14:40:54Z,KY,app_store
101318,2025-05-21T08:21:01Z,TN,referral
101319,2025-07-20T06:59:01Z,in,partner
101320,2025-08-15T10:58:56Z,NC,school_email
101321,2025-06-28T11:42:34Z,IN,partner
101322,2025-09-21T22:35:38Z,FL,app_store
101323,2025-11-21T01:53:17Z,AL,paid_social
101324,2025-06-20T05:01:26Z,WA,paid_social
101325,2025-06-22T07:30:59Z,CA,organic
101326,2025-08-11T20:58:25Z,AL,referral
101327,2025-09-08T13:17:42Z,PA,app_store
101328,2025-06-14T06:28:12Z,SC,organic
101329,2025-07-14T02:08:13Z,TN,partner
101330,2025-08-14T00:22:11Z,FL,paid_social
101331,2025-12-29T16:26:16Z,MO,referral
101332,2025-10-13T11:31:18Z,WA,paid_social
101333,2025-12-02T11:55:38Z,AL,referral
101334,2026-02-15T07:56:10Z,WI,paid_social
101335,2025-11-20T03:42:10Z,KY,partner
101336,2025-11-18T23:44:23Z,WA,paid_social
101337,2025-08-06T12:49:28Z,MO,referral
101338,2025-12-04T21:31:20Z,CA,referral
101339,2025-06-18T19:07:00Z,WI,app_store
101340,2025-10-24T04:51:09Z,MI,partner
101341,2026-01-20T11:40:59Z,IN,organic
101342,2025-09-16T13:23:17Z,WA,app_store
101343,2025-08-25T22:07:21Z,SC,partner
101344,2026-01-13T14:39:07Z,NY,school_email
101345,2025-05-11T22:37:52Z,KY,paid_social
101346,2025-11-30T20:30:27Z,IN,organic
101347,2025-11-13T20:27:30Z,TN,partner
101348,2025-10-27T05:36:53Z,OH,organic
101349,2025-09-04T14:40:04Z,IN,school_email
101350,2025-09-02T11:35:27Z,FL,app_store
101351,2025-07-08T20:05:07Z,wi,school_email
101352,2026-01-19T22:59:15Z,MI,paid_social
101353,2025-11-18T09:37:00Z,VA,paid_social
101354,2025-11-08T15:28:23Z,OH,referral
101355,2025-11-12T10:25:11Z,MO,referral
101356,2025-10-15T20:58:02Z,TN,app_store
101357,2025-10-23T03:59:45Z,GA,referral
101358,2025-07-05T20:18:35Z,FL,referral
101359,2025-09-22T11:28:21Z,AL,app_store
101360,2025-12-18T20:56:16Z,MN,referral
101361,2025-05-15T21:27:10Z,NY,partner
101362,2025-07-02T07:40:04Z,GA,organic
101363,2025-08-16T23:34:05Z,GA,partner
101364,2025-11-06T14:23:38Z,MO,app_store
101365,2025-06-28T23:33:39Z,FL,app_store
101366,2025-10-02T05:24:33Z,MN,organic
101367,2025-05-22T14:31:31Z,VA,app_store
101368,2026-02-26T03:05:10Z,GA,referral
101369,2025-05-06T04:22:10Z,AL,referral
101370,2025-10-17T11:22:27Z,FL,partner
101371,2025-11-08T16:53:20Z,IN,referral
101372,2025-07-03T23:30:04Z,MN,app_store
101373,2025-05-26T13:38:19Z,GA,school_email
101374,2025-11-23T01:08:17Z,TN,app_store
101375,2025-11-18T19:25:28Z,MN,paid_social
101376,2025-06-06T09:17:46Z,ky,app_store
101377,2025-11-17T15:39:42Z,MN,paid_social
101378,2025-10-20T12:50:04Z,TN,app_store
101379,2025-09-27T09:57:35Z,PA,school_email
101380,2026-01-21T15:03:56Z,VA,partner
101381,2025-07-05T19:30:00Z,GA,paid_social
101382,2025-05-22T21:24:44Z,AL,app_store
101383,2025-06-13T08:24:00Z,TN,paid_social
101384,2025-07-21T15:31:43Z,TX,school_email
101385,2025-05-24T22:14:32Z,MN,organic
101386,2025-08-31T07:18:23Z,AL,app_store
101387,2026-02-24T07:50:11Z,TN,referral
101388,2025-05-31T05:29:15Z,FL,paid_social
101389,2025-09-20T18:55:27Z,WA,organic
101390,2025-06-11T22:01:48Z,MN,app_store
101391,2025-05-11T20:49:19Z,MI,school_email
101392,2026-02-06T18:37:33Z,TX,school_email
101393,2025-08-28T00:19:20Z,GA,paid_social
101394,2025-12-10T02:10:48Z,WI,school_email
101395,2026-01-11T10:59:09Z,IL,app_store
101396,2025-11-12T09:12:44Z,NY,paid_social
101397,2025-06-30T18:07:14Z,VA,app_store
101398,2025-06-17T15:46:44Z,SC,app_store
101399,2026-01-26T01:48:08Z,TX,organic
101400,2025-05-21T05:26:43Z,FL,paid_social
101401,2025-10-26T12:59:18Z,IL,app_store
101402,2025-09-18T23:28:03Z,MI,app_store
101403,2025-07-20T09:51:34Z,VA,school_email
101404,2026-02-06T12:08:17Z,NC,organic
101405,2025-05-11T09:15:47Z,MI,school_email
101406,2025-09-27T22:59:54Z,GA,referral
101407,2025-05-15T09:45:20Z,GA,paid_social
101408,2025-05-12T02:05:45Z,PA,referral
101409,2025-11-10T13:12:19Z,PA,paid_social
101410,2025-07-21T06:30:24Z,MN,referral
101411,2025-09-22T07:26:24Z,IN,paid_social
101412,2025-08-16T00:13:18Z,VA,referral
101413,2025-07-05T10:26:10Z,MN,school_email
101414,2025-12-05T02:01:26Z,SC,partner
101415,2026-01-06T23:05:57Z,ny,paid_social
101416,2025-09-05T07:52:32Z,NY,referral
101417,2025-08-01T22:26:53Z,VA,organic
101418,2025-08-12T02:24:07Z,WI,app_store
101419,2025-11-12T15:46:27Z,GA,partner
101420,2025-09-06T11:10:55Z,IL,school_email
101421,2026-01-26T12:20:12Z,MN,school_email
101422,2025-12-19T08:43:29Z,wi,app_store
101423,2025-08-17T15:02:56Z,IL,organic
101424,2025-07-26T07:40:15Z,WA,app_store
101425,2025-10-16T23:37:13Z,NY,partner
101426,2025-10-17T05:57:20Z,IN,school_email
101427,2026-01-07T09:34:00Z,FL,school_email
101428,2025-09-07T08:48:22Z,al,partner
101429,2025-09-03T11:24:22Z,MO,partner
101430,2025-08-31T09:26:11Z,WI,paid_social
101431,2025-05-23T22:45:24Z,FL,paid_social
101432,2025-05-12T21:05:40Z,WI,app_store
101433,2025-12-17T09:39:27Z,KY,app_store
101434,2025-10-21T20:13:09Z,MO,paid_social
101435,2025-10-13T09:29:31Z,TN,partner
101436,2025-05-28T06:59:08Z,FL,organic
101437,2026-02-15T12:24:42Z,MI,app_store
101438,2026-02-09T07:18:13Z,GA,school_email
101439,2025-08-23T05:58:53Z,FL,school_email
101440,2025-08-10T22:38:19Z,KY,school_email
101441,2025-05-08T05:53:32Z,IN,referral
101442,2025-06-02T01:00:02Z,SC,paid_social
101443,2025-12-14T08:29:29Z,TX,organic
101444,2026-02-25T02:12:26Z,WI,partner
101445,2025-09-09T20:13:37Z,MN,partner
101446,2025-11-11T02:16:21Z,NY,organic
101447,2026-02-02T14:41:18Z,PA,organic
101448,2026-02-06T00:52:17Z,CA,paid_social
101449,2025-11-21T12:21:46Z,mn,school_email
101450,2025-11-24T06:34:54Z,NC,app_store
101451,2025-10-25T03:10:05Z,WI,partner
101452,2025-07-18T06:47:26Z,MN,partner
101453,2025-07-26T15:47:40Z,WI,referral
101454,2025-09-11T23:40:49Z,OH,school_email
101455,2026-01-25T05:57:17Z,FL,paid_social
101456,2025-08-15T05:54:01Z,FL,organic
101457,2026-01-30T04:26:48Z,VA,partner
101458,2025-05-30T06:50:43Z,VA,app_store
101459,2025-11-15T15:18:55Z,AL,app_store
101460,2025-05-08T11:29:35Z,IL,paid_social
101461,2025-12-08T11:43:52Z,IN,paid_social
101462,2026-01-07T03:57:04Z,MO,referral
101463,2025-07-11T16:25:30Z,WA,organic
101464,2025-05-06T05:30:30Z,IL,paid_social
101465,2025-08-06T01:15:35Z,IL,school_email
101466,2026-02-27T03:44:03Z,WI,partner
101467,2025-06-28T15:44:41Z,NC,paid_social
101468,2025-09-30T07:51:50Z,SC,school_email
101469,2025-08-27T21:23:22Z,KY,organic
101470,2025-10-24T04:36:01Z,OH,app_store
101471,2025-10-12T05:12:17Z,TN,app_store
101472,2026-01-20T19:12:10Z,CA,partner
101473,2026-01-03T04:47:11Z,WA,partner
101474,2025-06-27T17:47:26Z,SC,app_store
101475,2025-05-13T10:53:14Z,NY,partner
101476,2026-02-25T20:27:06Z,NY,school_email
101477,2025-10-27T14:27:13Z,nc,organic
101478,2026-02-21T16:51:35Z,WI,app_store
101479,2025-06-07T15:56:30Z,OH,referral
101480,2026-01-22T04:52:24Z,IN,partner
101481,2025-07-02T08:42:49Z,CA,organic
101482,2025-09-09T04:44:33Z,NC,paid_social
101483,2026-01-19T08:19:31Z,IL,app_store
101484,2025-05-12T08:29:24Z,NC,app_store
101485,2025-08-21T03:04:29Z,CA,partner
101486,2025-12-27T13:51:06Z,FL,school_email
101487,2026-02-14T11:48:10Z,TN,app_store
101488,2025-07-13T17:24:32Z,MI,school_email
101489,2025-10-11T08:16:21Z,al,school_email
101490,2026-01-08T14:30:52Z,CA,partner
101491,2026-02-25T17:55:57Z,IN,school_email
101492,2025-09-09T14:43:20Z,nc,referral
101493,2025-05-25T13:26:54Z,NY,app_store
101494,2025-12-10T17:28:42Z,MI,organic
101495,2025-06-02T05:55:26Z,TN,app_store
101496,2025-06-05T01:13:51Z,OH,app_store
101497,2026-02-25T07:36:27Z,CA,organic
101498,2025-09-01T08:24:26Z,WA,partner
101499,2025-06-19T06:44:11Z,PA,partner
101500,2025-09-05T22:06:34Z,Ga.,referral
101501,2025-10-25T21:39:41Z,KY,referral
101502,2025-10-12T12:10:56Z,TX,referral
101503,2025-05-08T06:45:48Z,KY,referral
101504,2025-08-15T19:31:20Z,AL,partner
101505,2025-07-27T11:41:37Z,PA,app_store
101506,2025-10-05T17:29:21Z,TX,referral
101507,2025-06-13T16:02:45Z,NY,app_store
101508,2025-11-05T04:11:03Z,mi,partner
101509,2025-12-26T21:36:02Z,GA,referral
101510,2026-01-06T12:13:33Z,OH,partner
101511,2025-10-02T08:20:45Z,AL,paid_social
101512,2025-05-06T05:07:00Z,wa,partner
101513,2025-10-15T22:27:34Z,oh,app_store
101514,2025-10-04T05:23:53Z,GA,app_store
101515,2025-05-15T07:42:55Z,AL,referral
101516,2025-11-12T23:51:06Z,NC,app_store
101517,2026-02-07T17:49:10Z,OH,school_email
101518,2025-11-21T00:17:19Z,TN,referral
101519,2025-12-19T06:43:15Z,fl,school_email
101520,2025-05-08T22:28:04Z,TX,referral
101521,2025-05-16T14:31:04Z,VA,referral
101522,2025-08-18T06:52:55Z,VA,paid_social
101523,2026-01-02T07:12:44Z,TN,referral
101524,2025-12-13T12:59:17Z,MO,app_store
101525,2025-11-02T04:26:12Z,MI,paid_social
101526,2025-06-03T14:31:04Z,WI,app_store
101527,2025-06-07T12:14:08Z,MN,paid_social
101528,2025-11-13T09:19:30Z,OH,school_email
101529,2025-10-10T13:10:58Z,GA,school_email
101530,2025-11-06T18:20:50Z,TN,partner
101531,2026-01-09T03:01:47Z,MI,paid_social
101532,2025-08-04T17:36:56Z,VA,organic
101533,2025-06-29T08:44:38Z,WA,app_store
101534,2025-08-25T04:17:26Z,GA,partner
101535,2026-01-18T18:43:50Z,VA,app_store
101536,2026-01-21T17:35:10Z,SC,school_email
101537,2025-08-29T04:17:41Z,IL,partner
101538,2026-01-14T17:33:25Z,TN,paid_social
101539,2025-07-12T07:30:45Z,IL,paid_social
101540,2025-09-14T15:54:33Z,FL,app_store
101541,2025-07-28T21:20:33Z,WA,paid_social
101542,2025-09-01T15:36:23Z,NY,organic
101543,2025-10-20T22:26:08Z,GA,app_store
101544,2025-05-28T07:50:14Z,AL,school_email
101545,2025-07-19T22:09:17Z,in,paid_social
101546,2025-11-05T04:34:45Z,MN,paid_social
101547,2025-10-31T21:48:31Z,TN,partner
101548,2026-02-15T16:45:07Z,FL,referral
101549,2026-02-20T16:20:52Z,VA,organic
101550,2025-08-27T09:06:24Z,PA,partner
101551,2025-07-14T08:44:44Z,KY,app_store
101552,2025-10-18T21:24:57Z,PA,app_store
101553,2025-12-26T12:28:55Z,SC,partner
101554,2025-08-26T10:39:46Z,WA,organic
101555,2025-09-30T00:36:08Z,NC,app_store
101556,2025-11-26T07:51:06Z,WI,app_store
101557,2026-01-16T01:52:17Z,NY,school_email
101558,2025-08-07T01:31:34Z,IL,referral
101559,2025-07-02T16:23:22Z,TX,partner
101560,2025-10-21T07:59:31Z,KY,referral
101561,2025-09-06T18:13:39Z,NY,partner
101562,2025-10-01T03:03:31Z,WA,school_email
101563,2025-08-12T04:58:52Z,VA,referral
101564,2025-09-15T04:05:31Z,NY,partner
101565,2025-07-09T15:57:08Z,OH,organic
101566,2026-02-04T12:14:27Z,GA,referral
101567,2025-05-21T09:17:37Z,NC,referral
101568,2025-07-14T20:05:24Z,MI,partner
101569,2025-05-22T18:11:04Z,MN,school_email
101570,2025-07-26T19:21:54Z,GA,referral
101571,2026-02-04T16:01:21Z,MO,app_store
101572,2025-07-02T03:02:12Z,PA,app_store
101573,2026-01-02T22:37:02Z,SC,referral
101574,2026-02-18T00:22:17Z,IN,paid_social
101575,2025-11-04T04:10:00Z,OH,paid_social
101576,2025-09-12T08:35:10Z,MN,school_email
101577,2025-11-21T07:17:15Z,NC,referral
101578,2025-08-17T16:31:58Z,OH,partner
101579,2025-05-07T12:23:39Z,TX,partner
101580,2025-07-17T12:27:21Z,CA,referral
101581,2025-09-19T13:56:37Z,FL,partner
101582,2025-11-09T23:14:16Z,MN,paid_social
101583,2025-05-14T17:33:20Z,TX,app_store
101584,2025-05-27T17:17:48Z,NY,referral
101585,2025-10-30T12:31:07Z,OH,referral
101586,2026-01-23T15:29:22Z,PA,paid_social
101587,2025-08-22T15:07:41Z,GA,school_email
101588,2025-06-07T01:37:58Z,VA,school_email
101589,2025-10-26T17:26:34Z,NC,partner
101590,2025-05-31T23:04:42Z,KY,app_store
101591,2025-12-23T12:31:38Z,il,referral
101592,2025-10-03T06:15:28Z,IN,app_store
101593,2025-06-23T15:26:43Z,MO,partner
101594,2025-06-04T05:26:50Z,PA,partner
101595,2025-12-11T09:28:10Z,IL,organic
101596,2026-01-26T15:32:12Z,TX,referral
101597,2025-07-06T01:01:07Z,VA,partner
101598,2025-12-13T13:08:47Z,CA,referral
101599,2025-11-21T00:40:12Z,GA,paid_social
101600,2025-12-23T04:29:00Z,KY,partner
101601,2025-08-06T11:46:51Z,va,organic
101602,2025-10-02T17:25:02Z,FL,organic
101603,2025-12-23T17:15:48Z,CA,paid_social
101604,2025-11-26T04:46:24Z,MI,app_store
101605,2025-07-14T13:15:53Z,IL,school_email
101606,2026-02-19T19:34:35Z,MO,partner
101607,2025-06-27T04:50:42Z,MI,school_email
101608,2025-06-10T16:38:59Z,CA,partner
101609,2025-05-27T09:38:11Z,IN,school_email
101610,2025-08-12T20:20:15Z,IL,referral
101611,2025-06-07T08:58:49Z,PA,paid_social
101612,2025-07-15T00:40:00Z,wi,organic
101613,2025-12-17T04:25:07Z,IN,referral
101614,2025-09-22T03:53:42Z,MO,paid_social
101615,2025-09-01T13:05:38Z,TN,paid_social
101616,2026-02-27T23:34:23Z,VA,paid_social
101617,2025-09-20T06:23:48Z,PA,paid_social
101618,2025-10-27T18:27:28Z,NY,school_email
101619,2025-09-21T21:55:37Z,KY,referral
101620,2025-12-16T14:58:58Z,FL,partner
101621,2025-08-15T07:26:12Z,VA,app_store
101622,2025-12-17T16:53:54Z,CA,partner
101623,2025-08-12T12:30:33Z,PA,referral
101624,2025-11-14T00:29:46Z,MN,organic
101625,2025-08-14T22:12:01Z,NC,partner
101626,2026-02-08T02:55:07Z,NC,partner
101627,2025-12-06T18:47:54Z,FL,app_store
101628,2025-10-29T03:25:56Z,MO,school_email
101629,2025-12-31T18:34:28Z,MO,organic
101630,2025-07-12T05:32:26Z,AL,paid_social
101631,2025-06-17T06:33:33Z,OH,paid_social
101632,2025-05-25T10:04:27Z,KY,referral
101633,2025-12-05T22:57:29Z,MN,school_email
101634,2025-10-14T00:53:14Z,mn,referral
101635,2025-09-13T01:44:48Z,IL,partner
101636,2025-08-05T17:41:35Z,CA,school_email
101637,2025-06-21T17:35:11Z,VA,app_store
101638,2026-02-08T18:52:27Z,NY,paid_social
101639,2025-11-10T20:49:21Z,Georgia,app_store
101640,2025-11-14T19:51:59Z,MN,partner
101641,2025-05-17T20:24:39Z,TN,app_store
101642,2025-10-01T15:21:16Z,CA,school_email
101643,2025-06-12T01:45:00Z,CA,app_store
101644,2025-10-28T23:11:43Z,MO,partner
101645,2025-10-04T16:15:08Z,IN,paid_social
101646,2026-01-22T11:27:35Z,OH,app_store
101647,2025-09-08T19:48:10Z,PA,partner
101648,2025-12-25T16:30:55Z,KY,organic
101649,2025-12-02T03:46:22Z,TN,partner
101650,2026-01-05T13:04:18Z,TN,organic
101651,2025-05-31T00:09:41Z,PA,organic
101652,2025-10-02T02:06:01Z,TX,school_email
101653,2025-07-16T18:57:32Z,PA,organic
101654,2025-05-23T20:36:40Z,PA,partner
101655,2025-08-08T01:03:18Z,WA,school_email
101656,2025-10-16T04:27:59Z,KY,partner
101657,2025-06-26T16:55:14Z,MI,app_store
101658,2026-02-08T22:12:07Z,FL,paid_social
101659,2025-10-19T19:02:59Z,TX,organic
101660,2025-10-02T09:03:00Z,TN,paid_social
101661,2025-08-01T10:04:43Z,MO,partner
101662,2025-06-09T20:56:21Z,WA,organic
101663,2025-08-11T08:40:15Z,MO,school_email
101664,2025-12-13T02:35:57Z,KY,referral
101665,2025-07-20T03:54:55Z,KY,school_email
101666,2025-09-20T18:39:23Z,WA,paid_social
101667,2025-11-24T10:50:38Z,OH,organic
101668,2025-05-15T23:46:21Z,WI,partner
101669,2025-05-26T06:21:34Z,KY,referral
101670,2025-06-20T02:02:53Z,MN,organic
101671,2025-06-17T04:05:22Z,MN,referral
101672,2026-01-14T21:49:47Z,WI,paid_social
101673,2025-11-29T03:10:53Z,GA,school_email
101674,2025-06-29T23:57:23Z,NC,partner
101675,2025-05-30T04:49:12Z,OH,referral
101676,2026-01-03T12:44:35Z,PA,partner
101677,2026-02-06T10:57:53Z,OH,app_store
101678,2025-11-14T13:43:35Z,NC,school_email
101679,2025-06-23T08:39:11Z,WI,app_store
101680,2025-11-15T07:01:35Z,NC,school_email
101681,2025-11-25T20:59:54Z,KY,partner
101682,2025-08-08T01:18:34Z,IL,paid_social
101683,2025-08-01T06:33:37Z,WI,paid_social
101684,2025-11-10T10:32:25Z,in,organic
101685,2025-12-03T16:50:49Z,WI,app_store
101686,2025-10-25T04:51:24Z,SC,paid_social
101687,2025-05-17T11:49:15Z,IL,organic
101688,2025-08-14T20:20:38Z,MO,partner
101689,2026-01-06T14:54:54Z,WA,school_email
101690,2025-09-13T07:30:52Z,mi,app_store
101691,2025-08-10T09:19:04Z,OH,partner
101692,2025-10-08T23:29:28Z,NY,app_store
101693,2025-08-14T05:31:15Z,OH,partner
101694,2026-01-17T03:43:44Z,KY,school_email
101695,2025-09-23T05:02:02Z,IN,school_email
101696,2025-08-27T15:42:18Z,WA,partner
101697,2025-08-03T16:13:52Z,IN,referral
101698,2025-06-09T02:26:18Z,IN,partner
101699,2025-07-10T06:26:20Z,fl,referral
101700,2025-06-07T01:59:04Z,GA,paid_social
101701,2026-02-15T15:29:21Z,AL,paid_social
101702,2025-12-15T14:25:16Z,WA,referral
101703,2025-11-03T18:18:03Z,TN,referral
101704,2025-12-27T19:14:39Z,KY,paid_social
101705,2025-05-29T00:31:22Z,AL,referral
101706,2025-11-12T09:38:50Z,TX,organic
101707,2025-12-10T10:40:04Z,NY,organic
101708,2025-09-27T01:53:58Z,CA,paid_social
101709,2025-11-30T18:03:30Z,NC,paid_social
101710,2025-05-10T00:26:29Z,PA,organic
101711,2025-06-03T08:08:41Z,KY,app_store
101712,2025-11-17T03:15:44Z,SC,paid_social
101713,2025-05-10T05:32:53Z,al,paid_social
101714,2025-12-10T21:43:55Z,WI,organic
101715,2026-01-04T23:38:22Z,TX,paid_social
101716,2026-02-27T11:45:44Z,CA,school_email
101717,2025-09-13T18:56:40Z,MN,paid_social
101718,2025-06-20T14:59:36Z,AL,paid_social
101719,2025-11-28T23:57:52Z,MN,partner
101720,2026-02-14T00:48:00Z,NC,paid_social
101721,2025-05-12T21:37:56Z,CA,partner
101722,2025-06-12T04:03:04Z,NY,partner
101723,2025-05-08T14:12:25Z,NY,referral
101724,2026-01-11T13:47:41Z,SC,referral
101725,2025-10-18T05:21:31Z,in,referral
101726,2025-09-03T11:31:37Z,NC,organic
101727,2025-10-14T00:10:15Z,PA,referral
101728,2026-01-26T15:52:28Z,VA,organic
101729,2025-06-12T23:11:23Z,SC,paid_social
101730,2025-09-24T05:59:09Z,WI,paid_social
101731,2025-07-15T01:57:08Z,IN,organic
101732,2025-08-13T00:05:23Z,FL,school_email
101733,2025-10-27T20:53:37Z,CA,app_store
101734,2025-06-20T10:16:22Z,GA,referral
101735,2025-05-06T05:45:12Z,IL,school_email
101736,2025-10-03T11:36:43Z,AL,school_email
101737,2025-09-04T07:50:42Z,OH,app_store
101738,2025-06-21T17:20:35Z,PA,organic
101739,2025-08-16T17:40:46Z,SC,organic
101740,2025-07-28T15:41:32Z,WI,school_email
101741,2025-07-02T11:24:54Z,IL,partner
101742,2025-09-11T07:28:27Z,NC,app_store
101743,2025-12-04T22:59:49Z,NY,school_email
101744,2026-02-07T00:42:19Z,SC,referral
101745,2025-06-06T11:38:59Z,PA,partner
101746,2025-10-02T23:36:13Z,WI,app_store
101747,2025-07-17T05:04:41Z,NC,organic
101748,2025-12-27T16:45:02Z,NY,referral
101749,2025-11-17T22:35:41Z,VA,paid_social
101750,2026-01-15T02:36:54Z,MI,organic
101751,2025-10-27T13:06:11Z,TN,referral
101752,2026-02-17T13:49:45Z,tn,paid_social
101753,2026-02-10T20:46:28Z,AL,paid_social
101754,2025-11-27T06:10:15Z,GA,app_store
101755,2026-01-07T05:12:06Z,WA,referral
101756,2025-09-10T04:02:42Z,PA,paid_social
101757,2025-09-06T02:34:57Z,VA,app_store
101758,2026-01-08T02:37:22Z,GA,school_email
101759,2026-01-12T17:43:58Z,AL,organic
101760,2025-12-14T22:58:14Z,AL,referral
101761,2025-11-10T05:23:31Z,IN,app_store
101762,2025-06-02T05:32:30Z,SC,partner
101763,2025-07-25T20:31:13Z,KY,paid_social
101764,2026-02-13T22:25:32Z,MO,referral
101765,2025-08-15T19:20:15Z,FL,paid_social
101766,2025-09-01T06:11:44Z,IN,app_store
101767,2025-09-12T19:16:05Z,MO,organic
101768,2025-11-05T01:42:07Z,CA,partner
101769,2026-02-25T23:41:29Z,NC,partner
101770,2026-01-21T08:49:20Z,OH,school_email
101771,2025-05-04T05:52:30Z,IN,referral
101772,2025-10-22T23:04:21Z,MN,school_email
101773,2025-05-13T08:40:33Z,NY,partner
101774,2025-06-24T10:36:22Z,MI,organic
101775,2026-01-18T16:16:07Z,OH,referral
101776,2025-12-23T06:18:48Z,IL,partner
101777,2025-05-18T16:33:06Z,PA,partner
101778,2025-11-15T01:30:31Z,MI,paid_social
101779,2026-02-27T07:25:07Z,MO,partner
101780,2025-05-19T00:52:52Z,TN,referral
101781,2025-05-24T09:48:49Z,NC,app_store
101782,2025-07-12T17:46:55Z,WA,app_store
101783,2025-12-22T13:48:50Z,PA,partner
101784,2025-06-10T23:51:18Z,MO,referral
101785,2025-08-19T10:48:59Z,GA,organic
101786,2025-07-19T20:55:23Z,TN,partner
101787,2025-10-24T22:09:15Z,CA,partner
101788,2026-02-26T12:48:51Z,VA,organic
101789,2026-02-01T22:30:24Z,WI,app_store
101790,2025-12-21T21:55:32Z,PA,referral
101791,2026-02-25T10:31:49Z,MN,partner
101792,2026-01-09T17:15:01Z,CA,organic
101793,2026-02-27T12:41:50Z,FL,organic
101794,2025-08-15T16:05:00Z,MI,organic
101795,2025-10-26T02:35:06Z,OH,partner
101796,2025-05-16T03:52:05Z,OH,organic
101797,2025-06-16T21:01:27Z,TX,app_store
101798,2025-05-13T11:46:30Z,wi,organic
101799,2025-12-19T01:02:05Z,TX,paid_social
101800,2025-09-01T16:16:36Z,FL,partner
101801,2025-10-18T19:59:41Z,GA,app_store
101802,2025-05-21T00:46:19Z,WA,app_store
101803,2025-07-23T13:58:13Z,MO,referral
101804,2026-02-13T03:23:50Z,GA,partner
101805,2026-02-26T12:32:30Z,NC,school_email
101806,2026-01-12T02:26:36Z,FL,organic
101807,2025-11-04T03:21:02Z,TX,school_email
101808,2025-11-24T21:56:53Z,IN,paid_social
101809,2025-08-03T19:05:15Z,TX,app_store
101810,2025-07-31T01:08:30Z,MN,organic
101811,2025-12-28T14:08:30Z,WI,school_email
101812,2025-06-06T01:52:23Z,WA,organic
101813,2025-10-04T12:01:45Z,TX,organic
101814,2025-06-13T15:23:03Z,VA,partner
101815,2026-02-23T08:44:16Z,MN,school_email
101816,2025-07-08T07:28:59Z,NC,paid_social
101817,2026-02-26T19:39:53Z,IN,referral
101818,2026-02-23T07:11:25Z,ca,organic
101819,2025-10-06T04:27:54Z,WI,partner
101820,2025-10-03T14:15:18Z,VA,referral
101821,2025-10-05T02:40:21Z,WA,partner
101822,2025-07-23T11:28:57Z,al,referral
101823,2025-12-31T14:32:44Z,MO,app_store
101824,2025-09-30T05:30:01Z,GA,referral
101825,2026-01-24T13:18:12Z,MN,app_store
101826,2025-09-11T21:32:19Z,MO,organic
101827,2025-08-16T08:27:29Z,VA,referral
101828,2025-08-05T02:40:47Z,GA,organic
101829,2025-05-14T06:18:53Z,MN,referral
101830,2025-05-14T22:04:09Z,PA,paid_social
101831,2025-05-19T08:24:54Z,KY,organic
101832,2025-09-02T03:48:34Z,NC,partner
101833,2026-01-26T14:21:34Z,MN,referral
101834,2025-07-31T15:07:57Z,PA,partner
101835,2025-09-01T20:17:00Z,OH,referral
101836,2025-07-24T13:59:50Z,GA,app_store
101837,2026-02-23T07:32:44Z,GA,app_store
101838,2025-06-18T07:13:10Z,OH,paid_social
101839,2025-11-05T02:34:55Z,OH,app_store
101840,2025-08-18T22:54:46Z,OH,referral
101841,2026-02-11T14:41:19Z,OH,school_email
101842,2026-01-26T13:46:28Z,MI,referral
101843,2026-02-03T14:47:18Z,MO,referral
101844,2025-05-28T07:04:02Z,WA,school_email
101845,2026-01-10T10:26:41Z,WA,paid_social
101846,2025-09-08T10:45:18Z,IL,organic
101847,2025-08-10T14:29:43Z,IL,paid_social
101848,2026-02-06T04:22:57Z,AL,organic
101849,2025-08-20T17:00:36Z,WA,paid_social
101850,2026-01-26T10:28:33Z,TN,organic
101851,2026-01-20T11:24:44Z,MO,school_email
101852,2025-07-17T18:25:01Z,fl,partner
101853,2026-02-22T15:05:30Z,CA,app_store
101854,2025-09-22T18:55:37Z,MN,partner
101855,2025-07-20T22:58:17Z,AL,partner
101856,2025-11-13T14:03:12Z,GA,referral
101857,2025-12-28T22:25:26Z,MN,paid_social
101858,2026-01-13T08:52:03Z,MO,organic
101859,2026-01-16T14:10:01Z,TN,paid_social
101860,2026-01-18T07:18:03Z,MN,school_email
101861,2025-12-31T08:46:13Z,AL,paid_social
101862,2025-09-11T07:30:40Z,VA,app_store
101863,2025-11-21T04:15:43Z,VA,partner
101864,2025-12-03T17:56:30Z,MO,organic
101865,2026-02-14T19:22:56Z,NC,organic
101866,2025-07-10T02:30:30Z,AL,organic
101867,2026-01-28T03:21:55Z,WA,partner
101868,2025-10-01T18:22:03Z,TX,paid_social
101869,2025-08-17T02:42:22Z,AL,school_email
101870,2026-01-04T11:28:58Z,WA,school_email
101871,2025-09-15T11:33:00Z,CA,organic
101872,2025-07-07T15:10:19Z,NY,app_store
101873,2025-08-06T00:45:57Z,IN,school_email
101874,2025-09-14T00:07:36Z,VA,paid_social
101875,2025-10-30T14:42:48Z,KY,school_email
101876,2025-06-01T15:43:24Z,MI,school_email
101877,2026-02-15T12:07:10Z,WA,school_email
101878,2026-02-27T18:20:01Z,VA,paid_social
101879,2025-11-13T09:55:49Z,OH,organic
101880,2025-11-17T10:26:57Z,MO,organic
101881,2025-06-16T11:13:45Z,MI,app_store
101882,2025-05-10T03:59:04Z,TN,organic
101883,2026-02-10T00:21:45Z,WA,referral
101884,2025-07-14T04:23:28Z,FL,organic
101885,2025-10-09T15:26:08Z,WI,app_store
101886,2025-05-30T04:45:18Z,VA,partner
101887,2025-10-29T18:24:37Z,AL,organic
101888,2025-11-08T10:15:39Z,NC,partner
101889,2025-09-09T18:57:53Z,GA,school_email
101890,2025-12-01T00:27:38Z,AL,organic
101891,2025-09-21T02:51:01Z,TX,paid_social
101892,2026-02-09T19:59:29Z,PA,paid_social
101893,2026-01-28T06:53:37Z,AL,paid_social
101894,2025-06-07T01:53:15Z,KY,app_store
101895,2025-11-30T00:16:57Z,MO,app_store
101896,2025-05-14T19:10:17Z,AL,paid_social
101897,2025-07-11T09:30:39Z,mo,organic
101898,2025-06-19T02:05:55Z,GA,school_email
101899,2025-08-03T12:12:51Z,FL,partner
101900,2025-05-05T21:52:45Z,IN,school_email
101901,2025-07-29T13:30:49Z,TX,school_email
101902,2025-08-09T12:03:58Z,FL,paid_social
101903,2025-09-19T03:18:00Z,OH,school_email
101904,2025-08-26T02:36:09Z,al,referral
101905,2025-05-16T17:58:20Z,AL,school_email
101906,2025-12-04T06:41:17Z,AL,organic
101907,2025-07-10T07:17:47Z,CA,paid_social
101908,2026-02-18T11:49:46Z,MN,paid_social
101909,2026-01-30T05:43:58Z,KY,partner
101910,2025-11-29T03:42:32Z,GA,paid_social
101911,2025-05-19T05:12:22Z,SC,referral
101912,2025-12-05T18:47:26Z,CA,partner
101913,2025-09-27T04:09:54Z,FL,app_store
101914,2025-12-05T04:31:59Z,MI,partner
101915,2025-10-19T05:30:10Z,MO,paid_social
101916,2025-12-12T08:34:46Z,PA,partner
101917,2026-02-25T21:39:39Z,MN,organic
101918,2025-11-08T09:41:03Z,FL,organic
101919,2025-08-05T08:50:46Z,MO,organic
101920,2025-07-08T16:25:54Z,AL,paid_social
101921,2025-08-24T21:41:18Z,MO,paid_social
101922,2026-01-01T22:15:39Z,NC,app_store
101923,2025-11-15T18:41:31Z,SC,school_email
101924,2026-02-21T17:57:37Z,CA,partner
101925,2025-07-11T14:21:12Z,GA,organic
101926,2025-10-16T19:59:22Z,WI,app_store
101927,2025-11-08T19:12:08Z,KY,school_email
101928,2026-01-16T23:45:52Z,WA,school_email
101929,2025-07-26T04:25:58Z,AL,app_store
101930,2025-08-14T12:41:40Z,GA,referral
101931,2025-12-15T11:58:47Z,AL,referral
101932,2025-10-04T06:44:02Z,AL,referral
101933,2025-10-17T01:02:19Z,FL,paid_social
101934,2025-11-11T23:59:05Z,FL,app_store
101935,2025-06-09T00:20:32Z,MO,referral
101936,2026-02-01T21:46:02Z,MI,app_store
101937,2025-10-15T01:01:24Z,FL,referral
101938,2025-09-03T15:50:45Z,IN,referral
101939,2025-09-26T23:07:34Z,WA,app_store
101940,2025-09-30T15:52:54Z,CA,referral
101941,2025-08-08T01:31:25Z,OH,app_store
101942,2025-06-10T18:32:17Z,GA,paid_social
101943,2025-05-11T12:27:12Z,WI,referral
101944,2025-06-17T09:12:40Z,MI,app_store
101945,2025-08-18T13:03:08Z,OH,paid_social
101946,2025-12-20T22:11:29Z,KY,organic
101947,2025-12-01T13:37:19Z,KY,organic
101948,2025-10-01T15:16:37Z,AL,referral
101949,2025-11-16T15:52:06Z,IL,partner
101950,2025-10-26T15:43:18Z,GA,app_store
101951,2025-11-03T07:22:39Z,FL,organic
101952,2025-11-20T18:33:32Z,GA,paid_social
101953,2025-06-24T14:14:25Z,AL,partner
101954,2025-07-30T17:54:12Z,CA,organic
101955,2025-09-25T15:46:19Z,TN,app_store
101956,2025-10-09T22:08:47Z,FL,partner
101957,2025-10-06T22:06:05Z,WI,app_store
101958,2025-11-11T08:38:52Z,MI,app_store
101959,2025-05-17T16:45:38Z,CA,organic
101960,2025-11-02T20:47:28Z,SC,school_email
101961,2026-02-11T03:43:02Z,OH,referral
101962,2025-06-20T18:55:27Z,VA,referral
101963,2026-01-26T17:50:59Z,SC,paid_social
101964,2025-11-07T11:44:59Z,WI,referral
101965,2025-10-27T22:05:29Z,FL,referral
101966,2026-01-10T01:18:15Z,MI,referral
101967,2025-07-02T22:19:50Z,CA,organic
101968,2025-08-24T21:24:11Z,NY,organic
101969,2025-05-26T17:45:49Z,AL,school_email
101970,2025-08-06T21:46:35Z,IN,school_email
101971,2025-06-28T00:58:53Z,KY,paid_social
101972,2025-09-05T00:11:38Z,NY,partner
101973,2025-09-02T01:15:09Z,NY,partner
101974,2025-06-12T19:23:46Z,WA,school_email
101975,2026-01-07T05:54:57Z,MI,partner
101976,2025-11-22T10:28:42Z,TN,referral
101977,2025-10-23T16:58:22Z,FL,referral
101978,2025-08-06T00:36:39Z,VA,paid_social
101979,2025-06-23T17:28:30Z,SC,referral
101980,2025-07-17T00:31:22Z,SC,school_email
101981,2025-11-13T02:35:34Z,FL,organic
101982,2025-07-16T02:34:17Z,FL,paid_social
101983,2025-05-10T15:45:20Z,ky,partner
101984,2025-09-11T11:14:38Z,PA,partner
101985,2025-12-06T13:06:02Z,MI,paid_social
101986,2025-08-25T05:00:01Z,IL,referral
101987,2026-02-27T23:33:21Z,AL,organic
101988,2025-08-10T16:54:54Z,WI,school_email
101989,2025-08-30T02:49:06Z,IL,paid_social
101990,2025-10-08T22:19:30Z,MI,partner
101991,2026-01-31T05:15:48Z,NC,organic
101992,2025-06-24T18:56:38Z,VA,referral
101993,2025-09-26T00:32:01Z,FL,partner
101994,2025-07-22T00:12:58Z,KY,app_store
101995,2026-01-06T11:38:59Z,sc,school_email
101996,2025-08-01T08:52:03Z,NC,school_email
101997,2025-07-12T14:40:51Z,SC,school_email
101998,2025-11-03T00:43:57Z,PA,organic
101999,2025-06-11T22:25:59Z,TX,app_store
102000,2025-10-15T00:04:40Z,MN,partner
102001,2025-07-06T21:09:53Z,NY,partner
102002,2025-11-10T10:57:02Z,SC,partner
102003,2025-09-08T07:07:10Z,SC,referral
102004,2025-08-21T12:27:26Z,WI,referral
102005,2025-10-01T22:51:29Z,WA,school_email
102006,2025-09-02T04:28:59Z,IN,school_email
102007,2025-09-30T19:04:45Z,MO,paid_social
102008,2026-01-29T13:34:26Z,IN,school_email
102009,2025-07-24T18:58:05Z,PA,paid_social
102010,2025-07-29T07:11:30Z,SC,school_email
102011,2025-06-30T06:27:01Z,GA,paid_social
102012,2025-08-17T15:21:42Z,NY,app_store
102013,2026-02-25T13:30:21Z,KY,app_store
102014,2025-10-22T21:37:45Z,PA,referral
102015,2026-01-14T17:47:29Z,al,school_email
102016,2025-06-12T21:33:03Z,MO,app_store
102017,2025-08-12T06:04:50Z,NC,organic
102018,2025-06-21T12:44:48Z,FL,app_store
102019,2026-01-25T07:26:52Z,KY,paid_social
102020,2025-05-28T05:29:56Z,MI,partner
102021,2025-05-20T01:46:48Z,TX,paid_social
102022,2025-07-05T20:33:02Z,IN,organic
102023,2025-05-08T04:16:47Z,IL,app_store
102024,2025-10-16T07:12:07Z,TN,paid_social
102025,2025-10-26T10:57:44Z,OH,school_email
102026,2025-12-21T17:50:08Z,GA,paid_social
102027,2025-11-29T17:23:19Z,NY,partner
102028,2025-12-17T09:05:29Z,AL,partner
102029,2026-01-04T19:35:18Z,NC,paid_social
102030,2025-08-13T09:45:04Z,MO,school_email
102031,2025-11-23T14:17:48Z,AL,paid_social
102032,2025-07-26T23:52:40Z,MI,partner
102033,2025-12-19T03:55:21Z,WA,school_email
102034,2025-05-17T01:11:24Z,MO,school_email
102035,2025-12-26T17:34:01Z,AL,partner
102036,2025-07-15T20:04:42Z,MO,school_email
102037,2025-10-21T21:42:06Z,pa,school_email
102038,2025-09-03T14:06:45Z,IL,school_email
102039,2025-11-02T03:51:39Z,VA,referral
102040,2026-02-07T17:48:21Z,ca,school_email
102041,2025-12-31T00:58:59Z,FL,school_email
102042,2025-09-01T07:19:10Z,AL,paid_social
102043,2025-10-17T06:42:21Z,FL,referral
102044,2025-11-14T16:46:09Z,OH,referral
102045,2025-10-30T04:16:16Z,MO,paid_social
102046,2025-10-20T02:22:53Z,WA,partner
102047,2025-08-10T07:51:20Z,IL,app_store
102048,2026-01-15T14:01:09Z,IN,school_email
102049,2025-05-19T03:36:06Z,IL,school_email
102050,2026-01-07T22:33:09Z,TX,partner
102051,2025-12-13T04:12:35Z,IN,referral
102052,2025-08-30T03:46:53Z,MO,referral
102053,2026-01-27T14:55:47Z,mi,referral
102054,2025-12-10T05:17:32Z,VA,app_store
102055,2026-02-21T21:30:58Z,AL,app_store
102056,2025-10-21T22:02:18Z,VA,organic
102057,2025-08-01T12:50:39Z,CA,paid_social
102058,2025-05-09T17:39:37Z,MO,paid_social
102059,2026-01-04T13:50:31Z,AL,organic
102060,2025-09-14T14:23:30Z,KY,app_store
102061,2025-09-09T21:14:39Z,OH,paid_social
102062,2025-05-09T22:07:17Z,NY,referral
102063,2025-08-27T13:49:32Z,WI,school_email
102064,2025-12-17T18:40:22Z,GA,referral
102065,2025-11-28T09:52:38Z,GA,referral
102066,2025-05-19T20:44:17Z,WA,partner
102067,2026-01-18T07:00:35Z,TN,school_email
102068,2026-01-14T06:20:07Z,WI,school_email
102069,2025-08-03T15:24:11Z,WI,app_store
102070,2025-12-31T10:41:00Z,TN,partner
102071,2025-07-18T07:37:51Z,MI,app_store
102072,2026-02-17T19:22:07Z,IN,app_store
102073,2025-08-22T13:25:24Z,NC,partner
102074,2026-01-17T01:07:21Z,TN,referral
102075,2026-02-20T15:18:29Z,OH,organic
102076,2025-08-05T23:37:09Z,IN,organic
102077,2025-08-23T01:34:06Z,TX,school_email
102078,2025-11-29T15:58:31Z,KY,app_store
102079,2026-01-05T05:54:24Z,MO,referral
102080,2026-02-13T23:27:14Z,PA,school_email
102081,2025-08-24T14:58:30Z,CA,organic
102082,2025-08-13T07:57:37Z,NY,paid_social
102083,2026-01-15T02:46:57Z,KY,partner
102084,2025-12-12T00:27:36Z,TX,app_store
102085,2025-11-18T13:28:14Z,WA,app_store
102086,2025-05-17T01:36:54Z,PA,partner
102087,2025-11-24T03:48:02Z,NY,partner
102088,2025-09-03T08:26:23Z,TN,referral
102089,2025-06-13T02:19:51Z,TN,paid_social
102090,2025-07-08T02:41:56Z,MO,organic
102091,2025-06-30T08:35:00Z,CA,paid_social
102092,2025-11-18T14:44:36Z,NY,organic
102093,2025-05-30T07:27:12Z,OH,referral
102094,2025-10-20T07:22:57Z,NC,school_email
102095,2025-12-19T07:20:15Z,VA,partner
102096,2025-05-25T01:54:28Z,WA,organic
102097,2026-01-09T14:26:21Z,MO,referral
102098,2025-05-22T04:11:12Z,KY,paid_social
102099,2025-06-25T02:07:28Z,TN,school_email
102100,2025-05-17T14:27:20Z,AL,organic
102101,2025-06-18T08:49:38Z,KY,organic
102102,2026-01-05T08:10:57Z,WA,referral
102103,2025-09-29T15:11:33Z,SC,partner
102104,2025-05-24T20:29:03Z,MO,paid_social
102105,2025-07-07T08:09:43Z,SC,partner
102106,2026-01-11T13:55:42Z,NY,organic
102107,2025-12-26T20:23:17Z,OH,organic
102108,2025-05-04T08:53:22Z,ca,school_email
102109,2025-06-14T01:00:15Z,WI,organic
102110,2025-11-06T11:22:03Z,IN,app_store
102111,2026-01-19T07:49:19Z,SC,partner
102112,2025-06-18T07:33:37Z,GA,school_email
102113,2025-06-10T07:27:08Z,WA,app_store
102114,2025-11-06T22:38:03Z,PA,partner
102115,2025-12-19T13:19:59Z,MO,partner
102116,2026-01-25T21:28:19Z,TN,partner
102117,2025-07-24T10:04:17Z,MI,school_email
102118,2025-10-25T13:35:31Z,TX,partner
102119,2026-01-03T00:43:26Z,PA,organic
102120,2025-08-25T01:59:06Z,CA,school_email
102121,2025-07-21T06:46:43Z,MI,partner
102122,2025-12-12T13:57:34Z,AL,school_email
102123,2025-12-02T08:09:39Z,WA,referral
102124,2025-10-12T10:06:42Z,CA,paid_social
102125,2025-10-13T17:37:21Z,AL,partner
102126,2025-05-05T01:56:07Z,FL,school_email
102127,2026-01-16T11:20:56Z,SC,paid_social
102128,2025-11-02T00:30:13Z,KY,paid_social
102129,2025-08-31T00:22:49Z,MO,app_store
102130,2025-12-31T21:27:47Z,IL,referral
102131,2025-09-18T10:14:13Z,TX,school_email
102132,2026-01-01T12:51:28Z,FL,partner
102133,2025-12-12T15:00:22Z,SC,school_email
102134,2025-05-22T22:12:22Z,NC,paid_social
102135,2025-12-08T22:00:35Z,PA,referral
102136,2025-12-09T15:09:37Z,OH,school_email
102137,2025-09-07T08:28:10Z,AL,referral
102138,2025-07-22T09:13:16Z,WI,referral
102139,2025-09-02T18:12:46Z,TX,partner
102140,2025-11-12T20:57:59Z,OH,partner
102141,2026-01-04T21:16:45Z,NC,paid_social
102142,2026-01-02T21:31:07Z,FL,paid_social
102143,2026-02-05T09:25:07Z,OH,partner
102144,2025-09-29T05:17:25Z,AL,school_email
102145,2025-09-26T21:17:40Z,KY,school_email
102146,2025-11-12T18:09:00Z,wi,referral
102147,2025-08-30T11:46:08Z,CA,partner
102148,2025-10-04T05:34:18Z,AL,partner
102149,2025-07-09T16:38:24Z,NY,referral
102150,2025-08-14T19:39:09Z,FL,paid_social
102151,2025-12-12T23:13:30Z,AL,paid_social
102152,2025-07-24T05:06:50Z,PA,referral
102153,2025-06-27T01:58:40Z,TN,partner
102154,2025-12-28T23:14:42Z,MO,school_email
102155,2025-09-02T06:44:15Z,MI,app_store
102156,2025-06-01T00:08:52Z,VA,app_store
102157,2026-01-30T18:36:37Z,GA,organic
102158,2026-02-23T11:46:47Z,OH,app_store
102159,2026-01-27T03:57:12Z,IL,school_email
102160,2026-02-10T21:42:39Z,KY,partner
102161,2026-01-21T20:18:56Z,TN,paid_social
102162,2025-08-21T07:26:38Z,IN,referral
102163,2025-06-07T08:12:58Z,TN,app_store
102164,2025-09-11T09:46:24Z,FL,referral
102165,2025-06-12T06:24:44Z,MO,paid_social
102166,2025-07-12T21:23:48Z,il,paid_social
102167,2025-08-05T10:44:09Z,WI,school_email
102168,2025-09-02T04:54:20Z,TN,organic
102169,2025-09-05T10:18:27Z,MI,paid_social
102170,2025-07-30T03:18:39Z,SC,organic
102171,2025-12-04T20:04:54Z,CA,school_email
102172,2026-01-25T23:49:29Z,MN,referral
102173,2025-10-24T06:56:00Z,ny,partner
102174,2025-12-21T04:09:42Z,GA,paid_social
102175,2025-12-02T02:05:29Z,MN,organic
102176,2025-08-10T08:05:55Z,KY,organic
102177,2025-08-27T22:57:12Z,MO,partner
102178,2026-01-21T10:47:58Z,WI,school_email
102179,2025-11-02T13:26:19Z,GA,referral
102180,2025-11-18T14:23:30Z,NC,partner
102181,2025-06-02T11:38:57Z,AL,app_store
102182,2025-07-30T04:38:29Z,TN,organic
102183,2025-11-28T01:01:41Z,KY,partner
102184,2026-02-09T13:38:47Z,SC,organic
102185,2025-09-22T15:33:18Z,NY,app_store
102186,2025-09-04T22:07:46Z,KY,paid_social
102187,2026-01-31T03:39:30Z,in,school_email
102188,2025-09-15T01:57:54Z,IN,paid_social
102189,2025-06-16T12:06:10Z,IL,referral
102190,2025-11-20T15:39:34Z,TN,partner
102191,2025-08-15T19:46:20Z,MO,school_email
102192,2025-06-13T15:30:48Z,IN,partner
102193,2025-09-21T07:37:45Z,FL,referral
102194,2026-01-09T12:40:31Z,va,referral
102195,2025-08-19T12:46:59Z,WI,paid_social
102196,2025-09-20T15:22:45Z,SC,paid_social
102197,2026-01-14T20:51:56Z,WA,paid_social
102198,2025-08-26T04:53:34Z,AL,partner
102199,2025-07-22T10:02:48Z,NY,app_store
102200,2025-08-02T04:48:00Z,GA,paid_social
102201,2025-11-16T02:19:04Z,TN,partner
102202,2025-10-07T05:30:10Z,MN,paid_social
102203,2025-07-05T14:40:06Z,WI,paid_social
102204,2025-06-28T23:00:07Z,MI,organic
102205,2025-05-05T02:19:12Z,GA,app_store
102206,2025-10-06T07:21:15Z,TX,referral
102207,2026-01-29T03:37:53Z,OH,paid_social
102208,2025-09-27T01:41:48Z,AL,paid_social
102209,2025-06-13T15:52:18Z,OH,app_store
102210,2025-08-05T16:41:46Z,ca,app_store
102211,2025-08-03T09:03:38Z,AL,organic
102212,2025-11-07T23:39:37Z,MN,paid_social
102213,2025-06-04T04:42:09Z,TX,referral
102214,2025-08-11T13:28:26Z,FL,partner
102215,2026-02-01T10:18:23Z,MI,partner
102216,2025-07-12T10:20:12Z,IL,school_email
102217,2025-11-18T22:58:31Z,MN,referral
102218,2026-01-27T07:55:30Z,GA,app_store
102219,2025-11-29T15:49:06Z,CA,school_email
102220,2025-11-02T20:18:52Z,TN,partner
102221,2025-12-20T08:33:58Z,GA,partner
102222,2025-11-12T05:29:40Z,CA,partner
102223,2025-06-25T04:15:07Z,IL,paid_social
102224,2025-07-11T12:06:08Z,AL,organic
102225,2026-01-30T03:58:10Z,TX,referral
102226,2025-08-23T14:29:26Z,MI,school_email
102227,2025-11-13T10:56:50Z,MI,paid_social
102228,2025-11-20T00:48:53Z,TN,partner
102229,2025-10-20T05:49:48Z,VA,school_email
102230,2025-07-27T03:07:05Z,TX,app_store
102231,2026-01-19T09:35:15Z,CA,referral
102232,2025-06-16T12:41:42Z,oh,school_email
102233,2026-02-17T07:37:32Z,KY,paid_social
102234,2025-11-27T22:57:08Z,VA,referral
102235,2025-08-20T01:19:04Z,MI,partner
102236,2026-02-23T05:38:05Z,FL,paid_social
102237,2025-11-03T20:53:04Z,TX,paid_social
102238,2025-10-05T16:16:13Z,SC,referral
102239,2025-10-30T14:01:54Z,WI,referral
102240,2026-01-23T02:17:36Z,VA,organic
102241,2026-01-14T17:39:31Z,AL,partner
102242,2026-02-17T14:43:12Z,SC,referral
102243,2025-05-10T01:59:37Z,NY,partner
102244,2025-12-15T15:39:58Z,FL,partner
102245,2025-06-18T02:38:35Z,OH,paid_social
102246,2025-12-07T10:32:17Z,NY,partner
102247,2025-09-20T18:42:53Z,AL,app_store
102248,2026-01-29T00:18:51Z,PA,organic
102249,2025-11-25T04:31:42Z,WA,organic
102250,2025-11-15T02:05:50Z,MI,paid_social
102251,2025-11-28T14:04:28Z,WA,paid_social
102252,2026-01-17T00:15:47Z,AL,organic
102253,2025-12-16T01:15:34Z,GA,partner
102254,2025-05-19T05:42:03Z,PA,app_store
102255,2025-11-01T16:59:08Z,KY,school_email
102256,2025-12-11T03:08:23Z,SC,app_store
102257,2025-08-16T12:49:11Z,KY,paid_social
102258,2025-09-13T22:14:25Z,AL,partner
102259,2025-12-09T17:09:47Z,PA,school_email
102260,2025-09-29T03:45:26Z,VA,partner
102261,2025-10-02T20:04:25Z,SC,app_store
102262,2025-09-14T11:39:29Z,AL,partner
102263,2025-05-18T17:16:57Z,TN,school_email
102264,2026-02-16T01:28:03Z,KY,paid_social
102265,2026-01-15T22:31:52Z,sc,school_email
102266,2026-02-25T14:32:59Z,ky,organic
102267,2025-06-08T05:04:40Z,MO,organic
102268,2025-11-20T18:36:59Z,TN,partner
102269,2025-07-28T16:54:41Z,PA,organic
102270,2025-12-01T09:01:11Z,NC,paid_social
102271,2025-11-29T20:00:04Z,KY,organic
102272,2026-02-22T01:57:18Z,KY,app_store
102273,2025-08-04T18:22:43Z,PA,organic
102274,2025-11-20T09:03:40Z,IL,organic
102275,2026-01-29T18:38:00Z,TN,partner
102276,2026-02-12T02:37:15Z,MN,school_email
102277,2026-02-25T16:36:50Z,MI,paid_social
102278,2025-10-26T16:29:19Z,CA,school_email
102279,2025-06-02T19:21:51Z,AL,app_store
102280,2025-05-15T20:07:19Z,WI,referral
102281,2025-06-19T08:13:13Z,CA,app_store
102282,2026-01-13T12:46:45Z,WA,school_email
102283,2026-02-05T05:59:25Z,VA,paid_social
102284,2026-01-04T14:33:38Z,NY,organic
102285,2026-02-25T09:53:21Z,WI,organic
102286,2026-01-08T10:03:09Z,NC,partner
102287,2025-10-28T12:36:45Z,FL,referral
102288,2026-02-02T02:10:04Z,VA,app_store
102289,2025-05-17T02:01:54Z,MN,paid_social
102290,2026-02-11T05:31:57Z,NY,partner
102291,2025-06-30T02:45:32Z,TX,app_store
102292,2025-10-10T16:06:46Z,NY,paid_social
102293,2025-06-23T03:53:58Z,OH,school_email
102294,2025-10-20T14:45:19Z,IL,partner
102295,2025-08-20T06:08:23Z,MN,referral
102296,2025-12-07T00:55:23Z,TX,referral
102297,2025-10-01T01:14:25Z,TN,school_email
102298,2026-02-17T18:43:08Z,IN,app_store
102299,2026-02-17T22:12:49Z,CA,school_email
102300,2025-11-21T18:52:52Z,PA,referral
102301,2025-11-09T14:15:33Z,IN,referral
102302,2025-12-10T04:34:39Z,OH,partner
102303,2025-06-11T13:40:14Z,NC,partner
102304,2025-06-30T20:02:04Z,VA,partner
102305,2025-11-24T18:08:24Z,OH,app_store
102306,2025-11-08T10:07:31Z,GA,app_store
102307,2025-05-28T00:24:11Z,MN,app_store
102308,2025-08-29T17:50:31Z,FL,referral
102309,2025-07-07T05:39:25Z,OH,organic
102310,2025-12-19T12:25:58Z,WA,school_email
102311,2025-09-21T19:04:08Z,TN,app_store
102312,2025-06-01T06:36:11Z,NY,paid_social
102313,2025-10-24T21:39:35Z,CA,paid_social
102314,2026-02-10T13:42:33Z,FL,partner
102315,2025-09-25T09:44:30Z,WA,app_store
102316,2026-01-17T03:22:18Z,IN,organic
102317,2026-01-25T15:19:38Z,TX,referral
102318,2025-10-01T03:44:40Z,NC,app_store
102319,2025-07-28T02:25:08Z,SC,paid_social
102320,2026-02-07T12:47:27Z,IL,paid_social
102321,2026-01-31T20:34:34Z,AL,partner
102322,2025-06-29T00:35:44Z,CA,partner
102323,2026-01-13T23:24:46Z,IL,organic
102324,2025-10-29T20:58:51Z,KY,paid_social
102325,2026-02-24T11:04:41Z,PA,app_store
102326,2025-08-01T14:41:33Z,GA,paid_social
102327,2025-11-09T01:26:37Z,MN,partner
102328,2025-09-24T13:41:00Z,WI,referral
102329,2025-10-12T06:37:02Z,VA,partner
102330,2025-12-01T14:38:39Z,tn,paid_social
102331,2025-11-23T10:42:58Z,IL,school_email
102332,2025-12-13T00:48:05Z,AL,school_email
102333,2025-11-01T23:00:01Z,AL,school_email
102334,2026-02-25T08:03:32Z,NY,referral
102335,2025-08-09T22:34:53Z,VA,paid_social
102336,2025-10-21T12:19:12Z,VA,paid_social
102337,2026-01-04T06:31:50Z,FL,organic
102338,2025-11-05T16:34:03Z,CA,school_email
102339,2025-05-18T20:00:07Z,FL,paid_social
102340,2025-08-14T14:42:04Z,WI,school_email
102341,2025-10-07T18:37:21Z,al,paid_social
102342,2025-05-25T23:01:40Z,MN,partner
102343,2025-12-09T03:44:19Z,TX,school_email
102344,2025-09-09T20:38:53Z,MI,partner
102345,2025-07-28T19:50:40Z,MO,app_store
102346,2025-06-12T01:03:31Z,PA,school_email
102347,2025-09-25T08:10:31Z,NC,partner
102348,2025-07-13T04:29:02Z,IN,organic
102349,2025-05-22T02:04:16Z,TN,paid_social
102350,2025-07-10T16:21:46Z,MI,partner
102351,2026-02-14T20:26:12Z,MN,organic
102352,2025-08-02T20:47:16Z,SC,paid_social
102353,2025-05-30T21:31:52Z,CA,paid_social
102354,2025-07-13T18:33:25Z,IN,school_email
102355,2025-06-11T09:03:57Z,OH,app_store
102356,2026-01-07T17:31:23Z,OH,referral
102357,2025-11-09T12:20:30Z,TX,school_email
102358,2025-08-23T21:47:20Z,GA,app_store
102359,2025-12-29T22:12:23Z,AL,school_email
102360,2025-09-10T00:25:47Z,MO,referral
102361,2025-10-14T13:27:47Z,IN,organic
102362,2026-02-03T10:43:56Z,MN,app_store
102363,2025-10-30T15:19:33Z,ky,organic
102364,2025-11-24T05:42:00Z,IL,school_email
102365,2026-01-18T09:02:45Z,VA,app_store
102366,2025-06-02T21:21:42Z,MI,partner
102367,2025-06-14T22:19:56Z,MI,school_email
102368,2025-09-30T14:04:42Z,NY,organic
102369,2025-09-14T01:35:35Z,WA,app_store
102370,2025-12-07T21:32:57Z,MO,app_store
102371,2026-01-21T21:07:50Z,MN,partner
102372,2025-12-30T04:50:28Z,SC,organic
102373,2025-11-12T05:55:22Z,ky,referral
102374,2026-02-10T07:39:40Z,NY,organic
102375,2025-10-26T01:34:18Z,WI,paid_social
102376,2025-09-30T14:28:30Z,TN,school_email
102377,2025-06-30T09:57:36Z,SC,organic
102378,2025-12-12T09:05:26Z,SC,referral
102379,2025-07-18T19:43:55Z,MO,organic
102380,2025-12-26T20:23:16Z,SC,partner
102381,2025-10-03T00:58:20Z,VA,partner
102382,2025-07-05T17:17:19Z,GA,paid_social
102383,2025-05-20T19:39:57Z,MN,organic
102384,2025-05-05T16:35:25Z,CA,paid_social
102385,2025-08-19T11:59:05Z,WI,app_store
102386,2025-08-14T09:58:11Z,TN,paid_social
102387,2025-08-28T14:24:08Z,NC,partner
102388,2026-01-29T19:47:58Z,IN,school_email
102389,2025-06-24T18:44:57Z,TN,partner
102390,2026-02-09T14:23:38Z,CA,referral
102391,2025-09-07T04:04:17Z,FL,referral
102392,2025-09-15T20:20:31Z,IL,school_email
102393,2025-09-21T13:38:34Z,FL,school_email
102394,2025-12-07T05:49:55Z,VA,paid_social
102395,2025-05-07T10:50:22Z,WI,organic
102396,2025-11-20T01:15:46Z,IL,school_email
102397,2025-11-30T07:41:59Z,TN,app_store
102398,2025-12-19T00:03:58Z,PA,school_email
102399,2025-10-04T03:19:47Z,NY,organic
102400,2025-10-14T14:10:54Z,NC,school_email
102401,2025-06-09T01:16:28Z,il,partner
102402,2025-06-03T23:59:06Z,IL,paid_social
102403,2025-05-25T11:00:46Z,PA,organic
102404,2026-02-01T13:37:10Z,WA,organic
102405,2025-10-19T17:24:08Z,TN,app_store
102406,2025-11-07T01:31:48Z,NY,organic
102407,2026-02-02T23:00:09Z,NY,partner
102408,2025-08-17T00:13:42Z,VA,organic
102409,2025-12-01T23:30:08Z,VA,app_store
102410,2025-10-20T01:45:33Z,NY,app_store
102411,2026-02-23T10:59:34Z,KY,app_store
102412,2025-08-25T05:42:05Z,va,app_store
102413,2025-10-29T07:13:27Z,AL,partner
102414,2025-05-19T17:30:05Z,AL,organic
102415,2025-12-06T09:08:30Z,KY,paid_social
102416,2026-02-13T04:19:08Z,VA,referral
102417,2025-12-04T22:38:12Z,NC,organic
102418,2025-12-06T13:01:37Z,TX,school_email
102419,2025-09-26T07:56:16Z,OH,referral
102420,2025-11-28T08:09:13Z,NC,paid_social
102421,2025-08-20T02:20:29Z,NC,partner
102422,2025-12-31T08:04:32Z,IN,school_email
102423,2025-07-13T05:23:52Z,IL,app_store
102424,2026-01-08T10:09:28Z,WA,referral
102425,2026-01-13T03:07:34Z,NC,referral
102426,2025-08-26T23:24:36Z,GA,referral
102427,2026-02-11T02:33:16Z,WA,school_email
102428,2025-06-22T05:50:56Z,MO,organic
102429,2026-01-20T20:25:10Z,MO,partner
102430,2025-12-26T04:41:58Z,KY,organic
102431,2025-06-16T17:21:45Z,tx,organic
102432,2026-02-24T06:52:17Z,TN,paid_social
102433,2025-05-07T08:24:57Z,NC,referral
102434,2025-05-23T16:29:18Z,KY,app_store
102435,2025-07-07T18:37:19Z,VA,school_email
102436,2025-12-26T04:40:28Z,TN,organic
102437,2026-01-07T21:52:24Z,MO,organic
102438,2026-01-29T00:17:52Z,mi,school_email
102439,2025-11-23T12:20:46Z,TN,organic
102440,2025-07-14T20:35:47Z,IL,organic
102441,2025-10-21T21:33:22Z,TN,app_store
102442,2025-07-23T00:11:38Z,ca,partner
102443,2025-09-20T01:18:27Z,MO,school_email
102444,2025-05-20T13:45:32Z,IL,school_email
102445,2025-10-24T17:52:02Z,SC,referral
102446,2025-12-28T11:05:15Z,SC,referral
102447,2025-08-02T21:33:00Z,FL,partner
102448,2025-06-11T23:17:14Z,TX,organic
102449,2025-05-06T18:22:19Z,TX,app_store
102450,2025-06-02T22:55:32Z,AL,paid_social
102451,2025-07-17T18:43:33Z,FL,partner
102452,2026-01-26T04:07:17Z,NY,app_store
102453,2025-09-08T20:08:33Z,MN,organic
102454,2025-07-11T04:06:00Z,NC,app_store
102455,2025-10-16T13:00:19Z,MI,paid_social
102456,2026-02-21T05:30:18Z,IN,app_store
102457,2025-10-28T09:02:13Z,AL,app_store
102458,2025-10-18T23:43:27Z,SC,organic
102459,2025-08-06T18:12:11Z,TN,app_store
102460,2025-05-20T03:15:53Z,NC,organic
102461,2025-06-02T06:20:49Z,IL,school_email
102462,2025-06-20T06:11:20Z,GA,partner
102463,2025-12-17T04:21:54Z,WI,referral
102464,2025-07-02T13:57:00Z,MI,organic
102465,2026-01-03T12:12:19Z,WA,app_store
102466,2026-02-26T09:39:43Z,TX,organic
102467,2025-08-22T01:14:57Z,SC,school_email
102468,2026-02-14T09:45:19Z,IN,app_store
102469,2026-02-13T08:36:20Z,KY,paid_social
102470,2025-08-05T22:02:28Z,IN,paid_social
102471,2026-02-02T04:36:27Z,ca,partner
102472,2025-08-28T11:59:26Z,MN,organic
102473,2025-05-24T16:10:02Z,NY,referral
102474,2025-10-03T23:06:21Z,MN,school_email
102475,2025-07-11T02:55:59Z,IN,referral
102476,2025-05-24T03:19:17Z,IL,organic
102477,2026-01-01T16:29:56Z,CA,school_email
102478,2025-05-25T00:02:14Z,ky,organic
102479,2025-07-31T08:46:49Z,MI,school_email
102480,2025-10-21T16:08:25Z,OH,partner
102481,2025-11-11T00:03:57Z,SC,school_email
102482,2025-09-14T16:47:51Z,AL,partner
102483,2025-05-22T18:11:49Z,IL,app_store
102484,2025-11-25T18:15:36Z,TN,school_email
102485,2025-07-30T02:35:07Z,TN,organic
102486,2025-12-24T11:18:10Z,VA,app_store
102487,2025-10-12T10:54:50Z,AL,app_store
102488,2026-01-21T23:35:40Z,TX,referral
102489,2025-10-23T14:13:42Z,VA,organic
102490,2025-11-03T18:25:16Z,NY,school_email
102491,2025-05-21T22:52:31Z,KY,partner
102492,2026-02-14T00:49:22Z,NY,partner
102493,2025-11-08T02:25:04Z,CA,referral
102494,2025-11-24T20:09:20Z,PA,school_email
102495,2025-05-10T03:54:26Z,KY,app_store
102496,2026-02-26T23:08:34Z,NC,referral
102497,2025-06-10T17:32:14Z,WI,partner
102498,2025-09-16T09:27:59Z,WI,paid_social
102499,2026-02-11T20:36:58Z,NY,partner
102500,2025-07-07T03:31:01Z,MI,paid_social
102501,2025-07-18T10:39:58Z,GA,school_email
102502,2025-06-16T22:57:11Z,WA,paid_social
102503,2025-07-13T16:49:49Z,WA,partner
102504,2025-08-20T07:37:10Z,IL,app_store
102505,2025-12-04T02:44:57Z,WA,app_store
102506,2025-08-10T11:45:51Z,GA,referral
102507,2025-09-05T15:47:23Z,NC,referral
102508,2025-06-09T07:37:04Z,va,school_email
102509,2026-01-17T14:07:06Z,KY,school_email
102510,2025-08-25T12:20:46Z,oh,school_email
102511,2025-06-12T06:57:51Z,NY,paid_social
102512,2025-11-10T01:08:07Z,TX,paid_social
102513,2025-06-06T13:00:13Z,MN,school_email
102514,2026-02-21T15:25:08Z,MO,app_store
102515,2025-12-09T03:21:07Z,FL,school_email
102516,2025-12-01T06:34:30Z,SC,organic
102517,2026-02-01T07:12:36Z,SC,partner
102518,2025-05-17T04:31:06Z,GA,partner
102519,2025-06-04T10:33:14Z,MN,partner
102520,2025-12-17T20:36:06Z,MI,paid_social
102521,2025-10-17T16:40:18Z,WA,partner
102522,2025-06-28T17:19:00Z,mo,organic
102523,2025-06-13T05:12:13Z,MO,organic
102524,2025-11-29T13:05:55Z,tn,app_store
102525,2025-12-31T03:27:47Z,SC,organic
102526,2025-06-29T03:36:54Z,WA,app_store
102527,2025-09-06T07:15:36Z,CA,organic
102528,2025-10-04T09:56:53Z,GA,paid_social
102529,2025-08-23T08:41:39Z,TX,app_store
102530,2026-02-25T15:16:25Z,WI,app_store
102531,2026-01-18T22:31:43Z,MN,referral
102532,2025-06-22T14:05:13Z,CA,school_email
102533,2026-01-22T14:44:36Z,va,school_email
102534,2025-11-28T19:18:20Z,IL,organic
102535,2026-01-02T23:45:14Z,CA,referral
102536,2025-07-20T18:01:43Z,IL,paid_social
102537,2025-09-03T08:14:17Z,MO,school_email
102538,2025-05-09T11:48:36Z,VA,organic
102539,2026-01-09T19:04:23Z,PA,partner
102540,2025-12-12T15:22:50Z,GA,app_store
102541,2025-10-20T00:05:05Z,IN,referral
102542,2025-05-30T17:25:29Z,GA,app_store
102543,2025-07-14T13:08:04Z,CA,school_email
102544,2026-01-03T17:30:59Z,SC,paid_social
102545,2025-06-24T21:58:55Z,NY,partner
102546,2025-12-06T23:34:58Z,NY,app_store
102547,2026-01-16T12:50:55Z,IL,organic
102548,2025-11-08T12:34:23Z,IN,referral
102549,2025-07-24T12:53:19Z,TN,app_store
102550,2025-08-02T22:32:30Z,MI,school_email
102551,2025-05-07T12:16:11Z,TX,app_store
102552,2025-07-03T23:11:13Z,OH,referral
102553,2025-08-30T23:58:54Z,IL,school_email
102554,2025-11-05T20:42:32Z,MO,school_email
102555,2025-12-30T04:59:51Z,PA,app_store
102556,2025-08-23T02:30:26Z,VA,organic
102557,2025-05-10T11:26:54Z,KY,paid_social
102558,2025-07-26T07:19:09Z,FL,partner
102559,2025-12-11T08:34:50Z,NY,app_store
102560,2025-08-07T22:10:03Z,KY,organic
102561,2026-01-01T00:45:38Z,IL,app_store
102562,2025-11-29T05:08:17Z,AL,partner
102563,2025-06-29T18:41:48Z,SC,partner
102564,2025-07-30T10:30:21Z,WI,school_email
102565,2025-07-04T08:36:10Z,IN,referral
102566,2025-08-13T00:52:10Z,AL,app_store
102567,2025-08-01T03:35:50Z,ny,referral
102568,2025-12-01T01:44:38Z,PA,referral
102569,2025-06-13T05:07:27Z,TN,partner
102570,2025-08-08T10:51:36Z,TN,paid_social
102571,2025-12-23T05:28:57Z,NY,organic
102572,2025-09-27T20:58:10Z,SC,partner
102573,2025-05-14T04:49:36Z,IL,app_store
102574,2026-01-10T10:51:28Z,SC,school_email
102575,2025-05-08T02:25:29Z,MI,partner
102576,2026-02-24T15:03:34Z,pa,organic
102577,2025-10-05T05:07:41Z,MI,referral
102578,2025-07-10T03:08:05Z,WA,paid_social
102579,2025-12-12T20:31:05Z,SC,school_email
102580,2025-11-05T14:28:32Z,IN,app_store
102581,2025-11-04T23:56:14Z,MN,app_store
102582,2025-11-13T04:10:50Z,CA,referral
102583,2025-11-10T03:30:05Z,WA,school_email
102584,2025-11-05T03:33:03Z,MN,school_email
102585,2025-12-01T05:11:06Z,WI,organic
102586,2025-09-17T22:17:13Z,NC,paid_social
102587,2026-01-16T19:42:01Z,VA,partner
102588,2025-08-11T22:42:44Z,OH,app_store
102589,2025-10-08T22:29:43Z,CA,school_email
102590,2025-11-26T12:44:00Z,in,referral
102591,2025-12-06T21:37:15Z,MN,app_store
102592,2026-02-25T16:50:16Z,MO,paid_social
102593,2026-01-18T13:26:38Z,IN,referral
102594,2025-12-25T15:15:04Z,MN,organic
102595,2025-06-27T04:10:39Z,TN,paid_social
102596,2025-08-24T13:23:57Z,AL,organic
102597,2025-08-01T12:36:12Z,AL,partner
102598,2026-01-12T05:18:16Z,IN,organic
102599,2025-06-07T02:47:26Z,wa,referral
102600,2025-05-28T01:55:25Z,TX,referral
102601,2025-07-19T13:29:10Z,PA,app_store
102602,2026-02-08T03:38:57Z,MI,paid_social
102603,2025-05-17T19:00:00Z,OH,partner
102604,2025-10-21T12:16:42Z,sc,partner
102605,2025-07-22T13:53:30Z,WI,school_email
102606,2025-12-11T04:23:22Z,in,referral
102607,2026-01-08T00:43:19Z,MI,partner
102608,2026-01-04T15:29:50Z,WA,referral
102609,2026-01-06T00:11:54Z,OH,partner
102610,2026-02-22T18:56:38Z,VA,school_email
102611,2025-07-04T17:38:14Z,in,school_email
102612,2026-01-07T18:42:32Z,SC,organic
102613,2025-10-10T11:01:29Z,GA,paid_social
102614,2026-01-25T14:50:45Z,VA,school_email
102615,2025-09-18T07:16:54Z,PA,referral
102616,2026-02-02T06:02:57Z,IL,referral
102617,2025-12-02T22:28:40Z,VA,partner
102618,2025-08-19T19:33:04Z,KY,paid_social
102619,2025-05-28T00:45:25Z,FL,paid_social
102620,2026-01-23T15:41:03Z,TN,organic
102621,2026-01-08T22:03:28Z,PA,partner
102622,2025-05-23T13:11:10Z,TN,school_email
102623,2025-06-23T15:56:20Z,VA,app_store
102624,2025-09-05T11:23:18Z,OH,app_store
102625,2025-05-26T10:57:12Z,KY,organic
102626,2025-08-13T20:54:45Z,IN,organic
102627,2025-07-30T20:07:32Z,PA,app_store
102628,2025-07-30T21:42:10Z,FL,referral
102629,2025-11-20T07:36:55Z,IL,school_email
102630,2025-05-18T15:48:39Z,MO,partner
102631,2026-01-30T13:21:17Z,IL,organic
102632,2025-08-29T12:49:24Z,IN,referral
102633,2025-07-30T16:01:45Z,MI,paid_social
102634,2025-05-06T00:15:59Z,FL,paid_social
102635,2025-11-29T06:17:02Z,TX,referral
102636,2025-05-31T02:50:37Z,MO,app_store
102637,2025-12-18T15:46:24Z,TN,organic
102638,2025-11-24T13:32:40Z,ky,school_email
102639,2025-09-28T17:22:27Z,SC,school_email
102640,2026-01-04T18:01:49Z,WI,partner
102641,2025-08-10T09:41:39Z,TN,partner
102642,2025-12-05T20:58:38Z,TX,app_store
102643,2025-09-20T03:12:00Z,FL,referral
102644,2025-06-26T02:28:21Z,FL,partner
102645,2026-01-23T18:30:31Z,WA,organic
102646,2025-09-14T10:28:20Z,TN,organic
102647,2025-12-18T18:23:58Z,VA,app_store
102648,2025-10-17T04:03:08Z,OH,app_store
102649,2025-08-28T13:40:27Z,FL,partner
102650,2025-09-15T16:38:33Z,AL,app_store
102651,2025-12-14T07:52:05Z,AL,school_email
102652,2025-11-27T17:03:12Z,GA,referral
102653,2025-09-16T07:45:24Z,KY,paid_social
102654,2025-11-22T12:41:39Z,SC,school_email
102655,2026-01-23T04:26:05Z,NC,organic
102656,2026-01-27T03:15:32Z,NY,referral
102657,2025-11-03T01:34:00Z,CA,referral
102658,2025-06-25T09:33:26Z,PA,paid_social
102659,2025-05-16T06:52:12Z,MI,referral
102660,2025-08-21T21:47:34Z,MI,partner
102661,2025-10-27T20:22:39Z,FL,app_store
102662,2025-09-21T05:41:34Z,IN,referral
102663,2025-05-14T03:51:32Z,CA,organic
102664,2025-05-19T08:42:31Z,VA,referral
102665,2025-05-06T07:07:00Z,TX,organic
102666,2026-01-11T10:39:04Z,GA,partner
102667,2025-05-18T06:27:56Z,va,partner
102668,2025-09-01T19:25:35Z,MO,school_email
102669,2025-05-30T05:54:26Z,SC,referral
102670,2025-11-06T03:48:29Z,MN,referral
102671,2025-09-05T01:09:24Z,MN,organic
102672,2025-08-06T21:03:48Z,MO,school_email
102673,2025-12-02T13:08:21Z,AL,app_store
102674,2025-12-17T18:23:46Z,OH,organic
102675,2025-10-13T22:36:32Z,WA,paid_social
102676,2025-05-16T18:34:27Z,MI,school_email
102677,2025-10-18T20:31:26Z,AL,paid_social
102678,2026-01-06T19:43:35Z,MO,referral
102679,2025-11-26T00:22:39Z,WA,referral
102680,2025-07-27T04:15:22Z,IL,partner
102681,2025-11-27T01:53:32Z,IL,school_email
102682,2025-05-05T16:01:18Z,SC,app_store
102683,2025-06-05T20:58:11Z,ga,app_store
102684,2025-05-11T03:19:31Z,SC,paid_social
102685,2026-02-27T19:40:22Z,OH,paid_social
102686,2025-09-09T14:28:54Z,PA,partner
102687,2025-08-21T03:09:03Z,VA,organic
102688,2025-11-20T00:49:59Z,WI,referral
102689,2025-06-08T07:30:18Z,ny,app_store
102690,2026-01-17T04:51:49Z,NY,school_email
102691,2026-02-19T11:25:35Z,WI,referral
102692,2025-07-01T13:44:18Z,NY,school_email
102693,2025-07-03T10:10:03Z,SC,organic
102694,2025-07-19T15:28:30Z,MI,app_store
102695,2026-01-13T20:06:19Z,KY,partner
102696,2025-07-06T05:45:12Z,AL,app_store
102697,2025-09-04T11:11:29Z,WA,paid_social
102698,2025-05-05T06:56:37Z,AL,paid_social
102699,2025-10-09T14:47:12Z,TN,partner
102700,2025-06-28T02:51:12Z,FL,paid_social
102701,2025-08-10T06:12:28Z,FL,partner
102702,2025-08-29T14:43:33Z,PA,paid_social
102703,2025-10-07T03:16:34Z,KY,school_email
102704,2025-08-19T02:03:23Z,TX,school_email
102705,2025-06-28T21:39:39Z,PA,paid_social
102706,2025-10-12T21:55:26Z,TN,referral
102707,2025-10-20T08:06:53Z,OH,partner
102708,2025-05-31T13:11:12Z,NY,organic
102709,2025-11-30T23:57:13Z,WI,referral
102710,2026-02-24T03:24:06Z,WI,partner
102711,2025-09-19T12:09:29Z,MI,app_store
102712,2025-10-03T20:38:37Z,NC,organic
102713,2025-11-10T00:41:55Z,TX,school_email
102714,2025-10-10T01:57:26Z,PA,organic
102715,2025-07-26T09:48:06Z,NC,school_email
102716,2025-09-22T16:22:12Z,WI,organic
102717,2025-12-26T11:04:23Z,WI,app_store
102718,2025-05-14T13:32:48Z,GA,paid_social
102719,2025-09-28T11:37:52Z,wi,partner
102720,2025-08-13T07:19:13Z,TN,school_email
102721,2025-06-24T06:04:31Z,CA,organic
102722,2026-01-20T02:34:07Z,CA,school_email
102723,2026-01-18T22:59:00Z,MO,referral
102724,2025-11-30T11:59:44Z,MN,app_store
102725,2026-02-16T09:42:58Z,al,app_store
102726,2025-08-03T14:10:21Z,IN,app_store
102727,2025-12-02T15:47:48Z,MN,referral
102728,2025-12-29T07:23:11Z,CA,partner
102729,2026-01-23T16:55:43Z,WI,organic
102730,2025-05-27T14:40:41Z,SC,school_email
102731,2025-12-15T08:59:18Z,GA,school_email
102732,2025-10-04T12:43:44Z,CA,referral
102733,2025-07-04T21:25:34Z,MO,organic
102734,2025-09-21T09:29:48Z,PA,organic
102735,2025-10-15T17:59:49Z,FL,organic
102736,2026-02-27T01:16:18Z,FL,app_store
102737,2025-12-15T11:40:01Z,TN,school_email
102738,2025-08-30T07:57:55Z,TX,school_email
102739,2025-08-12T06:00:51Z,wi,partner
102740,2026-01-02T12:44:19Z,WA,school_email
102741,2025-11-17T13:12:28Z,MN,organic
102742,2025-12-04T20:34:26Z,TX,school_email
102743,2025-11-03T18:05:23Z,AL,partner
102744,2025-09-21T19:08:13Z,NY,school_email
102745,2025-07-17T01:40:59Z,IL,paid_social
102746,2025-12-26T16:01:37Z,NC,organic
102747,2025-12-31T23:57:59Z,SC,referral
102748,2025-12-05T08:52:00Z,AL,paid_social
102749,2025-10-18T19:40:53Z,MN,paid_social
102750,2025-10-06T00:22:04Z,GA,referral
102751,2025-07-16T06:16:14Z,PA,paid_social
102752,2025-06-03T22:27:16Z,wi,referral
102753,2025-05-29T03:40:53Z,IN,partner
102754,2025-08-19T12:55:17Z,PA,referral
102755,2025-12-20T22:25:58Z,tn,school_email
102756,2026-01-17T09:55:19Z,CA,paid_social
102757,2025-08-22T00:09:42Z,GA,partner
102758,2025-05-14T07:44:39Z,IN,referral
102759,2025-10-14T01:17:31Z,CA,school_email
102760,2025-06-11T19:25:12Z,mo,paid_social
102761,2025-05-16T17:49:34Z,GA,referral
102762,2025-07-16T09:25:09Z,PA,paid_social
102763,2026-02-18T06:34:16Z,WA,partner
102764,2025-09-28T22:43:10Z,FL,school_email
102765,2025-09-24T19:11:32Z,CA,organic
102766,2025-11-15T08:51:24Z,FL,school_email
102767,2026-02-20T07:10:10Z,FL,school_email
102768,2025-05-06T20:55:46Z,WI,app_store
102769,2025-08-07T14:54:58Z,OH,app_store
102770,2025-08-19T00:12:53Z,OH,school_email
102771,2026-01-04T10:53:16Z,SC,school_email
102772,2025-10-31T05:58:03Z,MN,organic
102773,2025-06-16T06:25:17Z,TX,school_email
102774,2025-10-29T03:15:30Z,KY,referral
102775,2025-11-04T12:31:10Z,VA,app_store
102776,2025-06-09T10:13:34Z,CA,paid_social
102777,2025-10-19T04:59:14Z,TN,partner
102778,2025-05-05T15:01:36Z,FL,app_store
102779,2025-12-06T06:10:56Z,VA,organic
102780,2026-02-16T08:23:02Z,IN,paid_social
102781,2025-05-18T00:03:54Z,KY,paid_social
102782,2025-09-14T22:26:07Z,PA,paid_social
102783,2025-11-27T07:30:10Z,OH,app_store
102784,2025-09-09T09:51:37Z,GA,partner
102785,2025-05-21T00:24:53Z,PA,app_store
102786,2025-08-31T16:39:46Z,IL,paid_social
102787,2026-01-09T09:31:05Z,WA,paid_social
102788,2025-09-08T15:26:00Z,NY,paid_social
102789,2025-10-21T03:58:05Z,TX,partner
102790,2025-08-20T02:24:01Z,IN,partner
102791,2025-06-05T00:41:34Z,IN,referral
102792,2025-12-05T02:33:04Z,GA,school_email
102793,2025-09-18T13:12:02Z,WI,school_email
102794,2025-06-07T14:23:28Z,GA,paid_social
102795,2025-06-15T11:03:14Z,IN,school_email
102796,2026-01-16T00:53:19Z,NY,paid_social
102797,2025-11-02T00:34:42Z,WA,app_store
102798,2025-11-06T15:53:34Z,VA,paid_social
102799,2025-12-12T10:29:05Z,WA,app_store
102800,2026-01-16T23:25:03Z,PA,paid_social
102801,2025-11-23T05:50:12Z,WA,paid_social
102802,2025-11-11T03:00:46Z,TX,referral
102803,2025-11-03T17:41:03Z,OH,school_email
102804,2026-01-04T11:57:07Z,MN,app_store
102805,2026-01-04T05:06:31Z,OH,school_email
102806,2025-08-10T00:42:51Z,SC,paid_social
102807,2025-05-17T08:12:14Z,MI,organic
102808,2025-06-19T18:12:56Z,WA,app_store
102809,2026-02-14T06:54:59Z,MI,partner
102810,2025-07-12T16:40:58Z,MN,paid_social
102811,2025-11-17T19:21:21Z,AL,paid_social
102812,2025-11-11T18:39:56Z,tn,partner
102813,2025-12-20T16:36:28Z,GA,paid_social
102814,2025-05-11T11:36:35Z,SC,partner
102815,2025-06-08T03:17:32Z,va,organic
102816,2025-07-28T13:54:41Z,KY,school_email
102817,2025-09-04T15:15:06Z,AL,organic
102818,2025-09-05T15:52:55Z,MI,organic
102819,2025-12-03T09:17:59Z,ca,referral
102820,2025-12-30T23:11:32Z,MN,app_store
102821,2026-01-25T07:20:12Z,KY,school_email
102822,2025-06-24T18:38:27Z,NY,school_email
102823,2025-12-17T01:59:20Z,NY,organic
102824,2025-06-11T13:31:12Z,OH,school_email
102825,2025-05-12T00:15:00Z,SC,partner
102826,2025-05-05T20:34:47Z,OH,school_email
102827,2025-07-25T09:29:35Z,KY,partner
102828,2025-08-10T23:38:44Z,TX,referral
102829,2025-12-29T14:18:42Z,IL,partner
102830,2025-09-03T12:15:19Z,NY,app_store
102831,2025-12-27T20:53:11Z,WI,referral
102832,2025-05-29T17:51:49Z,MI,paid_social
102833,2025-09-13T12:45:13Z,VA,referral
102834,2026-02-11T02:34:05Z,AL,partner
102835,2026-01-06T04:18:20Z,OH,referral
102836,2025-11-14T05:00:35Z,GA,organic
102837,2025-12-16T06:23:14Z,MO,organic
102838,2025-08-01T02:30:44Z,MN,paid_social
102839,2025-12-30T12:01:29Z,CA,organic
102840,2025-07-12T11:17:09Z,MO,app_store
102841,2026-01-31T21:59:04Z,TX,app_store
102842,2025-07-21T10:45:19Z,WI,partner
102843,2026-01-20T03:42:17Z,VA,referral
102844,2025-05-05T11:04:14Z,TX,school_email
102845,2025-11-16T18:38:07Z,TX,school_email
102846,2025-07-05T15:41:50Z,MO,paid_social
102847,2025-08-12T09:44:05Z,IN,school_email
102848,2025-09-15T21:12:37Z,mi,referral
102849,2026-02-05T16:23:33Z,IL,app_store
102850,2025-05-12T15:43:46Z,WI,partner
102851,2025-07-10T03:51:42Z,wi,organic
102852,2025-05-23T09:40:35Z,SC,organic
102853,2025-05-09T01:50:28Z,KY,app_store
102854,2025-09-02T12:39:45Z,tx,organic
102855,2025-08-03T00:38:11Z,MI,organic
102856,2026-01-12T02:42:51Z,NC,app_store
102857,2026-01-31T14:51:32Z,WI,referral
102858,2025-08-19T10:40:15Z,MO,paid_social
102859,2025-07-11T10:06:54Z,PA,organic
102860,2025-08-03T10:46:07Z,TN,paid_social
102861,2025-06-22T14:08:56Z,TX,referral
102862,2025-07-20T13:03:18Z,MN,organic
102863,2025-07-25T12:07:31Z,IN,partner
102864,2025-06-06T10:14:52Z,CA,paid_social
102865,2025-09-01T08:31:21Z,MN,paid_social
102866,2025-11-23T23:38:50Z,nc,referral
102867,2025-09-13T18:46:32Z,VA,app_store
102868,2025-09-24T14:08:51Z,PA,partner
102869,2025-06-03T06:48:35Z,ky,school_email
102870,2025-10-15T07:06:10Z,OH,partner
102871,2025-10-30T01:04:18Z,WA,paid_social
102872,2025-06-25T02:20:57Z,PA,organic
102873,2025-12-28T01:00:48Z,SC,referral
102874,2025-07-15T09:02:59Z,IN,app_store
102875,2025-07-13T22:24:27Z,OH,app_store
102876,2025-09-09T21:32:36Z,IL,app_store
102877,2025-07-15T03:34:41Z,SC,referral
102878,2026-01-29T09:19:54Z,GA,paid_social
102879,2026-02-16T16:33:36Z,WA,app_store
102880,2026-02-06T18:47:58Z,NY,organic
102881,2025-06-07T05:45:55Z,TN,school_email
102882,2026-01-23T16:19:17Z,CA,referral
102883,2025-10-27T18:22:14Z,TX,partner
102884,2026-02-26T13:37:07Z,IN,paid_social
102885,2025-08-26T18:16:47Z,NC,organic
102886,2025-07-23T05:45:33Z,MN,referral
102887,2025-07-14T19:34:37Z,IL,referral
102888,2026-01-05T16:48:29Z,PA,app_store
102889,2025-10-29T10:30:30Z,GA,school_email
102890,2025-10-15T16:03:45Z,PA,app_store
102891,2025-07-19T22:25:30Z,PA,school_email
102892,2025-09-05T03:25:55Z,IL,referral
102893,2025-09-25T02:21:44Z,MN,organic
102894,2025-10-07T20:41:01Z,NY,organic
102895,2025-08-17T22:39:20Z,OH,organic
102896,2026-02-01T11:25:58Z,IN,app_store
102897,2025-07-05T13:30:42Z,AL,partner
102898,2025-08-27T15:34:50Z,TX,referral
102899,2026-01-06T22:01:16Z,OH,paid_social
102900,2025-08-19T22:52:40Z,KY,paid_social
102901,2025-12-19T02:25:13Z,FL,paid_social
102902,2025-09-21T23:12:39Z,wa,referral
102903,2025-08-01T02:45:54Z,WI,paid_social
102904,2025-08-24T04:30:09Z,IN,referral
102905,2025-10-22T02:39:52Z,VA,organic
102906,2025-11-07T22:05:49Z,IN,paid_social
102907,2025-08-28T22:13:06Z,FL,paid_social
102908,2025-10-11T03:23:32Z,WA,partner
102909,2025-08-18T21:44:43Z,CA,referral
102910,2025-11-25T22:35:08Z,PA,partner
102911,2025-11-18T00:46:47Z,WA,school_email
102912,2025-11-11T10:00:14Z,WI,paid_social
102913,2025-10-02T22:44:19Z,NC,partner
102914,2025-07-15T11:52:27Z,KY,organic
102915,2026-02-21T20:17:28Z,NY,paid_social
102916,2025-09-09T19:06:36Z,GA,school_email
102917,2025-08-29T08:08:15Z,FL,app_store
102918,2025-09-01T10:56:45Z,al,app_store
102919,2026-01-16T12:37:25Z,MI,school_email
102920,2025-08-01T20:46:25Z,AL,organic
102921,2025-06-17T18:10:01Z,VA,school_email
102922,2025-06-04T08:21:35Z,SC,organic
102923,2026-02-07T01:45:57Z,AL,school_email
102924,2026-02-02T02:59:01Z,PA,referral
102925,2026-02-13T00:06:28Z,NY,paid_social
102926,2025-07-30T10:57:52Z,ky,partner
102927,2025-06-23T03:22:02Z,MN,referral
102928,2025-09-15T16:29:23Z,WA,paid_social
102929,2025-06-04T06:27:01Z,SC,paid_social
102930,2026-02-25T00:02:25Z,NY,paid_social
102931,2025-12-14T05:10:49Z,NY,referral
102932,2025-08-11T03:47:30Z,NC,organic
102933,2025-12-25T02:42:20Z,GA,organic
102934,2025-11-05T15:40:43Z,OH,organic
102935,2025-12-26T17:20:04Z,OH,school_email
102936,2025-11-29T10:04:03Z,TN,paid_social
102937,2025-05-09T15:50:25Z,IL,school_email
102938,2025-07-30T14:34:38Z,GA,partner
102939,2025-12-29T20:00:41Z,TN,partner
102940,2025-10-24T07:41:25Z,KY,organic
102941,2025-06-21T06:48:26Z,VA,organic
102942,2025-07-28T13:20:58Z,MI,paid_social
102943,2025-08-08T09:15:04Z,MI,app_store
102944,2025-07-20T12:47:35Z,IL,organic
102945,2025-09-03T14:44:50Z,PA,paid_social
102946,2025-12-03T00:50:11Z,VA,partner
102947,2026-02-22T09:01:45Z,TX,partner
102948,2026-02-19T16:10:55Z,MI,referral
102949,2025-07-26T06:55:14Z,AL,partner
102950,2025-05-04T20:33:58Z,SC,paid_social
102951,2026-01-07T11:59:16Z,MI,organic
102952,2025-12-31T04:59:49Z,NY,school_email
102953,2025-10-17T08:34:07Z,CA,referral
102954,2025-06-16T07:05:29Z,WI,partner
102955,2026-02-15T02:17:34Z,FL,referral
102956,2026-01-21T05:39:29Z,NC,app_store
102957,2025-08-14T10:12:33Z,OH,referral
102958,2025-08-03T14:50:32Z,IL,referral
102959,2025-12-14T23:06:09Z,AL,partner
102960,2025-11-17T14:10:09Z,TN,organic
102961,2025-06-06T05:21:24Z,NY,school_email
102962,2025-08-27T18:31:26Z,FL,referral
102963,2025-10-25T14:36:43Z,MI,app_store
102964,2025-08-13T15:12:26Z,TX,paid_social
102965,2025-11-02T09:53:10Z,TN,paid_social
102966,2025-07-23T23:46:30Z,MI,paid_social
102967,2025-06-08T14:46:53Z,MO,school_email
102968,2025-12-08T07:59:27Z,WI,partner
102969,2026-01-10T02:21:20Z,CA,paid_social
102970,2026-02-24T14:24:13Z,AL,school_email
102971,2025-11-10T02:02:51Z,IN,school_email
102972,2025-09-09T14:23:58Z,WA,referral
102973,2025-09-26T02:20:09Z,AL,paid_social
102974,2025-06-13T09:48:13Z,FL,school_email
102975,2025-06-29T18:42:36Z,CA,school_email
102976,2026-02-13T02:35:57Z,mo,school_email
102977,2025-08-15T16:22:27Z,in,partner
102978,2025-09-23T20:58:40Z,GA,school_email
102979,2025-08-09T12:48:36Z,CA,partner
102980,2025-09-08T19:17:41Z,VA,organic
102981,2025-12-24T16:17:48Z,CA,school_email
102982,2026-02-18T23:13:51Z,MO,app_store
102983,2025-07-02T13:37:19Z,WA,app_store
102984,2026-01-27T01:26:13Z,WI,organic
102985,2025-06-13T06:16:03Z,MN,partner
102986,2025-07-12T21:30:07Z,PA,partner
102987,2025-11-27T12:35:10Z,SC,app_store
102988,2025-05-23T14:42:19Z,mn,referral
102989,2026-02-22T15:28:21Z,al,school_email
102990,2025-09-10T15:04:24Z,IL,partner
102991,2026-02-07T11:13:19Z,OH,school_email
102992,2025-07-17T17:25:54Z,IN,referral
102993,2025-09-01T18:25:21Z,GA,app_store
102994,2025-07-08T05:40:13Z,WA,organic
102995,2025-10-19T04:12:50Z,MO,partner
102996,2025-08-04T02:11:36Z,OH,app_store
102997,2026-01-19T23:53:05Z,IN,referral
102998,2025-10-22T14:59:01Z,WA,app_store
102999,2025-06-08T04:13:05Z,TX,organic
103000,2025-07-30T06:09:17Z,MO,school_email
103001,2025-05-30T09:37:23Z,OH,organic
103002,2025-08-13T11:20:00Z,IL,school_email
103003,2025-08-17T04:22:23Z,PA,app_store
103004,2025-05-19T18:55:34Z,IN,organic
103005,2025-06-02T10:02:53Z,WI,organic
103006,2025-06-12T03:22:00Z,PA,school_email
103007,2025-10-28T08:09:21Z,NC,app_store
103008,2025-08-26T15:54:10Z,PA,referral
103009,2026-01-16T03:28:26Z,NC,referral
103010,2025-07-22T14:13:32Z,WI,paid_social
103011,2025-09-27T18:03:40Z,MO,referral
103012,2025-06-17T16:17:21Z,MN,organic
103013,2025-10-29T02:05:45Z,PA,referral
103014,2025-12-24T05:32:31Z,TN,app_store
103015,2025-05-30T18:28:41Z,PA,paid_social
103016,2026-01-23T19:22:29Z,CA,partner
103017,2025-05-18T18:23:40Z,OH,paid_social
103018,2025-12-01T11:06:47Z,IL,organic
103019,2025-11-17T07:56:23Z,AL,partner
103020,2025-05-15T10:22:25Z,CA,partner
103021,2026-02-07T18:38:29Z,SC,app_store
103022,2026-01-27T14:47:19Z,PA,referral
103023,2025-07-12T20:00:17Z,AL,referral
103024,2025-11-13T16:39:19Z,IL,app_store
103025,2025-12-29T20:07:01Z,CA,app_store
103026,2025-12-25T03:14:39Z,WA,organic
103027,2025-05-29T04:46:13Z,CA,paid_social
103028,2025-06-21T16:27:35Z,IL,partner
103029,2025-05-13T07:43:11Z,SC,referral
103030,2025-09-12T12:29:36Z,il,partner
103031,2025-07-13T20:02:10Z,OH,organic
103032,2025-10-10T21:55:02Z,SC,partner
103033,2026-01-25T15:46:45Z,PA,organic
103034,2025-12-10T05:55:20Z,TX,app_store
103035,2025-05-24T16:44:01Z,WA,referral
103036,2025-07-05T22:40:21Z,SC,app_store
103037,2025-08-16T05:46:06Z,FL,paid_social
103038,2025-07-24T11:12:02Z,MO,referral
103039,2026-01-14T11:45:52Z,pa,paid_social
103040,2025-06-21T01:40:24Z,WI,organic
103041,2026-02-18T18:38:47Z,ca,partner
103042,2025-12-02T02:41:53Z,IL,school_email
103043,2025-12-19T03:58:58Z,SC,organic
103044,2025-05-15T23:43:18Z,WA,partner
103045,2025-11-30T22:54:59Z,CA,paid_social
103046,2025-11-03T04:45:09Z,VA,referral
103047,2025-06-13T13:21:53Z,WA,paid_social
103048,2025-10-02T08:44:03Z,TN,school_email
103049,2026-02-15T19:38:59Z,AL,school_email
103050,2025-07-14T10:01:38Z,MO,partner
103051,2025-05-15T07:42:31Z,IN,partner
103052,2025-11-25T22:07:01Z,MO,referral
103053,2025-05-22T02:30:21Z,NY,referral
103054,2025-09-23T19:19:26Z,KY,referral
103055,2025-09-04T22:35:51Z,MN,school_email
103056,2025-05-17T22:17:50Z,CA,referral
103057,2026-01-22T11:14:08Z,WA,app_store
103058,2025-11-02T09:03:20Z,IL,referral
103059,2025-09-30T16:04:54Z,VA,organic
103060,2025-12-07T03:32:22Z,MI,partner
103061,2025-05-11T01:07:20Z,TN,organic
103062,2025-06-16T08:19:31Z,OH,partner
103063,2025-10-27T08:52:47Z,TN,organic
103064,2025-07-29T07:18:15Z,GA,paid_social
103065,2026-01-22T18:17:32Z,WI,paid_social
103066,2025-08-02T14:53:30Z,NY,app_store
103067,2025-11-12T20:33:23Z,IN,paid_social
103068,2026-01-19T15:15:36Z,IL,paid_social
103069,2025-07-16T18:11:35Z,VA,referral
103070,2025-12-24T05:18:41Z,PA,paid_social
103071,2025-12-28T17:25:37Z,MI,partner
103072,2025-07-27T06:14:12Z,IL,organic
103073,2025-08-10T19:15:31Z,GA,organic
103074,2025-12-12T05:35:35Z,WI,school_email
103075,2025-06-21T14:11:31Z,AL,referral
103076,2026-02-01T07:19:19Z,WI,app_store
103077,2026-01-09T04:22:00Z,NC,school_email
103078,2025-08-18T12:06:32Z,VA,referral
103079,2026-02-06T18:41:08Z,PA,app_store
103080,2025-05-24T22:19:14Z,NC,app_store
103081,2025-08-16T21:33:46Z,TX,app_store
103082,2025-12-19T18:33:17Z,NC,organic
103083,2026-01-26T19:32:06Z,TX,referral
103084,2025-10-24T06:25:40Z,KY,paid_social
103085,2026-02-11T02:59:10Z,GA,school_email
103086,2025-12-19T07:09:33Z,WA,school_email
103087,2025-07-30T11:19:39Z,NY,referral
103088,2025-11-30T14:12:18Z,WA,partner
103089,2025-05-17T17:06:36Z,IN,referral
103090,2025-08-09T13:40:11Z,TX,organic
103091,2025-05-26T22:17:05Z,WI,paid_social
103092,2025-09-01T01:28:46Z,OH,school_email
103093,2025-10-21T15:44:23Z,IL,partner
103094,2025-12-22T03:49:44Z,WA,app_store
103095,2025-08-25T07:15:31Z,PA,app_store
103096,2025-06-26T15:58:38Z,NC,app_store
103097,2026-01-01T20:09:01Z,WI,partner
103098,2025-06-13T03:00:48Z,MN,app_store
103099,2025-09-01T08:07:48Z,TN,partner
103100,2025-07-22T23:44:32Z,WI,partner
103101,2025-11-29T05:54:36Z,WI,school_email
103102,2025-09-15T14:43:29Z,NC,app_store
103103,2026-02-27T03:10:26Z,PA,organic
103104,2025-05-29T15:13:10Z,FL,paid_social
103105,2025-11-04T02:26:29Z,KY,app_store
103106,2025-06-20T11:16:23Z,WI,app_store
103107,2025-09-20T08:22:23Z,IN,paid_social
103108,2025-05-18T07:15:54Z,IL,school_email
103109,2025-11-13T17:38:05Z,GA,partner
103110,2025-06-24T15:07:18Z,VA,referral
103111,2025-05-24T20:01:29Z,IL,referral
103112,2025-12-01T10:43:38Z,CA,school_email
103113,2025-07-10T02:07:09Z,VA,app_store
103114,2025-05-31T23:20:31Z,MI,partner
103115,2025-10-15T17:05:58Z,OH,app_store
103116,2025-11-04T03:05:59Z,OH,paid_social
103117,2025-12-09T12:04:27Z,IL,organic
103118,2025-11-18T04:15:15Z,KY,referral
103119,2026-02-14T09:56:07Z,PA,school_email
103120,2025-12-22T18:48:13Z,AL,partner
103121,2025-11-13T18:59:57Z,FL,organic
103122,2025-05-07T17:09:34Z,TN,school_email
103123,2025-08-04T11:32:01Z,CA,paid_social
103124,2025-12-04T07:53:31Z,PA,paid_social
103125,2025-06-08T15:01:32Z,MI,referral
103126,2025-09-14T13:39:45Z,PA,organic
103127,2026-02-09T00:10:30Z,PA,school_email
103128,2025-07-01T11:22:11Z,wi,paid_social
103129,2025-05-21T17:52:16Z,KY,partner
103130,2025-12-14T01:28:19Z,MN,app_store
103131,2025-10-27T19:32:23Z,ca,school_email
103132,2026-02-22T06:42:36Z,SC,partner
103133,2025-05-23T11:30:25Z,MO,organic
103134,2025-10-31T12:42:41Z,va,partner
103135,2025-10-05T17:43:43Z,tx,organic
103136,2025-12-25T23:45:47Z,NY,partner
103137,2026-01-26T08:52:10Z,KY,paid_social
103138,2026-01-12T16:45:30Z,ky,partner
103139,2025-11-23T19:11:01Z,MI,referral
103140,2025-10-08T21:35:23Z,FL,app_store
103141,2025-05-29T12:07:12Z,GA,referral
103142,2026-01-01T19:18:40Z,NC,organic
103143,2025-07-18T16:13:49Z,FL,app_store
103144,2026-01-28T06:20:45Z,NY,school_email
103145,2025-08-23T01:36:16Z,CA,school_email
103146,2025-07-10T18:08:18Z,VA,partner
103147,2025-06-28T15:01:52Z,TX,referral
103148,2025-09-03T10:57:01Z,in,referral
103149,2025-09-01T20:22:35Z,KY,partner
103150,2025-10-18T02:11:26Z,WI,paid_social
103151,2025-08-23T07:52:18Z,PA,paid_social
103152,2025-07-22T16:35:49Z,IN,referral
103153,2026-02-01T01:27:10Z,MO,partner
103154,2025-05-23T23:45:04Z,VA,school_email
103155,2025-09-25T00:33:29Z,NY,school_email
103156,2025-11-17T05:53:42Z,NC,paid_social
103157,2026-02-08T17:59:10Z,OH,referral
103158,2026-02-21T18:36:47Z,GA,app_store
103159,2025-10-14T06:38:42Z,NY,referral
103160,2025-12-31T16:54:38Z,WI,school_email
103161,2025-07-28T12:07:15Z,WI,organic
103162,2025-08-11T06:13:07Z,IN,app_store
103163,2025-08-29T13:27:24Z,WA,referral
103164,2025-11-06T07:16:02Z,AL,referral
103165,2026-01-07T01:29:34Z,NY,partner
103166,2026-01-15T23:29:56Z,IL,organic
103167,2025-07-17T01:50:50Z,MO,organic
103168,2026-01-25T17:28:34Z,MN,paid_social
103169,2026-01-17T13:19:50Z,IN,school_email
103170,2025-09-05T00:00:38Z,FL,referral
103171,2025-09-22T03:51:04Z,MI,organic
103172,2025-05-24T04:54:27Z,NC,school_email
103173,2026-02-23T05:18:49Z,NY,partner
103174,2025-12-07T15:21:08Z,NY,organic
103175,2025-07-20T02:20:50Z,MI,paid_social
103176,2025-07-20T05:31:02Z,OH,school_email
103177,2026-01-16T15:43:55Z,AL,referral
103178,2025-12-24T08:30:12Z,VA,partner
103179,2025-10-03T09:27:56Z,NY,referral
103180,2026-02-22T09:12:01Z,TX,school_email
103181,2025-09-29T15:02:13Z,FL,referral
103182,2025-12-22T20:45:55Z,IN,school_email
103183,2025-10-05T08:06:43Z,FL,paid_social
103184,2025-08-22T20:28:43Z,PA,organic
103185,2025-07-09T00:37:06Z,WA,organic
103186,2026-01-17T02:12:08Z,TX,referral
103187,2025-09-04T06:27:50Z,AL,app_store
103188,2026-01-28T09:34:03Z,MN,partner
103189,2026-01-01T08:45:15Z,AL,organic
103190,2026-02-24T08:02:39Z,CA,school_email
103191,2025-08-06T10:28:37Z,WA,school_email
103192,2025-08-01T14:27:30Z,NC,paid_social
103193,2025-09-06T02:59:03Z,TX,partner
103194,2025-08-21T20:06:14Z,SC,school_email
103195,2025-12-13T03:30:07Z,OH,partner
103196,2025-10-11T20:07:11Z,VA,school_email
103197,2025-08-18T13:58:12Z,SC,school_email
103198,2025-06-14T03:45:48Z,IL,referral
103199,2025-11-24T00:52:36Z,IL,app_store
103200,2025-05-25T20:26:23Z,KY,organic
103201,2025-07-27T07:08:51Z,MN,paid_social
103202,2025-08-08T13:25:08Z,wa,referral
103203,2025-12-20T00:25:07Z,PA,partner
103204,2025-09-20T19:12:10Z,WA,paid_social
103205,2025-09-27T16:53:32Z,MI,referral
103206,2025-06-07T17:19:31Z,VA,paid_social
103207,2025-05-26T16:33:31Z,MO,school_email
103208,2026-01-08T23:19:30Z,NC,app_store
103209,2025-05-05T11:39:59Z,MN,partner
103210,2026-02-13T10:46:09Z,MN,organic
103211,2026-02-08T06:03:01Z,NY,app_store
103212,2025-08-09T02:08:05Z,TX,app_store
103213,2026-02-25T14:22:49Z,VA,partner
103214,2026-02-04T05:07:48Z,IN,school_email
103215,2025-12-25T05:40:59Z,CA,school_email
103216,2025-10-29T00:24:54Z,TX,partner
103217,2025-09-23T17:12:10Z,CA,partner
103218,2025-11-17T04:32:03Z,MN,paid_social
103219,2025-12-26T14:11:26Z,MN,organic
103220,2025-11-22T16:52:17Z,NY,paid_social
103221,2026-01-16T06:06:29Z,FL,school_email
103222,2025-06-07T20:49:12Z,TX,app_store
103223,2026-02-11T13:30:12Z,AL,referral
103224,2025-10-16T18:37:26Z,MO,referral
103225,2025-08-06T20:01:02Z,SC,referral
103226,2025-07-04T10:06:04Z,MO,paid_social
103227,2025-07-13T09:51:14Z,OH,school_email
103228,2025-09-23T06:04:23Z,WI,partner
103229,2025-08-27T08:16:36Z,MN,organic
103230,2025-10-21T09:31:54Z,WA,referral
103231,2026-02-08T20:15:40Z,AL,school_email
103232,2026-02-09T21:48:24Z,MI,partner
103233,2025-11-22T21:09:02Z,VA,school_email
103234,2025-10-20T23:18:17Z,NC,app_store
103235,2025-06-21T12:57:11Z,KY,school_email
103236,2026-01-24T16:50:30Z,Ga.,referral
103237,2025-05-28T18:12:09Z,SC,organic
103238,2025-10-05T10:22:48Z,WI,paid_social
103239,2025-05-08T08:50:07Z,CA,app_store
103240,2025-11-24T14:10:09Z,TX,partner
103241,2025-11-13T13:28:19Z,SC,organic
103242,2026-01-26T00:43:08Z,GA,app_store
103243,2025-06-18T08:29:35Z,PA,app_store
103244,2025-10-24T19:52:54Z,KY,referral
103245,2025-07-21T15:34:03Z,WI,paid_social
103246,2025-05-05T21:13:55Z,IL,app_store
103247,2025-10-01T14:38:48Z,CA,school_email
103248,2026-02-12T17:28:12Z,AL,school_email
103249,2026-02-14T01:36:37Z,GA,referral
103250,2025-11-10T10:34:07Z,VA,app_store
103251,2025-11-22T19:58:23Z,GA,referral
103252,2026-02-10T08:05:19Z,WI,organic
103253,2026-01-05T01:09:51Z,KY,organic
103254,2025-09-09T04:49:41Z,FL,app_store
103255,2025-07-15T23:39:36Z,TX,paid_social
103256,2025-07-31T09:01:04Z,NC,partner
103257,2026-01-18T00:59:40Z,KY,organic
103258,2025-12-29T10:08:19Z,GA,app_store
103259,2025-09-26T00:56:17Z,OH,partner
103260,2025-07-10T21:30:28Z,NC,paid_social
103261,2025-11-01T03:00:13Z,MO,school_email
103262,2025-08-01T05:01:28Z,FL,app_store
103263,2025-11-12T22:43:17Z,MN,school_email
103264,2025-05-22T01:49:09Z,SC,referral
103265,2025-05-10T22:53:43Z,OH,paid_social
103266,2025-10-10T01:33:19Z,KY,paid_social
103267,2025-05-20T23:33:07Z,FL,organic
103268,2025-11-04T22:42:28Z,al,school_email
103269,2025-09-02T20:35:26Z,MI,paid_social
103270,2025-12-02T18:48:18Z,FL,referral
103271,2025-09-01T10:10:47Z,NY,partner
103272,2025-12-15T19:30:08Z,IL,organic
103273,2025-12-27T00:01:58Z,VA,school_email
103274,2025-08-18T02:17:58Z,AL,referral
103275,2025-07-20T08:19:58Z,CA,school_email
103276,2025-05-28T19:01:53Z,TX,referral
103277,2025-07-31T05:36:07Z,GA,app_store
103278,2025-09-14T20:20:01Z,ny,partner
103279,2025-08-17T18:31:20Z,KY,organic
103280,2025-08-16T15:44:18Z,NY,referral
103281,2025-08-09T14:38:18Z,PA,partner
103282,2025-10-18T07:25:18Z,MN,paid_social
103283,2025-07-15T04:57:07Z,PA,partner
103284,2025-07-02T02:15:51Z,PA,organic
103285,2025-09-17T15:18:47Z,MO,partner
103286,2025-10-27T18:41:21Z,IL,referral
103287,2026-02-23T08:47:53Z,NC,organic
103288,2025-11-30T01:41:09Z,MO,app_store
103289,2025-12-20T14:14:40Z,KY,partner
103290,2026-02-12T18:52:03Z,nc,paid_social
103291,2025-11-07T09:03:55Z,MO,school_email
103292,2025-06-06T07:56:23Z,WA,referral
103293,2025-08-13T23:26:26Z,IN,school_email
103294,2026-01-31T21:04:24Z,MI,partner
103295,2025-09-05T10:06:56Z,SC,school_email
103296,2025-10-23T18:07:00Z,MN,partner
103297,2025-08-18T04:32:27Z,TX,organic
103298,2026-02-19T16:20:08Z,IL,referral
103299,2025-11-15T05:47:13Z,GA,school_email
103300,2025-09-01T00:11:32Z,IL,school_email
103301,2025-10-07T08:51:54Z,MN,paid_social
103302,2025-12-27T15:02:44Z,IL,paid_social
103303,2025-05-27T20:00:00Z,FL,referral
103304,2025-07-17T19:00:37Z,WI,app_store
103305,2025-12-13T18:23:25Z,KY,partner
103306,2025-09-04T05:59:58Z,AL,app_store
103307,2026-01-27T03:15:12Z,SC,app_store
103308,2025-10-02T05:28:23Z,NY,organic
103309,2025-09-15T12:56:33Z,OH,app_store
103310,2025-09-04T04:02:53Z,FL,app_store
103311,2025-09-07T07:00:39Z,SC,organic
103312,2025-10-15T13:37:48Z,IL,paid_social
103313,2025-09-19T20:23:04Z,GA,app_store
103314,2025-08-10T01:58:16Z,VA,partner
103315,2025-06-20T02:53:03Z,nc,paid_social
103316,2025-06-29T21:47:08Z,in,organic
103317,2025-05-15T01:50:16Z,OH,school_email
103318,2025-11-12T06:04:00Z,AL,referral
103319,2025-11-21T08:59:30Z,TX,paid_social
103320,2026-02-26T09:56:06Z,PA,partner
103321,2025-07-28T19:37:53Z,Texas,paid_social
103322,2025-07-02T14:08:46Z,WI,partner
103323,2025-11-18T00:33:08Z,WA,school_email
103324,2025-09-08T23:59:24Z,MI,partner
103325,2026-02-04T20:27:07Z,VA,referral
103326,2025-07-03T13:54:56Z,ga,organic
103327,2025-10-16T14:42:46Z,TN,school_email
103328,2025-06-27T09:33:23Z,OH,school_email
103329,2025-06-12T19:16:05Z,NY,paid_social
103330,2025-11-09T04:35:08Z,FL,organic
103331,2025-10-09T15:26:25Z,SC,school_email
103332,2025-09-28T10:40:36Z,NC,paid_social
103333,2026-02-23T20:11:26Z,VA,app_store
103334,2026-02-15T08:23:00Z,IL,app_store
103335,2026-02-05T19:49:12Z,SC,referral
103336,2025-11-03T08:06:00Z,NC,organic
103337,2026-01-26T09:10:51Z,AL,organic
103338,2026-01-21T11:22:12Z,sc,paid_social
103339,2025-09-28T08:38:18Z,MN,app_store
103340,2025-09-22T15:31:50Z,SC,paid_social
103341,2026-02-02T22:56:10Z,IN,referral
103342,2025-12-20T04:12:54Z,GA,referral
103343,2025-08-15T17:56:44Z,MO,partner
103344,2025-08-05T14:54:44Z,tn,organic
103345,2026-01-23T07:10:18Z,MN,paid_social
103346,2025-08-01T23:37:04Z,TX,partner
103347,2025-05-06T11:54:06Z,NY,organic
103348,2025-05-19T19:45:22Z,CA,school_email
103349,2025-08-07T19:05:09Z,SC,organic
103350,2026-01-07T12:05:12Z,NC,referral
103351,2025-07-07T08:36:20Z,MO,school_email
103352,2025-11-23T17:26:56Z,MO,app_store
103353,2025-06-10T04:45:05Z,TN,school_email
103354,2026-02-08T01:25:04Z,WA,paid_social
103355,2025-10-04T05:18:06Z,NY,partner
103356,2025-07-24T11:04:02Z,OH,app_store
103357,2025-08-11T01:51:29Z,TX,partner
103358,2025-09-10T11:10:52Z,NC,school_email
103359,2025-07-12T21:27:15Z,FL,school_email
103360,2025-06-09T02:26:17Z,GA,referral
103361,2025-08-04T22:06:36Z,MI,partner
103362,2025-12-10T15:38:14Z,NY,organic
103363,2025-11-15T11:52:43Z,VA,partner
103364,2025-11-02T19:32:50Z,SC,app_store
103365,2026-02-19T08:21:21Z,FL,organic
103366,2026-01-06T20:57:20Z,AL,referral
103367,2025-11-24T23:55:34Z,IL,app_store
103368,2025-08-08T01:06:42Z,FL,app_store
103369,2025-11-19T19:07:34Z,KY,referral
103370,2025-12-07T17:01:21Z,WI,paid_social
103371,2025-07-24T01:45:58Z,VA,paid_social
103372,2025-11-18T22:46:34Z,OH,organic
103373,2025-10-03T16:13:57Z,PA,paid_social
103374,2025-09-26T18:47:29Z,VA,app_store
103375,2025-12-29T17:47:37Z,AL,organic
103376,2025-10-31T01:51:14Z,WI,referral
103377,2025-05-12T03:24:44Z,WA,organic
103378,2026-01-02T00:14:00Z,NY,referral
103379,2025-11-23T17:49:24Z,MO,referral
103380,2025-12-16T08:00:00Z,PA,app_store
103381,2025-12-24T07:44:28Z,VA,referral
103382,2025-06-01T12:47:41Z,NY,referral
103383,2026-01-31T21:25:10Z,WA,paid_social
103384,2025-05-15T12:25:23Z,KY,paid_social
103385,2025-06-07T17:40:54Z,va,school_email
103386,2025-12-15T08:47:53Z,WI,paid_social
103387,2025-09-25T02:05:32Z,OH,partner
103388,2025-06-25T03:59:28Z,WI,school_email
103389,2025-05-27T18:11:34Z,AL,partner
103390,2025-10-12T11:13:51Z,NY,app_store
103391,2025-12-26T19:11:34Z,GA,school_email
103392,2026-01-12T12:27:00Z,OH,school_email
103393,2025-06-07T06:15:40Z,PA,organic
103394,2026-01-31T04:44:27Z,TN,school_email
103395,2025-10-19T15:24:32Z,MI,referral
103396,2025-06-22T03:14:11Z,VA,organic
103397,2025-08-03T06:05:13Z,TN,organic
103398,2025-10-17T15:07:06Z,MN,school_email
103399,2025-06-16T08:34:55Z,WA,app_store
103400,2025-12-15T20:58:08Z,NY,app_store
103401,2025-11-21T02:15:45Z,GA,referral
103402,2025-06-19T23:06:36Z,NY,paid_social
103403,2025-11-20T04:24:57Z,NC,organic
103404,2025-10-09T17:06:23Z,IN,paid_social
103405,2025-07-19T02:15:23Z,NY,partner
103406,2025-07-23T22:20:44Z,VA,paid_social
103407,2026-01-08T06:13:00Z,GA,paid_social
103408,2026-02-12T00:34:30Z,VA,school_email
103409,2025-08-20T14:20:42Z,IN,school_email
103410,2026-02-13T16:58:38Z,TN,school_email
103411,2025-11-06T13:50:04Z,MN,school_email
103412,2026-02-26T21:52:45Z,TN,paid_social
103413,2026-02-27T20:58:25Z,IL,paid_social
103414,2025-11-12T02:46:59Z,OH,referral
103415,2025-08-30T01:48:16Z,PA,referral
103416,2025-06-15T08:52:58Z,SC,school_email
103417,2025-08-08T09:08:39Z,PA,partner
103418,2025-11-09T19:24:53Z,MN,referral
103419,2025-06-08T08:44:31Z,WA,app_store
103420,2025-12-08T20:24:08Z,MO,paid_social
103421,2025-09-19T21:04:21Z,IN,app_store
103422,2025-05-16T08:05:25Z,NC,organic
103423,2025-09-17T08:29:16Z,MI,app_store
103424,2025-09-25T15:17:52Z,OH,paid_social
103425,2025-12-15T01:09:16Z,IN,referral
103426,2025-10-13T05:56:06Z,NY,paid_social
103427,2025-10-11T18:24:00Z,MN,organic
103428,2025-10-15T12:09:51Z,PA,school_email
103429,2025-07-05T23:47:41Z,KY,partner
103430,2025-05-09T10:54:19Z,SC,school_email
103431,2025-06-29T03:15:35Z,FL,referral
103432,2025-12-24T16:15:21Z,AL,school_email
103433,2025-12-05T14:17:53Z,SC,paid_social
103434,2025-08-10T08:32:09Z,MO,paid_social
103435,2025-09-06T09:01:53Z,SC,paid_social
103436,2025-09-30T01:33:43Z,NY,referral
103437,2025-09-09T02:18:35Z,KY,referral
103438,2026-01-31T21:11:04Z,GA,partner
103439,2025-07-06T06:10:59Z,VA,school_email
103440,2025-07-16T12:09:39Z,pa,paid_social
103441,2025-12-30T16:43:42Z,FL,organic
103442,2025-06-11T03:57:15Z,NY,partner
103443,2026-01-27T00:36:41Z,WI,school_email
103444,2025-06-28T19:11:04Z,WI,school_email
103445,2025-06-26T19:06:16Z,WA,paid_social
103446,2025-10-14T20:42:33Z,FL,referral
103447,2025-11-03T10:59:07Z,SC,school_email
103448,2025-12-04T15:00:04Z,WI,app_store
103449,2025-12-22T22:24:40Z,NY,organic
103450,2025-07-01T12:56:35Z,GA,school_email
103451,2025-07-30T10:33:40Z,TN,paid_social
103452,2025-12-12T13:50:22Z,NY,app_store
103453,2025-08-30T16:54:55Z,KY,school_email
103454,2025-06-05T12:57:42Z,TN,referral
103455,2025-11-14T14:39:57Z,IL,organic
103456,2026-02-02T06:28:15Z,SC,school_email
103457,2025-10-12T10:10:18Z,WI,app_store
103458,2025-05-27T11:10:52Z,MI,school_email
103459,2026-01-14T09:51:06Z,NY,app_store
103460,2026-01-20T09:22:49Z,TX,organic
103461,2025-05-05T21:04:46Z,NY,paid_social
103462,2025-05-17T09:57:17Z,TX,organic
103463,2025-09-19T23:05:07Z,TX,school_email
103464,2026-01-30T00:51:13Z,TN,partner
103465,2025-07-03T18:26:54Z,TN,school_email
103466,2025-06-24T08:39:35Z,PA,paid_social
103467,2025-10-19T13:51:55Z,WI,referral
103468,2025-05-31T19:42:31Z,KY,paid_social
103469,2025-07-08T21:09:36Z,MI,organic
103470,2025-10-15T09:38:21Z,TN,referral
103471,2025-09-06T13:27:04Z,TN,organic
103472,2025-12-13T06:52:21Z,MN,paid_social
103473,2025-07-28T23:14:41Z,al,school_email
103474,2025-12-01T21:14:52Z,KY,app_store
103475,2025-06-14T12:53:22Z,KY,organic
103476,2025-10-18T10:29:31Z,KY,paid_social
103477,2025-07-19T17:29:01Z,MO,school_email
103478,2025-05-22T12:20:47Z,CA,school_email
103479,2026-02-11T01:13:06Z,GA,organic
103480,2025-09-05T12:08:13Z,CA,partner
103481,2025-07-31T04:44:02Z,WI,app_store
103482,2025-08-10T00:03:07Z,AL,organic
103483,2025-09-17T00:52:37Z,AL,referral
103484,2025-11-12T07:59:28Z,PA,app_store
103485,2026-02-27T05:58:49Z,TN,partner
103486,2025-10-11T15:19:19Z,NY,app_store
103487,2025-12-23T03:54:52Z,WI,referral
103488,2025-10-28T00:11:42Z,TX,organic
103489,2025-12-29T16:34:31Z,OH,app_store
103490,2025-12-24T13:59:03Z,KY,paid_social
103491,2025-10-24T21:20:52Z,KY,school_email
103492,2026-02-10T12:15:01Z,ny,app_store
103493,2025-09-10T07:18:19Z,NY,paid_social
103494,2025-09-14T18:58:13Z,PA,partner
103495,2025-08-08T23:36:12Z,OH,referral
103496,2025-09-11T22:32:22Z,KY,referral
103497,2025-08-16T21:55:38Z,MI,partner
103498,2025-12-12T16:22:08Z,FL,partner
103499,2025-10-18T05:53:28Z,Florida,paid_social
103500,2026-02-19T12:52:08Z,CA,paid_social
103501,2025-12-06T06:54:32Z,TX,app_store
103502,2025-08-20T23:55:15Z,KY,app_store
103503,2025-11-25T09:26:31Z,GA,referral
103504,2025-10-26T23:32:12Z,IL,app_store
103505,2025-08-21T06:44:14Z,MO,school_email
103506,2025-05-30T06:06:36Z,SC,referral
103507,2025-08-01T23:06:19Z,NC,referral
103508,2025-12-24T22:39:47Z,IN,partner
103509,2025-06-16T20:19:12Z,CA,paid_social
103510,2026-02-01T12:08:57Z,TN,partner
103511,2026-01-13T17:27:46Z,CA,paid_social
103512,2026-02-27T17:32:44Z,FL,referral
103513,2025-08-04T11:14:21Z,MN,partner
103514,2026-02-15T22:01:01Z,SC,app_store
103515,2025-10-03T06:27:12Z,IN,partner
103516,2025-10-16T12:19:10Z,VA,paid_social
103517,2025-08-31T15:02:30Z,PA,organic
103518,2025-11-09T23:34:12Z,mn,partner
103519,2025-12-18T04:49:36Z,TN,app_store
103520,2025-12-10T21:42:46Z,NY,referral
103521,2026-01-10T17:34:42Z,KY,paid_social
103522,2025-05-28T14:12:56Z,TN,app_store
103523,2025-10-29T20:26:23Z,NC,organic
103524,2025-10-03T12:56:11Z,IL,organic
103525,2025-08-16T22:50:39Z,CA,app_store
103526,2026-02-13T13:00:04Z,MO,school_email
103527,2025-08-16T05:39:21Z,WI,organic
103528,2025-10-20T06:06:51Z,TX,app_store
103529,2026-02-22T07:18:53Z,KY,organic
103530,2025-12-03T22:46:14Z,TN,referral
103531,2025-07-03T13:11:54Z,MI,partner
103532,2025-09-27T12:46:57Z,IN,school_email
103533,2025-05-16T00:03:44Z,IL,referral
103534,2025-10-20T06:23:42Z,MO,school_email
103535,2025-10-06T22:19:16Z,TX,organic
103536,2025-05-07T05:35:36Z,OH,referral
103537,2025-06-12T02:47:14Z,PA,school_email
103538,2025-12-20T11:38:31Z,KY,school_email
103539,2025-06-13T03:00:32Z,KY,partner
103540,2026-01-03T01:44:17Z,SC,app_store
103541,2025-07-20T12:39:27Z,TX,partner
103542,2025-09-10T07:00:59Z,VA,paid_social
103543,2026-01-03T13:09:22Z,IL,partner
103544,2025-12-08T21:36:38Z,FL,app_store
103545,2025-05-25T00:04:21Z,MO,organic
103546,2025-08-17T12:20:52Z,PA,app_store
103547,2025-09-20T18:24:32Z,KY,paid_social
103548,2025-06-13T11:53:27Z,NC,app_store
103549,2025-09-19T23:13:03Z,NC,school_email
103550,2025-11-18T05:46:40Z,WA,app_store
103551,2025-06-19T08:15:40Z,NC,app_store
103552,2025-05-08T01:01:25Z,MN,referral
103553,2025-05-26T16:15:40Z,VA,referral
103554,2025-12-31T15:40:08Z,AL,school_email
103555,2025-06-12T18:24:22Z,TX,paid_social
103556,2025-11-24T08:55:07Z,FL,organic
103557,2025-10-12T17:01:54Z,SC,school_email
103558,2025-11-17T15:34:54Z,IN,paid_social
103559,2025-06-30T13:51:12Z,wi,paid_social
103560,2025-06-15T05:37:29Z,MN,app_store
103561,2025-08-06T10:54:39Z,oh,partner
103562,2025-05-08T15:48:37Z,NC,school_email
103563,2025-12-22T02:05:31Z,MO,organic
103564,2025-06-26T20:27:53Z,KY,organic
103565,2026-02-03T18:13:58Z,NC,referral
103566,2025-09-26T18:18:07Z,VA,organic
103567,2025-12-01T21:29:18Z,VA,partner
103568,2025-12-21T12:22:50Z,WI,organic
103569,2025-11-12T11:51:08Z,MN,paid_social
103570,2025-10-16T12:13:26Z,IL,partner
103571,2025-08-19T22:28:38Z,MN,paid_social
103572,2025-11-16T12:08:48Z,GA,paid_social
103573,2026-01-15T12:15:31Z,IN,partner
103574,2025-07-31T21:01:38Z,KY,paid_social
103575,2026-01-24T06:10:13Z,TN,referral
103576,2025-06-18T08:40:55Z,NY,organic
103577,2025-05-18T22:56:49Z,PA,school_email
103578,2025-07-01T05:25:13Z,MN,paid_social
103579,2025-05-30T10:39:26Z,OH,school_email
103580,2026-02-04T23:48:14Z,PA,partner
103581,2025-08-21T19:57:24Z,WA,paid_social
103582,2026-01-02T16:31:43Z,IL,organic
103583,2025-08-26T10:59:29Z,TX,school_email
103584,2025-12-24T02:17:24Z,VA,paid_social
103585,2025-07-29T01:12:37Z,TX,paid_social
103586,2025-10-14T21:41:59Z,OH,paid_social
103587,2025-08-07T11:28:52Z,FL,referral
103588,2025-06-24T07:53:17Z,GA,organic
103589,2025-11-14T00:14:15Z,NC,partner
103590,2025-09-15T09:02:51Z,MO,paid_social
103591,2025-06-20T18:50:59Z,TN,paid_social
103592,2026-01-05T21:36:53Z,TN,paid_social
103593,2025-05-19T18:24:54Z,TN,paid_social
103594,2025-12-09T20:49:17Z,KY,paid_social
103595,2025-07-28T14:59:55Z,WI,referral
103596,2025-10-04T03:10:39Z,CA,app_store
103597,2025-11-27T01:16:34Z,MO,paid_social
103598,2025-10-14T13:17:42Z,WA,app_store
103599,2025-10-25T17:06:02Z,AL,referral
103600,2025-05-14T20:01:30Z,CA,referral
103601,2025-10-23T09:25:01Z,MO,school_email
103602,2025-05-07T20:14:59Z,nc,paid_social
103603,2025-06-26T11:52:24Z,OH,partner
103604,2025-12-30T12:12:36Z,MN,partner
103605,2025-11-02T21:26:12Z,WI,referral
103606,2025-11-19T15:41:07Z,IL,partner
103607,2026-02-27T05:33:38Z,WA,app_store
103608,2025-10-16T02:42:31Z,WI,school_email
103609,2025-11-28T09:49:18Z,WA,referral
103610,2025-12-23T06:59:29Z,TX,app_store
103611,2025-11-11T15:12:55Z,TN,school_email
103612,2025-12-18T12:54:18Z,FL,school_email
103613,2026-02-12T04:50:38Z,TN,partner
103614,2026-01-15T11:45:01Z,MI,partner
103615,2025-06-01T17:31:42Z,CA,organic
103616,2025-09-02T22:28:19Z,WA,paid_social
103617,2025-05-13T09:50:56Z,MO,app_store
103618,2025-08-31T08:12:26Z,IN,app_store
103619,2025-08-21T14:20:49Z,IL,organic
103620,2026-01-27T00:31:52Z,WA,paid_social
103621,2025-12-30T23:20:26Z,SC,school_email
103622,2025-05-11T05:09:18Z,WA,partner
103623,2025-07-01T06:51:08Z,MI,organic
103624,2025-07-28T20:19:15Z,ca,paid_social
103625,2025-07-09T10:43:08Z,MO,referral
103626,2025-07-22T05:31:18Z,tx,partner
103627,2025-05-11T03:15:35Z,WA,app_store
103628,2026-01-10T17:36:06Z,MN,partner
103629,2025-10-23T18:57:06Z,VA,paid_social
103630,2025-08-13T06:38:31Z,WI,organic
103631,2025-05-06T03:24:27Z,MI,school_email
103632,2026-01-30T04:42:58Z,IL,referral
103633,2025-09-09T06:39:12Z,NC,partner
103634,2025-07-11T13:29:39Z,VA,school_email
103635,2025-09-18T06:09:28Z,OH,referral
103636,2026-01-28T16:54:58Z,CA,app_store
103637,2025-11-13T05:09:39Z,WI,partner
103638,2026-01-20T03:20:00Z,MI,referral
103639,2026-02-24T07:17:42Z,FL,school_email
103640,2025-08-23T18:15:30Z,NY,organic
103641,2025-05-19T08:55:36Z,FL,partner
103642,2025-11-30T11:39:16Z,WI,app_store
103643,2025-11-24T17:54:27Z,GA,referral
103644,2025-11-22T08:31:40Z,FL,app_store
103645,2025-12-16T07:26:12Z,wa,referral
103646,2025-08-15T15:37:54Z,NY,app_store
103647,2026-02-03T00:15:57Z,VA,referral
103648,2025-09-08T03:11:26Z,SC,school_email
103649,2025-05-29T05:16:45Z,SC,referral
103650,2025-07-26T06:17:59Z,OH,paid_social
103651,2025-10-30T07:53:40Z,IN,organic
103652,2025-05-13T05:30:30Z,NY,app_store
103653,2025-11-13T04:00:42Z,WI,school_email
103654,2026-01-03T22:07:34Z,SC,partner
103655,2026-01-16T08:04:05Z,CA,referral
103656,2025-09-17T18:55:01Z,SC,paid_social
103657,2026-01-29T14:08:51Z,KY,paid_social
103658,2025-12-26T02:55:11Z,FL,app_store
103659,2025-12-27T18:04:26Z,TN,referral
103660,2026-01-10T16:12:06Z,PA,organic
103661,2025-05-10T02:01:38Z,MI,app_store
103662,2025-08-22T12:06:24Z,il,school_email
103663,2026-02-18T03:43:30Z,CA,app_store
103664,2025-08-21T05:11:04Z,MI,organic
103665,2025-09-23T12:26:19Z,WA,app_store
103666,2025-12-01T20:17:52Z,TX,organic
103667,2025-09-09T22:57:10Z,CA,school_email
103668,2025-11-09T21:31:47Z,KY,paid_social
103669,2025-08-16T00:13:54Z,WI,organic
103670,2025-12-06T10:13:49Z,MN,paid_social
103671,2026-02-26T10:08:21Z,TX,paid_social
103672,2025-12-20T14:20:25Z,SC,school_email
103673,2025-10-05T00:49:48Z,MN,referral
103674,2025-11-04T21:22:58Z,OH,referral
103675,2025-10-02T05:50:59Z,WI,organic
103676,2025-12-12T08:38:37Z,CA,app_store
103677,2025-06-06T11:10:41Z,MI,referral
103678,2026-02-20T20:46:39Z,SC,partner
103679,2026-02-12T22:26:59Z,IL,app_store
103680,2025-08-26T17:11:46Z,KY,app_store
103681,2025-08-30T23:49:52Z,MI,organic
103682,2025-07-11T08:35:13Z,OH,partner
103683,2025-12-31T05:04:17Z,WI,paid_social
103684,2025-10-01T12:02:25Z,NC,paid_social
103685,2026-01-05T11:11:37Z,TX,paid_social
103686,2025-07-12T08:37:34Z,IN,school_email
103687,2025-12-02T10:00:01Z,IL,referral
103688,2025-06-01T20:39:05Z,SC,app_store
103689,2025-12-14T18:42:08Z,MO,paid_social
103690,2025-08-05T00:40:33Z,IL,organic
103691,2025-11-03T22:24:19Z,SC,partner
103692,2025-12-30T04:56:31Z,MN,referral
103693,2025-05-28T22:39:42Z,VA,app_store
103694,2026-02-13T05:52:40Z,IL,partner
103695,2025-08-16T14:13:41Z,PA,partner
103696,2025-05-08T01:58:26Z,OH,referral
103697,2025-09-30T01:02:16Z,TN,school_email
103698,2026-01-25T17:44:55Z,WA,school_email
103699,2025-08-04T01:40:59Z,FL,paid_social
103700,2026-01-26T02:39:30Z,TX,app_store
103701,2025-10-18T01:37:16Z,AL,referral
103702,2025-07-30T05:06:57Z,IN,partner
103703,2026-01-23T23:56:43Z,PA,referral
103704,2025-08-07T09:23:35Z,CA,partner
103705,2025-11-28T17:01:26Z,MI,app_store
103706,2025-09-06T17:08:40Z,MN,paid_social
103707,2025-05-14T14:41:57Z,TX,paid_social
103708,2025-07-16T06:50:51Z,WI,referral
103709,2026-01-11T03:46:52Z,MI,partner
103710,2025-10-15T13:48:43Z,WA,paid_social
103711,2025-08-27T01:56:01Z,WI,school_email
103712,2026-02-26T10:26:52Z,AL,paid_social
103713,2025-05-28T13:05:52Z,GA,school_email
103714,2025-08-02T20:46:52Z,OH,school_email
103715,2026-01-04T18:46:57Z,FL,referral
103716,2026-01-26T17:03:02Z,GA,paid_social
103717,2025-07-24T04:06:50Z,CA,referral
103718,2025-11-18T01:55:42Z,NY,partner
103719,2025-08-06T11:54:23Z,WA,app_store
103720,2025-05-20T01:08:45Z,PA,app_store
103721,2025-06-17T06:08:58Z,MI,partner
103722,2025-08-15T13:38:00Z,mi,paid_social
103723,2025-05-16T06:48:52Z,OH,paid_social
103724,2025-12-19T07:58:30Z,TN,referral
103725,2025-12-25T20:47:53Z,WI,school_email
103726,2026-01-07T00:43:05Z,IN,referral
103727,2025-05-07T23:49:05Z,WA,school_email
103728,2025-12-15T08:02:14Z,OH,partner
103729,2025-05-20T17:56:11Z,IN,paid_social
103730,2026-01-17T16:49:10Z,AL,referral
103731,2026-02-15T01:30:26Z,PA,paid_social
103732,2025-10-30T03:12:07Z,IL,partner
103733,2025-05-09T20:05:25Z,PA,paid_social
103734,2026-02-22T21:14:29Z,GA,paid_social
103735,2026-01-12T09:40:01Z,IN,partner
103736,2025-08-12T17:35:02Z,AL,paid_social
103737,2026-01-31T23:25:00Z,TX,organic
103738,2025-05-23T00:19:22Z,KY,referral
103739,2025-12-09T02:24:37Z,OH,referral
103740,2026-02-20T11:26:11Z,PA,referral
103741,2025-06-27T00:37:39Z,wi,referral
103742,2025-09-03T17:13:38Z,IL,app_store
103743,2025-11-25T11:16:49Z,GA,school_email
103744,2025-08-02T09:13:39Z,KY,app_store
103745,2025-05-19T04:03:14Z,MO,paid_social
103746,2025-10-08T18:55:26Z,FL,organic
103747,2025-09-30T14:06:46Z,SC,partner
103748,2025-10-10T07:48:26Z,mn,referral
103749,2025-10-30T18:41:45Z,tn,school_email
103750,2025-08-22T18:07:55Z,WA,paid_social
103751,2025-06-27T23:33:46Z,NY,partner
103752,2026-01-01T09:56:27Z,OH,partner
103753,2025-05-09T16:24:22Z,FL,organic
103754,2025-08-05T08:47:04Z,FL,referral
103755,2025-12-22T11:05:57Z,IL,partner
103756,2025-08-07T04:32:31Z,VA,school_email
103757,2025-12-09T17:57:29Z,KY,referral
103758,2025-11-02T15:24:22Z,TX,referral
103759,2025-06-27T14:52:12Z,MI,school_email
103760,2025-10-24T20:52:34Z,CA,referral
103761,2026-01-02T16:07:49Z,FL,referral
103762,2025-06-18T01:49:48Z,MN,referral
103763,2025-10-09T19:12:15Z,MO,paid_social
103764,2025-09-16T00:26:48Z,ky,app_store
103765,2026-02-11T07:40:51Z,CA,paid_social
103766,2025-12-05T01:47:52Z,GA,paid_social
103767,2025-09-24T19:48:16Z,MN,school_email
103768,2025-11-03T21:13:32Z,CA,school_email
103769,2025-09-28T18:59:34Z,PA,partner
103770,2025-05-11T21:53:35Z,MO,partner
103771,2026-02-03T11:21:27Z,KY,referral
103772,2025-11-24T04:21:27Z,MO,app_store
103773,2025-10-07T11:49:26Z,TN,school_email
103774,2025-08-14T17:55:22Z,WI,paid_social
103775,2026-02-27T13:46:17Z,FL,app_store
103776,2025-10-31T04:23:54Z,IL,partner
103777,2025-10-25T06:51:07Z,ny,partner
103778,2025-05-04T04:28:18Z,IL,referral
103779,2025-08-24T18:24:01Z,MO,organic
103780,2025-10-28T14:07:38Z,WA,paid_social
103781,2025-08-08T21:25:24Z,MI,app_store
103782,2025-11-05T18:48:57Z,OH,school_email
103783,2026-01-22T21:55:53Z,OH,partner
103784,2025-05-07T19:34:52Z,IN,app_store
103785,2025-11-27T17:51:47Z,fl,referral
103786,2025-08-17T07:08:19Z,WI,paid_social
103787,2025-09-16T20:42:35Z,FL,app_store
103788,2025-09-04T22:48:12Z,GA,school_email
103789,2025-08-23T20:54:12Z,WA,referral
103790,2025-11-13T02:41:17Z,MI,partner
103791,2025-07-26T14:45:18Z,MN,organic
103792,2025-10-26T17:56:49Z,AL,organic
103793,2025-09-25T00:52:53Z,PA,referral
103794,2025-11-22T00:10:55Z,TX,paid_social
103795,2026-01-27T08:02:21Z,TX,organic
103796,2025-06-12T21:54:23Z,va,app_store
103797,2026-02-26T01:01:00Z,WA,school_email
103798,2025-06-04T09:13:38Z,WI,paid_social
103799,2025-08-16T14:41:08Z,MO,app_store
103800,2025-06-24T16:45:42Z,IL,paid_social
103801,2025-07-30T06:42:57Z,KY,app_store
103802,2025-11-28T22:26:28Z,VA,paid_social
103803,2025-09-22T08:06:37Z,WA,app_store
103804,2026-02-19T15:00:53Z,MO,school_email
103805,2025-07-17T12:51:56Z,NC,app_store
103806,2025-12-11T18:15:16Z,KY,school_email
103807,2025-09-10T20:15:14Z,NY,paid_social
103808,2025-10-04T07:47:51Z,SC,partner
103809,2025-09-26T04:16:07Z,OH,referral
103810,2025-11-16T12:47:40Z,MN,organic
103811,2025-09-30T17:39:18Z,KY,paid_social
103812,2025-11-15T18:59:55Z,VA,organic
103813,2026-02-20T11:33:21Z,TX,school_email
103814,2025-09-29T17:31:58Z,SC,paid_social
103815,2025-10-23T03:35:39Z,CA,paid_social
103816,2025-08-16T20:18:29Z,IN,organic
103817,2025-09-13T15:48:43Z,GA,paid_social
103818,2025-08-09T13:39:15Z,KY,paid_social
103819,2025-09-27T18:47:07Z,OH,organic
103820,2025-12-13T02:41:22Z,CA,app_store
103821,2026-01-09T03:00:34Z,NY,organic
103822,2025-07-25T03:02:48Z,MO,app_store
103823,2025-07-02T15:39:53Z,OH,referral
103824,2025-08-27T11:40:19Z,MI,organic
103825,2025-05-05T06:32:53Z,AL,paid_social
103826,2025-05-30T15:25:03Z,MO,school_email
103827,2025-06-30T18:30:38Z,NY,paid_social
103828,2025-06-11T01:02:29Z,GA,school_email
103829,2025-11-02T22:16:37Z,VA,school_email
103830,2025-09-25T04:21:19Z,MN,app_store
103831,2026-01-13T02:41:44Z,WA,referral
103832,2025-06-01T03:10:24Z,WI,organic
103833,2025-05-14T10:34:43Z,SC,paid_social
103834,2025-09-13T00:51:30Z,IL,referral
103835,2025-11-14T04:36:25Z,PA,referral
103836,2025-11-20T01:30:16Z,FL,partner
103837,2025-06-22T17:58:50Z,TN,referral
103838,2025-05-07T19:23:47Z,al,school_email
103839,2025-09-10T19:31:27Z,SC,school_email
103840,2025-10-31T19:12:02Z,WA,school_email
103841,2025-12-27T16:28:21Z,MN,partner
103842,2025-12-14T21:47:17Z,OH,paid_social
103843,2025-05-09T02:52:49Z,OH,app_store
103844,2025-09-08T00:41:54Z,GA,app_store
103845,2025-06-24T10:18:37Z,GA,partner
103846,2025-06-06T09:20:39Z,AL,referral
103847,2026-02-18T22:42:02Z,IN,referral
103848,2025-09-07T00:42:46Z,AL,app_store
103849,2025-09-01T18:03:57Z,WA,school_email
103850,2026-02-11T20:20:30Z,CA,referral
103851,2026-02-13T17:42:06Z,MN,paid_social
103852,2025-11-16T02:36:03Z,MN,organic
103853,2026-02-10T06:15:56Z,WA,paid_social
103854,2025-06-01T08:36:36Z,mo,referral
103855,2025-12-14T02:39:09Z,GA,school_email
103856,2025-07-08T21:13:17Z,TX,referral
103857,2025-08-31T18:59:54Z,ky,app_store
103858,2025-05-26T06:53:01Z,SC,paid_social
103859,2025-10-20T09:38:06Z,MI,school_email
103860,2025-10-26T17:19:18Z,TN,app_store
103861,2025-08-08T03:18:07Z,NY,app_store
103862,2025-07-17T02:13:40Z,MO,organic
103863,2025-08-17T12:49:33Z,GA,referral
103864,2025-08-17T04:21:03Z,KY,organic
103865,2025-08-15T21:41:21Z,MO,referral
103866,2025-08-08T03:59:36Z,MI,paid_social
103867,2025-09-16T02:22:19Z,VA,partner
103868,2026-02-11T23:04:52Z,TN,app_store
103869,2025-05-10T23:59:13Z,VA,referral
103870,2025-12-24T00:42:54Z,FL,paid_social
103871,2025-06-13T06:49:49Z,IL,school_email
103872,2025-12-01T05:58:38Z,IL,paid_social
103873,2025-06-01T23:42:17Z,MO,organic
103874,2025-08-13T18:03:25Z,SC,paid_social
103875,2025-11-09T13:46:33Z,MN,school_email
103876,2026-02-21T08:42:22Z,AL,partner
103877,2025-10-12T02:33:16Z,GA,partner
103878,2026-02-27T06:40:23Z,OH,app_store
103879,2026-01-13T23:15:02Z,MN,referral
103880,2025-12-11T14:45:48Z,AL,partner
103881,2026-02-17T11:36:26Z,OH,referral
103882,2025-10-24T09:46:10Z,WI,app_store
103883,2025-12-10T11:23:33Z,GA,school_email
103884,2025-10-29T23:19:54Z,PA,school_email
103885,2025-06-23T23:28:37Z,IN,referral
103886,2026-02-16T16:13:21Z,SC,partner
103887,2025-10-21T08:40:15Z,NY,app_store
103888,2025-06-03T00:47:38Z,CA,partner
103889,2025-06-21T14:51:22Z,MI,referral
103890,2026-02-02T10:26:56Z,WA,school_email
103891,2025-08-14T10:09:46Z,OH,partner
103892,2026-01-02T10:46:51Z,TX,referral
103893,2025-05-28T21:50:33Z,CA,school_email
103894,2026-02-26T05:54:45Z,NC,referral
103895,2025-06-23T21:49:01Z,GA,referral
103896,2025-08-01T17:53:30Z,PA,paid_social
103897,2026-01-22T06:38:13Z,TX,organic
103898,2025-10-13T13:17:23Z,NC,partner
103899,2026-02-07T00:51:59Z,NY,app_store
103900,2025-05-23T08:35:05Z,CA,app_store
103901,2025-06-16T19:59:47Z,NY,paid_social
103902,2025-05-19T23:20:17Z,WA,school_email
103903,2025-05-23T08:19:16Z,MN,partner
103904,2026-02-06T09:09:35Z,MO,paid_social
103905,2025-05-14T04:04:45Z,GA,partner
103906,2025-05-11T07:14:57Z,IL,organic
103907,2025-09-05T15:08:35Z,IN,app_store
103908,2025-09-21T14:43:39Z,SC,school_email
103909,2026-01-05T11:49:11Z,WI,school_email
103910,2025-12-27T22:21:36Z,il,partner
103911,2025-07-08T23:58:08Z,PA,school_email
103912,2026-02-11T10:37:44Z,CA,app_store
103913,2026-02-06T21:57:52Z,WI,school_email
103914,2025-10-03T07:10:34Z,KY,referral
103915,2026-01-27T07:53:02Z,IN,partner
103916,2025-05-29T20:30:56Z,NY,referral
103917,2025-07-12T12:45:16Z,SC,app_store
103918,2025-05-22T16:55:06Z,TN,organic
103919,2025-06-19T15:20:50Z,tn,school_email
103920,2025-10-05T00:59:34Z,KY,app_store
103921,2026-01-10T08:46:58Z,KY,organic
103922,2025-08-03T14:40:06Z,oh,referral
103923,2025-06-25T15:19:02Z,NC,paid_social
103924,2025-12-13T09:38:03Z,IN,referral
103925,2025-12-10T20:44:59Z,TX,paid_social
103926,2025-05-07T01:32:17Z,NC,app_store
103927,2025-11-06T17:27:12Z,PA,partner
103928,2025-05-05T13:25:05Z,NC,partner
103929,2025-12-04T18:17:53Z,GA,referral
103930,2025-10-15T14:51:50Z,TX,app_store
103931,2025-09-30T01:17:06Z,IL,organic
103932,2025-05-18T12:06:31Z,NC,app_store
103933,2025-12-27T15:08:52Z,TX,paid_social
103934,2025-10-09T23:59:17Z,IL,partner
103935,2025-12-21T18:26:21Z,TX,organic
103936,2025-10-14T10:25:14Z,IL,paid_social
103937,2025-06-11T13:17:49Z,WA,school_email
103938,2025-05-18T19:06:27Z,TN,partner
103939,2025-05-04T15:05:55Z,GA,paid_social
103940,2025-12-26T03:22:55Z,IL,app_store
103941,2025-11-30T11:54:44Z,MO,paid_social
103942,2026-01-21T09:46:12Z,MI,school_email
103943,2026-01-16T05:30:28Z,NC,app_store
103944,2026-01-13T04:02:08Z,MI,paid_social
103945,2025-07-19T11:05:48Z,MN,paid_social
103946,2025-05-14T08:08:30Z,TN,paid_social
103947,2025-11-12T01:45:34Z,nc,referral
103948,2025-05-30T04:24:03Z,TX,app_store
103949,2025-08-14T16:13:54Z,KY,school_email
103950,2026-01-31T15:56:17Z,GA,organic
103951,2026-02-03T21:28:36Z,SC,partner
103952,2025-11-19T09:28:49Z,FL,referral
103953,2025-08-13T03:35:39Z,OH,paid_social
103954,2026-01-03T06:07:08Z,FL,referral
103955,2025-05-31T12:25:15Z,MO,partner
103956,2025-07-16T19:43:25Z,GA,referral
103957,2025-06-21T07:12:35Z,AL,referral
103958,2025-06-04T12:28:28Z,AL,school_email
103959,2026-02-22T07:08:57Z,SC,partner
103960,2026-01-06T21:05:23Z,TX,partner
103961,2026-02-10T08:08:53Z,NC,paid_social
103962,2025-05-30T02:02:47Z,CA,paid_social
103963,2025-09-18T05:48:39Z,WA,organic
103964,2025-05-29T10:29:15Z,MI,organic
103965,2026-02-04T09:52:51Z,GA,school_email
103966,2025-11-13T04:52:24Z,MN,app_store
103967,2025-07-22T07:20:38Z,VA,partner
103968,2025-05-10T18:56:40Z,TX,paid_social
103969,2026-01-11T21:36:12Z,MN,app_store
103970,2025-10-04T02:49:38Z,MI,organic
103971,2026-02-21T19:31:56Z,IL,organic
103972,2026-01-08T02:41:27Z,IL,school_email
103973,2025-10-09T20:11:23Z,Florida,organic
103974,2026-01-27T09:03:37Z,va,app_store
103975,2025-05-26T21:44:05Z,SC,school_email
103976,2025-09-20T02:39:09Z,VA,organic
103977,2025-06-02T17:18:28Z,IN,paid_social
103978,2025-10-25T10:53:20Z,TN,organic
103979,2025-11-16T02:18:17Z,WI,app_store
103980,2025-09-16T21:04:48Z,VA,paid_social
103981,2025-09-16T23:13:05Z,MO,school_email
103982,2025-05-06T10:17:26Z,PA,partner
103983,2025-11-23T10:23:23Z,VA,app_store
103984,2025-08-01T01:48:55Z,ky,referral
103985,2025-10-03T02:05:30Z,WA,organic
103986,2025-12-03T14:38:45Z,MI,school_email
103987,2026-02-25T16:34:44Z,VA,school_email
103988,2025-08-11T23:11:28Z,TN,partner
103989,2025-07-30T13:36:53Z,CA,paid_social
103990,2025-05-10T07:02:14Z,mo,app_store
103991,2026-02-06T08:27:06Z,MN,school_email
103992,2025-09-10T21:43:28Z,PA,app_store
103993,2025-08-26T19:38:29Z,TX,partner
103994,2025-08-05T05:44:46Z,MN,organic
103995,2025-11-02T21:30:36Z,MI,partner
103996,2025-11-24T14:30:46Z,TN,partner
103997,2025-06-17T19:25:50Z,AL,organic
103998,2025-06-15T08:06:25Z,WA,partner
103999,2025-06-14T04:15:06Z,NC,paid_social
104000,2025-06-21T12:27:27Z,MO,organic
104001,2025-06-03T18:11:29Z,FL,school_email
104002,2025-07-07T16:19:25Z,KY,referral
104003,2025-06-16T10:24:56Z,Ga.,school_email
104004,2025-12-25T07:29:37Z,SC,paid_social
104005,2025-11-10T10:48:58Z,WA,app_store
104006,2026-01-15T09:03:53Z,WA,paid_social
104007,2026-01-18T12:50:50Z,VA,referral
104008,2025-07-10T06:15:20Z,AL,partner
104009,2026-01-13T15:01:46Z,WI,app_store
104010,2025-06-10T04:38:20Z,SC,referral
104011,2025-07-02T03:29:11Z,MN,school_email
104012,2025-10-30T05:54:06Z,NC,app_store
104013,2026-02-20T11:54:29Z,PA,paid_social
104014,2025-06-16T09:14:40Z,PA,paid_social
104015,2026-01-30T08:55:18Z,TX,paid_social
104016,2025-09-04T20:37:58Z,AL,school_email
104017,2025-12-19T21:14:18Z,TX,referral
104018,2025-05-13T23:17:22Z,IN,paid_social
104019,2025-06-08T19:31:56Z,FL,organic
104020,2025-06-05T02:44:34Z,FL,app_store
104021,2025-08-22T15:32:54Z,PA,referral
104022,2025-08-23T01:52:05Z,CA,paid_social
104023,2025-10-01T05:29:38Z,PA,app_store
104024,2025-11-27T16:34:11Z,TN,app_store
104025,2026-01-29T07:10:27Z,IN,app_store
104026,2026-02-14T13:08:42Z,NC,partner
104027,2025-05-29T08:26:07Z,MI,school_email
104028,2026-02-07T14:38:04Z,PA,partner
104029,2025-09-14T00:23:40Z,AL,app_store
104030,2025-11-16T08:55:22Z,PA,referral
104031,2025-07-06T21:44:42Z,SC,organic
104032,2025-07-28T16:30:23Z,WI,referral
104033,2025-12-16T10:05:06Z,MI,school_email
104034,2025-09-05T07:59:24Z,OH,paid_social
104035,2025-05-21T18:27:40Z,MN,paid_social
104036,2025-08-03T23:39:49Z,MN,app_store
104037,2026-01-20T06:04:27Z,IL,paid_social
104038,2025-05-29T19:27:03Z,VA,school_email
104039,2025-06-07T20:53:15Z,MN,organic
104040,2025-07-18T18:18:34Z,MO,app_store
104041,2025-08-30T03:43:27Z,WA,organic
104042,2026-02-02T02:38:34Z,IN,organic
104043,2025-07-01T19:36:45Z,ny,organic
104044,2025-07-11T18:57:48Z,KY,paid_social
104045,2026-02-01T04:57:14Z,oh,partner
104046,2026-02-06T10:05:59Z,PA,partner
104047,2025-11-25T06:25:25Z,IL,paid_social
104048,2025-06-10T15:42:20Z,FL,organic
104049,2025-10-02T12:40:07Z,MO,app_store
104050,2025-12-02T14:02:58Z,MO,referral
104051,2026-01-18T07:38:11Z,oh,school_email
104052,2026-01-20T23:35:01Z,SC,referral
104053,2026-01-14T01:33:05Z,AL,paid_social
104054,2025-07-21T03:07:41Z,IN,organic
104055,2025-05-20T03:27:37Z,WA,app_store
104056,2025-06-18T20:11:04Z,PA,referral
104057,2025-10-28T12:34:51Z,MI,organic
104058,2026-02-14T07:57:46Z,CA,paid_social
104059,2025-10-25T21:26:43Z,NY,partner
104060,2025-09-06T12:33:35Z,TX,paid_social
104061,2025-12-31T08:43:10Z,WI,organic
104062,2025-09-07T16:36:18Z,TN,referral
104063,2025-08-10T04:51:59Z,MI,partner
104064,2025-09-15T18:42:53Z,MN,paid_social
104065,2025-05-12T07:13:29Z,AL,app_store
104066,2026-02-02T17:38:44Z,NY,partner
104067,2025-12-28T18:47:06Z,OH,referral
104068,2025-11-03T01:38:22Z,IL,partner
104069,2025-10-02T20:34:22Z,PA,app_store
104070,2025-08-04T11:25:54Z,TX,school_email
104071,2026-01-31T18:05:51Z,MI,referral
104072,2025-10-15T09:20:05Z,GA,paid_social
104073,2025-09-04T21:05:45Z,VA,app_store
104074,2025-12-06T04:05:06Z,TN,partner
104075,2025-10-15T18:08:01Z,AL,school_email
104076,2026-01-25T09:21:41Z,FL,school_email
104077,2025-10-27T21:15:06Z,MO,school_email
104078,2026-01-23T15:27:00Z,PA,app_store
104079,2026-02-02T02:51:51Z,OH,partner
104080,2025-05-08T07:11:34Z,GA,partner
104081,2025-11-20T18:56:01Z,WI,app_store
104082,2026-01-14T06:04:49Z,MI,partner
104083,2025-08-02T01:18:11Z,TX,app_store
104084,2025-09-09T11:26:32Z,SC,paid_social
104085,2025-09-19T04:11:17Z,WI,paid_social
104086,2025-05-24T05:04:16Z,WI,paid_social
104087,2025-09-23T15:53:40Z,ny,paid_social
104088,2025-07-06T10:05:43Z,FL,paid_social
104089,2025-12-24T07:56:04Z,GA,organic
104090,2025-09-17T07:46:10Z,PA,paid_social
104091,2025-07-04T17:28:58Z,MI,app_store
104092,2025-10-09T19:51:26Z,IL,organic
104093,2025-12-06T18:12:50Z,MN,referral
104094,2025-06-25T08:21:43Z,MO,partner
104095,2025-07-25T02:40:27Z,NY,app_store
104096,2025-08-22T14:06:06Z,NY,partner
104097,2025-05-31T05:39:36Z,MO,app_store
104098,2025-12-12T18:21:38Z,KY,paid_social
104099,2025-12-04T06:53:47Z,NC,school_email
104100,2026-02-04T15:04:48Z,FL,organic
104101,2026-01-14T13:02:19Z,CA,organic
104102,2025-05-16T01:25:15Z,WI,paid_social
104103,2026-02-12T18:47:34Z,NC,organic
104104,2025-07-26T13:41:32Z,oh,app_store
104105,2026-01-22T14:38:25Z,TX,organic
104106,2025-08-07T19:04:06Z,IL,paid_social
104107,2025-10-30T13:52:46Z,AL,partner
104108,2025-06-13T13:27:53Z,TX,referral
104109,2025-06-30T20:33:13Z,NY,referral
104110,2026-02-02T01:58:16Z,FL,partner
104111,2026-01-17T02:22:19Z,MI,app_store
104112,2025-08-03T11:36:53Z,IL,paid_social
104113,2025-09-09T07:08:29Z,NY,school_email
104114,2025-05-06T15:34:40Z,VA,organic
104115,2025-07-24T01:33:17Z,IL,paid_social
104116,2025-09-02T17:18:40Z,IN,paid_social
104117,2025-06-22T00:09:43Z,VA,app_store
104118,2025-11-12T04:41:16Z,TN,app_store
104119,2025-09-03T00:23:20Z,KY,partner
104120,2025-10-26T10:33:05Z,TN,organic
104121,2025-09-15T05:09:01Z,IL,referral
104122,2025-10-16T02:12:40Z,KY,organic
104123,2025-06-16T13:39:09Z,OH,paid_social
104124,2026-02-21T12:15:02Z,KY,paid_social
104125,2026-01-30T13:01:31Z,VA,partner
104126,2025-10-20T18:17:40Z,AL,partner
104127,2026-01-18T06:33:47Z,FL,school_email
104128,2025-12-24T04:11:45Z,TN,app_store
104129,2025-10-23T01:20:52Z,OH,organic
104130,2025-09-04T06:30:21Z,PA,paid_social
104131,2025-06-23T04:26:45Z,CA,referral
104132,2025-06-11T07:17:42Z,MI,paid_social
104133,2025-11-10T09:37:17Z,TX,paid_social
104134,2025-11-20T23:36:53Z,CA,paid_social
104135,2025-07-08T17:21:51Z,MI,school_email
104136,2025-11-19T14:44:10Z,FL,app_store
104137,2025-12-25T22:13:24Z,FL,paid_social
104138,2025-12-12T02:19:01Z,NY,app_store
104139,2025-07-13T18:08:32Z,SC,paid_social
104140,2025-08-13T02:11:26Z,NC,school_email
104141,2026-01-31T00:55:23Z,NC,school_email
104142,2025-12-22T11:46:30Z,OH,referral
104143,2025-11-16T22:01:46Z,CA,referral
104144,2025-11-18T12:12:58Z,OH,organic
104145,2025-08-14T22:56:36Z,MN,partner
104146,2026-01-15T23:24:43Z,GA,paid_social
104147,2025-07-29T19:16:06Z,AL,app_store
104148,2026-01-09T18:56:45Z,WI,organic
104149,2025-12-08T00:41:49Z,PA,referral
104150,2025-11-15T15:28:05Z,MN,school_email
104151,2026-02-26T08:51:15Z,PA,paid_social
104152,2025-08-17T16:58:28Z,MI,partner
104153,2026-02-17T12:03:12Z,MN,school_email
104154,2025-05-07T11:51:11Z,CA,paid_social
104155,2025-07-18T21:16:38Z,il,app_store
104156,2025-08-13T07:49:31Z,CA,organic
104157,2026-02-02T21:38:50Z,IL,school_email
104158,2025-09-17T12:10:05Z,AL,partner
104159,2025-08-11T11:43:15Z,AL,school_email
104160,2026-01-23T07:58:31Z,MN,organic
104161,2026-02-05T22:19:21Z,WI,school_email
104162,2025-12-12T07:30:08Z,WA,organic
104163,2025-11-05T18:10:31Z,IN,partner
104164,2026-01-01T02:47:37Z,MN,organic
104165,2025-09-28T01:09:02Z,TN,paid_social
104166,2025-05-15T09:09:42Z,GA,app_store
104167,2025-07-27T05:53:14Z,WA,partner
104168,2025-11-29T08:07:40Z,OH,organic
104169,2026-01-31T06:35:08Z,TN,app_store
104170,2026-01-29T19:00:43Z,GA,app_store
104171,2025-10-20T10:49:00Z,NY,partner
104172,2026-01-19T03:31:28Z,fl,app_store
104173,2026-02-27T21:40:30Z,MI,referral
104174,2025-10-17T11:38:42Z,MN,app_store
104175,2025-09-23T00:55:05Z,SC,paid_social
104176,2025-10-11T13:41:24Z,KY,school_email
104177,2025-07-22T15:25:15Z,WI,referral
104178,2025-07-25T11:13:33Z,CA,paid_social
104179,2026-01-02T03:07:10Z,IN,partner
104180,2025-06-17T05:36:39Z,TX,school_email
104181,2025-12-08T08:31:24Z,IL,organic
104182,2025-05-04T01:35:43Z,WI,app_store
104183,2025-12-27T02:07:16Z,ny,app_store
104184,2025-11-30T20:10:06Z,TN,partner
104185,2025-05-14T02:04:26Z,OH,app_store
104186,2026-01-06T01:55:36Z,IN,school_email
104187,2026-01-30T20:29:20Z,NC,paid_social
104188,2026-02-23T04:22:15Z,MN,organic
104189,2026-02-10T07:15:51Z,GA,school_email
104190,2025-06-06T21:44:51Z,WA,referral
104191,2025-08-31T07:37:55Z,TX,school_email
104192,2025-12-13T00:00:42Z,tx,paid_social
104193,2026-01-31T20:14:59Z,MO,paid_social
104194,2025-05-20T12:43:33Z,MN,organic
104195,2025-12-29T18:49:08Z,NC,organic
104196,2025-06-09T20:30:47Z,SC,paid_social
104197,2026-01-27T16:23:01Z,GA,school_email
104198,2025-12-29T01:27:27Z,NY,school_email
104199,2025-12-08T04:15:01Z,MI,app_store
104200,2025-05-24T23:04:38Z,AL,referral
104201,2026-01-10T15:35:01Z,GA,paid_social
104202,2025-09-19T18:31:25Z,NY,paid_social
104203,2026-01-09T14:22:37Z,FL,paid_social
104204,2025-10-29T14:39:22Z,CA,organic
104205,2025-10-04T11:40:17Z,TN,partner
104206,2025-06-20T22:44:35Z,KY,organic
104207,2025-11-23T20:24:21Z,SC,organic
104208,2025-11-10T17:03:36Z,NY,partner
104209,2025-10-16T14:57:25Z,OH,partner
104210,2026-01-21T09:59:17Z,MO,paid_social
104211,2025-09-19T23:59:15Z,PA,organic
104212,2025-05-23T14:59:14Z,IN,partner
104213,2025-09-19T16:28:51Z,TX,paid_social
104214,2025-10-05T17:54:09Z,MN,app_store
104215,2025-05-23T18:05:07Z,AL,app_store
104216,2025-11-07T23:32:53Z,AL,paid_social
104217,2025-09-04T15:38:41Z,AL,school_email
104218,2025-08-31T20:26:45Z,MN,referral
104219,2025-08-04T05:58:55Z,MI,referral
104220,2025-09-04T20:31:36Z,VA,paid_social
104221,2025-06-18T06:08:06Z,VA,referral
104222,2025-11-11T03:10:19Z,TX,school_email
104223,2025-06-22T03:21:44Z,MO,paid_social
104224,2025-07-25T23:13:37Z,TX,partner
104225,2026-02-08T15:54:18Z,GA,partner
104226,2025-06-28T07:17:51Z,PA,app_store
104227,2026-01-26T22:41:24Z,MI,referral
104228,2025-11-02T12:55:03Z,VA,school_email
104229,2025-07-15T15:44:00Z,IL,app_store
104230,2025-11-05T00:55:49Z,il,organic
104231,2025-11-10T19:49:35Z,TN,paid_social
104232,2025-07-29T05:29:05Z,MO,app_store
104233,2026-01-10T03:50:00Z,Florida,paid_social
104234,2025-08-12T20:03:32Z,NY,app_store
104235,2025-07-25T20:48:43Z,OH,app_store
104236,2025-10-29T01:18:09Z,WI,referral
104237,2025-06-24T01:23:16Z,NC,school_email
104238,2025-09-10T22:29:45Z,GA,organic
104239,2025-07-21T20:48:24Z,CA,organic
104240,2025-05-18T06:20:14Z,OH,organic
104241,2025-08-20T03:59:47Z,mi,referral
104242,2025-09-23T19:40:04Z,IL,referral
104243,2025-11-11T10:04:25Z,IN,partner
104244,2025-05-19T16:32:45Z,MI,referral
104245,2026-01-05T06:49:54Z,IN,app_store
104246,2025-08-03T14:12:09Z,SC,paid_social
104247,2026-01-13T01:14:20Z,MI,school_email
104248,2025-10-06T23:26:00Z,NY,app_store
104249,2025-07-09T05:38:51Z,AL,partner
104250,2026-01-23T09:40:18Z,TX,app_store
104251,2025-05-07T00:22:43Z,NY,app_store
104252,2025-10-25T23:42:24Z,OH,organic
104253,2025-10-03T23:36:58Z,PA,partner
104254,2026-01-01T02:46:00Z,KY,organic
104255,2025-06-30T12:29:14Z,oh,school_email
104256,2025-05-12T21:17:22Z,VA,referral
104257,2025-07-05T09:27:01Z,SC,school_email
104258,2025-05-12T02:32:59Z,NY,organic
104259,2025-12-23T03:21:49Z,WI,app_store
104260,2026-01-01T00:55:26Z,PA,school_email
104261,2025-11-29T00:01:38Z,AL,organic
104262,2025-10-18T22:50:42Z,WI,paid_social
104263,2026-02-10T02:26:10Z,FL,paid_social
104264,2026-01-14T15:21:17Z,MO,app_store
104265,2025-07-16T18:00:51Z,AL,paid_social
104266,2025-09-23T10:57:53Z,TX,referral
104267,2025-08-02T05:56:11Z,GA,referral
104268,2025-07-13T02:44:37Z,IL,organic
104269,2025-11-05T03:58:01Z,MO,organic
104270,2026-02-04T02:12:10Z,mo,referral
104271,2025-08-09T02:58:10Z,FL,school_email
104272,2025-07-01T15:22:52Z,FL,app_store
104273,2025-05-26T00:37:18Z,WI,referral
104274,2026-02-14T04:08:14Z,KY,paid_social
104275,2025-05-25T13:07:56Z,GA,partner
104276,2025-09-18T02:14:37Z,TX,organic
104277,2026-01-19T08:40:29Z,VA,organic
104278,2025-05-25T19:30:43Z,mi,organic
104279,2025-08-26T13:49:41Z,WA,app_store
104280,2025-08-06T14:41:59Z,IL,paid_social
104281,2025-12-02T17:36:27Z,IL,organic
104282,2025-10-16T19:37:05Z,GA,school_email
104283,2026-02-22T03:46:02Z,CA,school_email
104284,2025-09-24T08:11:15Z,TX,paid_social
104285,2026-02-13T09:40:17Z,IN,referral
104286,2025-10-02T01:10:43Z,CA,organic
104287,2026-02-27T01:12:07Z,GA,app_store
104288,2026-01-15T07:20:46Z,ca,school_email
104289,2025-09-02T04:18:56Z,MN,organic
104290,2025-12-08T02:21:47Z,MN,referral
104291,2026-02-18T12:34:37Z,KY,organic
104292,2025-11-19T16:27:42Z,KY,referral
104293,2025-06-06T09:45:14Z,KY,referral
104294,2025-11-03T00:16:08Z,WI,organic
104295,2025-12-24T02:36:17Z,SC,partner
104296,2025-06-14T11:40:12Z,il,school_email
104297,2026-01-29T03:15:38Z,OH,app_store
104298,2025-12-15T16:19:23Z,TN,school_email
104299,2025-12-10T19:20:23Z,VA,app_store
104300,2025-08-29T09:40:30Z,MN,partner
104301,2026-01-10T00:17:16Z,PA,partner
104302,2025-06-16T08:19:56Z,SC,partner
104303,2025-08-17T01:55:27Z,NC,school_email
104304,2026-02-15T10:48:01Z,FL,school_email
104305,2025-10-28T19:51:50Z,nc,referral
104306,2025-09-20T06:53:45Z,CA,organic
104307,2025-07-16T23:49:53Z,IN,organic
104308,2025-11-18T06:28:06Z,CA,app_store
104309,2025-11-22T08:14:29Z,FL,school_email
104310,2025-11-12T18:12:06Z,VA,app_store
104311,2025-05-22T07:56:05Z,PA,referral
104312,2026-01-05T04:42:13Z,SC,app_store
104313,2025-10-11T01:31:35Z,CA,referral
104314,2025-08-27T22:09:40Z,CA,app_store
104315,2025-08-17T12:27:49Z,ca,school_email
104316,2025-09-05T15:28:41Z,mo,app_store
104317,2026-01-20T23:01:37Z,KY,referral
104318,2025-06-26T21:00:42Z,MN,paid_social
104319,2025-09-21T06:34:43Z,IN,app_store
104320,2025-10-09T18:46:02Z,FL,paid_social
104321,2025-07-23T15:25:12Z,GA,app_store
104322,2025-10-29T14:22:11Z,IL,paid_social
104323,2025-09-10T22:03:01Z,in,referral
104324,2026-02-03T04:21:10Z,GA,partner
104325,2025-09-29T15:28:39Z,CA,school_email
104326,2025-05-21T06:03:00Z,IL,referral
104327,2025-12-07T15:48:30Z,TN,partner
104328,2025-12-16T18:20:00Z,IL,school_email
104329,2025-07-25T13:16:59Z,MO,app_store
104330,2025-06-09T17:08:35Z,NC,school_email
104331,2025-06-22T05:12:04Z,OH,referral
104332,2025-10-26T07:05:40Z,KY,partner
104333,2025-10-15T11:30:38Z,SC,partner
104334,2025-05-19T06:40:29Z,IN,referral
104335,2025-05-08T16:06:42Z,IN,organic
104336,2025-06-26T07:51:36Z,KY,paid_social
104337,2025-11-28T15:05:30Z,WI,school_email
104338,2026-01-27T15:32:22Z,MI,app_store
104339,2025-11-15T04:10:44Z,TN,paid_social
104340,2025-07-10T07:43:56Z,TN,paid_social
104341,2025-12-12T05:56:25Z,MN,referral
104342,2025-09-01T23:46:09Z,CA,app_store
104343,2025-12-27T21:15:16Z,MO,referral
104344,2025-06-17T21:01:38Z,NC,school_email
104345,2025-11-21T13:22:47Z,IL,school_email
104346,2025-05-30T19:21:51Z,NY,school_email
104347,2025-05-19T11:33:24Z,CA,app_store
104348,2025-07-01T13:20:55Z,MO,referral
104349,2026-02-06T16:33:19Z,IL,app_store
104350,2025-05-31T15:22:25Z,CA,organic
104351,2025-06-30T16:00:41Z,al,organic
104352,2025-11-13T17:58:45Z,GA,app_store
104353,2026-01-20T08:50:17Z,KY,referral
104354,2025-05-09T08:49:22Z,MO,organic
104355,2026-01-20T11:08:19Z,FL,partner
104356,2025-09-28T16:33:39Z,TN,paid_social
104357,2025-06-29T03:06:32Z,TX,referral
104358,2026-02-16T13:01:34Z,NC,referral
104359,2026-01-17T14:02:47Z,MN,paid_social
104360,2026-02-01T02:17:47Z,NY,school_email
104361,2025-06-26T21:46:23Z,TX,paid_social
104362,2025-05-10T12:28:25Z,MI,school_email
104363,2025-11-29T08:09:53Z,MN,paid_social
104364,2025-09-26T10:26:49Z,GA,paid_social
104365,2025-05-25T01:23:15Z,WA,app_store
104366,2025-06-14T07:53:06Z,OH,organic
104367,2025-09-01T04:37:42Z,GA,referral
104368,2025-10-18T19:33:23Z,MO,app_store
104369,2026-01-13T05:59:14Z,WI,referral
104370,2025-05-22T21:17:08Z,NY,school_email
104371,2025-09-06T22:34:58Z,IL,paid_social
104372,2025-05-15T19:53:16Z,NC,partner
104373,2025-05-29T03:44:54Z,WA,app_store
104374,2025-08-29T00:29:09Z,PA,paid_social
104375,2025-06-18T07:13:55Z,TN,referral
104376,2025-07-02T04:36:49Z,TX,paid_social
104377,2025-07-06T14:56:43Z,IN,organic
104378,2025-09-24T19:19:56Z,NC,partner
104379,2025-06-25T05:26:09Z,AL,organic
104380,2025-06-08T21:15:47Z,PA,partner
104381,2025-10-02T22:59:03Z,PA,paid_social
104382,2025-09-13T06:24:19Z,wa,app_store
104383,2025-11-13T05:40:25Z,PA,organic
104384,2026-01-27T11:05:24Z,OH,partner
104385,2026-02-19T05:48:13Z,NY,paid_social
104386,2025-07-31T08:24:49Z,TN,app_store
104387,2026-01-07T00:42:46Z,KY,school_email
104388,2025-09-11T09:09:54Z,IL,partner
104389,2025-09-06T04:36:19Z,TN,app_store
104390,2025-12-23T23:32:52Z,IN,organic
104391,2025-12-10T08:14:17Z,AL,app_store
104392,2026-01-25T10:14:48Z,VA,app_store
104393,2025-06-02T15:22:25Z,SC,referral
104394,2025-06-23T22:01:25Z,MN,school_email
104395,2025-09-26T09:42:50Z,TX,partner
104396,2026-01-15T04:33:23Z,TN,paid_social
104397,2025-07-13T17:45:56Z,NY,school_email
104398,2025-09-25T15:29:17Z,CA,organic
104399,2025-05-13T08:53:44Z,NY,paid_social
104400,2026-02-13T07:19:46Z,MI,partner
104401,2025-11-27T10:41:04Z,WI,app_store
104402,2025-07-12T09:54:15Z,MO,organic
104403,2026-01-18T17:27:00Z,WI,school_email
104404,2025-05-09T11:40:18Z,IL,school_email
104405,2025-11-13T10:05:33Z,NC,school_email
104406,2025-09-17T18:29:15Z,IN,school_email
104407,2025-05-13T02:38:17Z,GA,school_email
104408,2025-05-24T05:10:15Z,PA,paid_social
104409,2026-01-30T14:07:42Z,TX,organic
104410,2025-10-14T17:48:35Z,TX,organic
104411,2026-01-07T17:18:31Z,TN,referral
104412,2025-06-03T14:45:12Z,FL,app_store
104413,2025-10-21T10:54:28Z,PA,organic
104414,2025-06-10T11:02:13Z,GA,partner
104415,2025-08-10T21:05:01Z,NC,paid_social
104416,2026-02-08T07:13:30Z,CA,app_store
104417,2025-11-21T02:08:39Z,TX,paid_social
104418,2025-10-14T03:43:55Z,CA,partner
104419,2025-06-21T03:32:33Z,TN,app_store
104420,2025-11-29T17:45:32Z,MI,referral
104421,2025-09-23T01:24:25Z,TX,app_store
104422,2025-06-11T15:20:50Z,WI,referral
104423,2025-07-18T18:51:42Z,SC,organic
104424,2025-08-20T21:53:23Z,OH,partner
104425,2026-02-15T15:51:42Z,CA,app_store
104426,2025-05-28T06:43:31Z,AL,app_store
104427,2025-11-24T00:21:53Z,PA,referral
104428,2025-09-11T06:26:07Z,IN,school_email
104429,2025-11-14T09:28:24Z,KY,app_store
104430,2025-11-21T00:31:18Z,NC,school_email
104431,2025-12-18T09:37:27Z,NY,organic
104432,2025-06-27T03:43:07Z,VA,referral
104433,2025-12-17T23:23:25Z,VA,organic
104434,2025-09-24T01:23:34Z,TX,school_email
104435,2025-05-27T05:50:53Z,CA,school_email
104436,2026-02-17T10:01:05Z,WA,partner
104437,2025-12-22T05:53:45Z,SC,partner
104438,2025-08-16T16:52:44Z,WA,referral
104439,2025-09-14T05:21:03Z,va,school_email
104440,2025-12-13T13:16:18Z,IL,organic
104441,2025-12-05T12:58:18Z,TX,app_store
104442,2025-12-02T19:42:10Z,IL,app_store
104443,2025-11-09T19:43:00Z,va,organic
104444,2025-10-25T12:07:37Z,FL,partner
104445,2025-12-06T04:05:07Z,NY,school_email
104446,2025-05-15T05:17:18Z,IL,partner
104447,2025-09-06T09:41:16Z,IN,referral
104448,2026-01-17T00:28:38Z,IL,paid_social
104449,2025-08-29T07:50:21Z,MI,school_email
104450,2025-08-01T02:27:03Z,MN,school_email
104451,2026-01-13T20:48:24Z,SC,referral
104452,2026-02-26T13:37:28Z,WI,referral
104453,2025-05-17T07:38:06Z,TX,organic
104454,2025-11-11T06:11:23Z,KY,organic
104455,2025-07-12T19:42:06Z,IL,referral
104456,2026-01-15T11:06:56Z,nc,school_email
104457,2026-02-13T17:54:46Z,OH,partner
104458,2026-01-02T07:46:50Z,AL,school_email
104459,2025-12-29T16:38:25Z,VA,school_email
104460,2025-07-21T04:20:59Z,GA,school_email
104461,2025-06-04T16:17:37Z,WA,organic
104462,2025-12-29T00:02:20Z,TX,school_email
104463,2025-08-01T00:13:11Z,WI,paid_social
104464,2025-10-11T16:39:45Z,MO,partner
104465,2025-08-17T17:26:20Z,NY,partner
104466,2025-05-04T02:53:16Z,MO,school_email
104467,2026-01-27T20:31:28Z,GA,school_email
104468,2025-11-24T10:44:23Z,PA,school_email
104469,2025-06-11T19:09:01Z,TN,referral
104470,2025-10-17T12:08:32Z,KY,paid_social
104471,2025-05-24T10:01:03Z,TN,organic
104472,2025-08-07T00:37:28Z,VA,app_store
104473,2025-07-03T13:01:11Z,VA,partner
104474,2025-05-25T11:18:00Z,il,partner
104475,2025-10-10T03:13:32Z,MI,partner
104476,2025-10-04T18:12:45Z,OH,referral
104477,2025-08-01T00:30:13Z,WI,app_store
104478,2026-01-24T13:46:56Z,TX,paid_social
104479,2026-01-11T08:49:24Z,IL,school_email
104480,2025-08-20T22:45:43Z,MO,paid_social
104481,2025-10-24T12:42:32Z,MI,organic
104482,2025-09-08T02:17:57Z,GA,referral
104483,2026-02-24T19:48:42Z,PA,organic
104484,2025-05-29T06:24:32Z,TN,organic
104485,2025-07-23T15:23:14Z,TN,partner
104486,2025-08-10T06:10:18Z,NY,partner
104487,2025-11-23T01:13:25Z,CA,referral
104488,2025-12-04T04:05:47Z,SC,app_store
104489,2026-01-10T15:15:29Z,TX,partner
104490,2026-01-05T07:14:52Z,MN,school_email
104491,2025-12-11T07:22:01Z,fl,paid_social
104492,2025-05-23T19:07:54Z,IN,paid_social
104493,2025-08-27T13:56:04Z,GA,organic
104494,2025-11-18T14:37:10Z,OH,organic
104495,2025-12-16T14:37:41Z,PA,school_email
104496,2025-11-08T09:49:15Z,FL,organic
104497,2025-09-14T11:37:06Z,AL,school_email
104498,2025-10-13T11:54:37Z,WA,app_store
104499,2025-10-13T16:52:10Z,OH,paid_social
104500,2025-06-26T00:38:13Z,KY,partner
104501,2025-05-07T07:29:17Z,WA,organic
104502,2025-07-04T16:21:40Z,PA,partner
104503,2026-02-16T17:51:59Z,FL,paid_social
104504,2025-07-30T03:49:05Z,WI,referral
104505,2025-08-05T04:51:38Z,AL,referral
104506,2025-07-25T13:38:20Z,KY,school_email
104507,2025-12-17T21:50:10Z,OH,school_email
104508,2025-10-25T22:43:38Z,VA,referral
104509,2025-05-10T04:59:36Z,KY,partner
104510,2025-08-22T12:09:50Z,SC,organic
104511,2025-11-14T21:04:56Z,NY,app_store
104512,2025-10-11T10:35:42Z,TX,referral
104513,2025-11-23T19:29:16Z,KY,partner
104514,2025-09-25T01:24:40Z,GA,app_store
104515,2025-09-11T02:29:01Z,VA,partner
104516,2025-05-05T22:08:37Z,NY,referral
104517,2025-12-06T22:08:35Z,WI,referral
104518,2025-07-22T13:19:37Z,SC,school_email
104519,2025-05-15T01:59:14Z,CA,referral
104520,2026-02-11T08:12:05Z,MI,paid_social
104521,2026-01-18T09:34:55Z,WI,paid_social
104522,2025-12-07T11:16:50Z,SC,paid_social
104523,2026-01-26T14:26:24Z,MI,school_email
104524,2026-02-21T23:25:20Z,TX,school_email
104525,2025-11-01T04:37:06Z,TX,app_store
104526,2026-01-28T18:40:05Z,OH,app_store
104527,2025-06-29T15:31:54Z,NY,school_email
104528,2025-12-15T14:26:30Z,FL,paid_social
104529,2025-12-02T01:28:38Z,CA,organic
104530,2025-10-19T01:48:48Z,sc,app_store
104531,2025-09-29T21:59:51Z,MO,paid_social
104532,2026-01-13T18:33:15Z,TN,paid_social
104533,2026-02-08T03:12:44Z,SC,organic
104534,2026-02-25T20:45:58Z,MN,organic
104535,2026-02-07T16:15:08Z,TX,organic
104536,2025-06-07T12:15:43Z,VA,app_store
104537,2026-02-01T04:09:34Z,MI,school_email
104538,2025-05-05T20:26:55Z,NY,referral
104539,2025-09-08T01:19:43Z,VA,referral
104540,2025-05-13T01:55:57Z,CA,school_email
104541,2025-08-10T20:59:32Z,CA,referral
104542,2026-01-14T06:43:08Z,NC,referral
104543,2026-01-20T11:41:42Z,IN,referral
104544,2025-11-24T12:03:21Z,IL,referral
104545,2025-10-13T21:17:06Z,CA,partner
104546,2025-09-04T04:37:55Z,NY,paid_social
104547,2025-06-22T23:45:19Z,GA,paid_social
104548,2025-09-08T22:57:42Z,WA,referral
104549,2025-08-17T05:19:51Z,MO,app_store
104550,2025-05-06T15:20:32Z,MO,referral
104551,2025-12-24T07:01:13Z,mi,paid_social
104552,2025-09-16T23:50:52Z,TX,organic
104553,2025-08-12T10:52:27Z,MN,organic
104554,2025-08-03T02:40:17Z,KY,partner
104555,2025-12-14T20:53:07Z,WI,paid_social
104556,2025-09-21T07:08:00Z,GA,app_store
104557,2025-05-19T19:53:58Z,VA,paid_social
104558,2025-08-27T19:10:02Z,SC,school_email
104559,2025-11-10T06:02:31Z,TX,organic
104560,2026-02-18T13:08:49Z,WI,referral
104561,2025-10-06T12:07:13Z,MO,school_email
104562,2025-10-27T02:00:55Z,PA,organic
104563,2025-05-16T04:31:31Z,NY,organic
104564,2025-10-02T16:50:52Z,NY,partner
104565,2025-09-17T14:54:07Z,IN,paid_social
104566,2025-05-13T10:42:07Z,TX,organic
104567,2025-08-10T02:31:43Z,FL,app_store
104568,2026-01-30T04:11:13Z,KY,referral
104569,2025-09-02T20:07:53Z,MN,app_store
104570,2026-02-27T04:05:19Z,SC,paid_social
104571,2026-02-09T00:01:28Z,PA,app_store
104572,2026-02-17T01:30:42Z,MN,app_store
104573,2026-01-21T01:35:46Z,tn,paid_social
104574,2025-12-12T09:45:33Z,OH,referral
104575,2026-01-07T03:24:10Z,CA,referral
104576,2025-06-26T17:10:49Z,CA,partner
104577,2025-11-11T17:41:40Z,TN,school_email
104578,2026-01-14T17:43:11Z,FL,partner
104579,2025-10-26T20:41:04Z,NY,app_store
104580,2025-07-05T17:03:36Z,SC,partner
104581,2025-09-03T23:31:32Z,NC,organic
104582,2025-12-08T09:07:33Z,FL,app_store
104583,2025-10-02T14:36:23Z,IL,paid_social
104584,2025-10-10T05:48:52Z,GA,paid_social
104585,2025-12-04T05:49:07Z,VA,referral
104586,2025-09-13T10:11:21Z,MO,partner
104587,2026-01-23T09:25:02Z,MN,school_email
104588,2025-05-09T01:31:38Z,mi,app_store
104589,2025-08-04T07:25:28Z,TX,organic
104590,2026-01-12T23:17:15Z,KY,paid_social
104591,2026-01-30T18:27:59Z,CA,school_email
104592,2026-01-22T03:37:25Z,TN,school_email
104593,2025-09-21T03:19:21Z,SC,referral
104594,2025-06-08T18:46:06Z,il,school_email
104595,2026-02-21T00:43:56Z,IL,school_email
104596,2025-07-15T04:29:23Z,tx,partner
104597,2026-01-01T16:28:16Z,OH,partner
104598,2025-06-26T06:01:27Z,CA,school_email
104599,2025-10-09T03:22:04Z,WA,school_email
104600,2025-11-09T10:17:14Z,NC,partner
104601,2025-09-30T16:49:14Z,VA,partner
104602,2025-09-13T13:16:20Z,TX,partner
104603,2026-01-28T05:26:14Z,IL,organic
104604,2025-12-04T10:35:30Z,IN,referral
104605,2025-07-01T20:22:45Z,MO,app_store
104606,2025-06-09T12:45:50Z,TN,school_email
104607,2025-08-26T14:28:43Z,MI,paid_social
104608,2025-06-01T07:24:59Z,PA,app_store
104609,2025-06-16T14:15:41Z,NY,app_store
104610,2025-12-31T08:55:11Z,MI,organic
104611,2025-08-11T02:44:06Z,OH,school_email
104612,2025-06-08T18:24:25Z,OH,school_email
104613,2025-08-28T14:35:05Z,GA,paid_social
104614,2025-05-31T19:52:02Z,SC,app_store
104615,2025-06-03T21:38:37Z,NY,partner
104616,2025-08-31T13:18:43Z,NC,school_email
104617,2025-09-12T07:14:54Z,TX,organic
104618,2025-10-12T21:48:58Z,MI,app_store
104619,2026-02-10T07:42:11Z,MI,school_email
104620,2025-05-10T18:54:51Z,WI,partner
104621,2025-07-08T06:42:44Z,MO,referral
104622,2025-11-27T04:02:00Z,IN,paid_social
104623,2025-10-26T05:49:11Z,NY,school_email
104624,2026-01-23T14:17:42Z,WI,partner
104625,2025-10-06T03:46:42Z,VA,organic
104626,2025-09-12T15:49:24Z,WA,partner
104627,2025-08-21T13:28:28Z,IN,paid_social
104628,2025-06-16T11:30:10Z,il,partner
104629,2025-08-11T23:49:25Z,PA,organic
104630,2025-09-26T09:04:29Z,GA,referral
104631,2025-12-07T18:48:49Z,NC,referral
104632,2025-09-18T15:25:04Z,SC,school_email
104633,2025-08-26T15:27:23Z,CA,paid_social
104634,2025-08-22T05:47:50Z,CA,app_store
104635,2025-08-12T05:48:35Z,IN,school_email
104636,2025-05-29T07:24:27Z,CA,referral
104637,2025-10-02T07:44:22Z,TN,school_email
104638,2025-11-30T09:14:22Z,MN,partner
104639,2025-05-20T06:10:32Z,AL,referral
104640,2025-09-18T17:06:15Z,MI,app_store
104641,2025-05-18T12:06:36Z,CA,paid_social
104642,2025-07-11T00:41:29Z,OH,partner
104643,2025-06-25T16:38:26Z,NC,school_email
104644,2025-11-20T00:28:23Z,TN,school_email
104645,2026-02-06T21:30:48Z,KY,partner
104646,2025-05-19T15:15:30Z,IL,paid_social
104647,2026-02-03T06:44:10Z,MO,paid_social
104648,2025-06-12T10:36:58Z,al,referral
104649,2025-11-26T21:53:41Z,NY,organic
104650,2026-01-07T03:35:37Z,ga,app_store
104651,2025-05-14T19:42:59Z,mi,paid_social
104652,2026-02-13T20:57:56Z,AL,school_email
104653,2025-07-12T13:39:04Z,PA,app_store
104654,2026-01-22T13:09:27Z,KY,referral
104655,2026-01-04T01:52:33Z,WA,school_email
104656,2026-02-11T03:59:12Z,KY,referral
104657,2025-09-30T05:32:07Z,TX,partner
104658,2025-11-05T11:16:31Z,MN,paid_social
104659,2025-08-09T08:22:27Z,OH,partner
104660,2025-08-28T10:26:14Z,GA,organic
104661,2025-09-01T14:09:24Z,NY,paid_social
104662,2025-10-19T08:26:37Z,KY,app_store
104663,2025-05-30T23:58:01Z,TX,partner
104664,2025-08-28T09:13:54Z,il,organic
104665,2025-10-07T08:58:50Z,IL,organic
104666,2025-05-19T19:29:07Z,NY,paid_social
104667,2025-10-13T00:44:44Z,GA,referral
104668,2025-05-19T11:49:05Z,OH,paid_social
104669,2025-06-09T13:39:35Z,Florida,partner
104670,2025-09-24T21:29:10Z,GA,partner
104671,2025-09-23T19:27:23Z,OH,referral
104672,2026-02-10T19:24:35Z,CA,app_store
104673,2026-02-23T17:31:08Z,SC,school_email
104674,2025-06-20T02:28:22Z,GA,paid_social
104675,2026-01-11T02:08:12Z,NY,paid_social
104676,2025-08-18T15:32:28Z,AL,app_store
104677,2025-09-02T03:15:00Z,VA,school_email
104678,2026-01-31T00:23:40Z,KY,organic
104679,2025-07-11T04:23:48Z,NY,partner
104680,2025-06-25T14:31:49Z,IL,school_email
104681,2025-05-10T16:35:22Z,KY,school_email
104682,2025-09-22T09:29:31Z,oh,paid_social
104683,2025-05-14T16:58:00Z,FL,organic
104684,2025-05-30T18:59:03Z,SC,referral
104685,2026-02-17T16:52:53Z,VA,referral
104686,2025-09-26T09:12:10Z,FL,referral
104687,2025-05-13T08:31:31Z,FL,school_email
104688,2025-06-24T17:43:31Z,IL,app_store
104689,2025-07-06T04:09:58Z,OH,app_store
104690,2025-12-08T09:59:35Z,MO,app_store
104691,2025-12-08T09:09:36Z,VA,organic
104692,2025-10-15T07:03:39Z,FL,paid_social
104693,2025-11-09T15:41:31Z,FL,organic
104694,2025-12-08T00:16:20Z,TN,app_store
104695,2025-10-24T11:37:32Z,PA,paid_social
104696,2025-08-19T17:29:21Z,WA,organic
104697,2025-07-04T14:16:39Z,WA,organic
104698,2026-01-17T16:07:59Z,NC,app_store
104699,2025-11-20T11:44:03Z,IL,referral
104700,2025-06-18T19:10:58Z,IN,partner
104701,2025-07-16T01:12:13Z,CA,organic
104702,2026-02-10T11:36:40Z,OH,app_store
104703,2025-07-12T22:01:41Z,NC,paid_social
104704,2025-07-31T19:39:54Z,KY,partner
104705,2026-02-17T16:17:08Z,IL,partner
104706,2025-12-14T00:12:08Z,OH,partner
104707,2025-06-16T05:11:30Z,MO,partner
104708,2025-09-30T09:06:25Z,WI,referral
104709,2025-10-25T22:05:13Z,OH,partner
104710,2025-07-25T13:54:15Z,MI,organic
104711,2025-06-21T23:44:36Z,PA,referral
104712,2025-05-10T09:31:49Z,IN,organic
104713,2025-11-02T20:27:33Z,OH,organic
104714,2025-12-01T06:26:36Z,VA,app_store
104715,2025-08-21T01:09:33Z,CA,app_store
104716,2026-02-01T03:20:32Z,OH,referral
104717,2025-07-29T09:08:40Z,MN,organic
104718,2025-06-29T14:05:42Z,MI,referral
104719,2026-01-05T05:34:49Z,WI,partner
104720,2026-01-14T05:31:17Z,SC,referral
104721,2025-05-05T07:20:06Z,TX,referral
104722,2026-02-10T07:41:54Z,CA,paid_social
104723,2025-07-29T04:20:57Z,TX,app_store
104724,2025-12-12T11:49:29Z,CA,paid_social
104725,2025-09-16T12:46:17Z,TX,school_email
104726,2025-11-05T12:25:46Z,WA,school_email
104727,2025-06-21T08:23:54Z,VA,partner
104728,2026-02-03T05:39:47Z,VA,referral
104729,2025-06-26T08:32:45Z,WA,paid_social
104730,2026-01-03T22:39:19Z,NY,app_store
104731,2025-09-01T05:58:45Z,TX,paid_social
104732,2025-12-29T08:45:22Z,nc,app_store
104733,2025-05-04T17:55:10Z,FL,referral
104734,2026-01-11T14:47:49Z,IN,paid_social
104735,2025-08-12T03:50:41Z,VA,paid_social
104736,2025-08-03T07:25:41Z,MO,app_store
104737,2025-06-21T19:03:45Z,WI,organic
104738,2025-06-04T05:54:45Z,WI,referral
104739,2025-11-06T14:48:32Z,VA,app_store
104740,2025-07-28T02:08:42Z,VA,paid_social
104741,2025-07-13T05:32:50Z,NY,referral
104742,2026-02-25T02:11:38Z,NY,school_email
104743,2026-02-09T10:49:10Z,WI,partner
104744,2025-10-16T11:15:46Z,SC,organic
104745,2025-12-29T04:17:37Z,NY,paid_social
104746,2025-05-16T12:30:31Z,WI,partner
104747,2025-11-17T02:37:16Z,AL,school_email
104748,2025-09-03T23:41:58Z,WA,paid_social
104749,2025-05-20T16:02:02Z,TX,referral
104750,2025-10-23T20:57:05Z,SC,app_store
104751,2025-10-28T09:20:45Z,MN,partner
104752,2025-07-04T05:59:17Z,PA,school_email
104753,2025-07-29T09:33:57Z,AL,app_store
104754,2025-12-03T12:13:21Z,PA,partner
104755,2025-06-21T19:42:31Z,MI,partner
104756,2025-08-14T03:42:34Z,KY,school_email
104757,2026-01-08T02:05:54Z,IN,partner
104758,2025-09-06T02:35:24Z,NY,school_email
104759,2026-01-06T21:35:51Z,KY,paid_social
104760,2025-10-03T11:02:31Z,PA,partner
104761,2025-06-26T17:43:13Z,TX,app_store
104762,2025-06-24T15:44:22Z,IN,school_email
104763,2026-01-25T23:19:43Z,WA,partner
104764,2025-12-17T16:54:32Z,OH,app_store
104765,2025-10-09T02:28:55Z,MI,referral
104766,2025-09-14T19:11:00Z,PA,paid_social
104767,2026-01-02T17:14:34Z,NY,partner
104768,2025-08-22T06:57:38Z,IN,school_email
104769,2025-05-09T11:44:56Z,TX,paid_social
104770,2025-12-07T02:18:28Z,PA,app_store
104771,2025-11-11T08:07:53Z,GA,app_store
104772,2025-05-19T13:40:07Z,CA,organic
104773,2025-07-31T19:04:03Z,IN,referral
104774,2025-09-28T18:51:13Z,OH,app_store
104775,2025-11-04T20:38:32Z,WI,school_email
104776,2025-12-14T11:24:25Z,KY,organic
104777,2025-11-19T11:21:07Z,MI,school_email
104778,2026-02-21T08:43:49Z,MN,referral
104779,2025-10-10T19:37:48Z,GA,school_email
104780,2026-02-17T20:33:28Z,WI,referral
104781,2025-08-20T22:28:46Z,FL,app_store
104782,2025-11-19T22:28:07Z,AL,referral
104783,2025-06-16T18:21:12Z,PA,paid_social
104784,2026-02-14T11:10:46Z,OH,partner
104785,2026-02-12T09:46:11Z,TX,organic
104786,2025-11-08T05:13:06Z,FL,organic
104787,2025-10-26T12:46:24Z,OH,school_email
104788,2026-01-28T16:21:57Z,TX,school_email
104789,2026-01-23T05:34:32Z,IL,paid_social
104790,2025-07-15T08:38:43Z,MO,organic
104791,2025-08-19T13:13:36Z,IL,paid_social
104792,2026-01-04T19:11:49Z,SC,school_email
104793,2025-06-28T23:03:04Z,TN,organic
104794,2026-01-16T04:25:32Z,IN,app_store
104795,2025-09-14T16:43:32Z,PA,school_email
104796,2025-05-06T05:48:50Z,VA,paid_social
104797,2025-08-24T08:01:48Z,NC,organic
104798,2025-10-19T16:15:40Z,PA,partner
104799,2025-11-07T02:37:55Z,MN,paid_social
104800,2026-01-30T08:41:37Z,MN,paid_social
104801,2026-01-07T18:48:21Z,MI,paid_social
104802,2025-08-04T23:09:30Z,NY,partner
104803,2025-10-24T13:31:36Z,MN,organic
104804,2025-12-26T02:08:43Z,MI,paid_social
104805,2025-12-02T14:04:00Z,WA,partner
104806,2025-12-23T14:09:59Z,OH,referral
104807,2026-02-04T03:51:07Z,VA,school_email
104808,2025-06-19T02:41:58Z,MI,referral
104809,2025-07-27T03:47:32Z,IL,partner
104810,2025-12-05T04:43:12Z,NC,referral
104811,2025-08-31T17:07:20Z,AL,referral
104812,2025-05-14T07:33:23Z,MO,app_store
104813,2025-11-26T00:06:31Z,MN,app_store
104814,2025-08-13T00:42:47Z,WI,paid_social
104815,2025-11-20T00:10:29Z,MI,school_email
104816,2025-06-19T00:57:41Z,TN,partner
104817,2025-08-21T09:02:50Z,TX,partner
104818,2026-02-14T13:00:21Z,WI,referral
104819,2025-08-27T07:22:59Z,NY,school_email
104820,2026-02-19T06:56:08Z,NC,partner
104821,2025-09-29T00:03:34Z,MO,paid_social
104822,2026-01-23T03:08:57Z,IL,paid_social
104823,2025-12-29T13:22:33Z,MO,referral
104824,2025-10-14T22:40:13Z,IL,school_email
104825,2025-09-16T10:22:34Z,IN,school_email
104826,2026-01-15T05:01:39Z,MI,paid_social
104827,2025-08-24T10:28:58Z,MN,app_store
104828,2025-08-14T15:09:54Z,FL,paid_social
104829,2025-08-04T09:34:05Z,WA,partner
104830,2025-12-18T16:29:19Z,MI,app_store
104831,2025-10-18T17:17:19Z,FL,partner
104832,2026-02-27T06:44:55Z,SC,school_email
104833,2025-09-12T10:16:51Z,WI,organic
104834,2025-12-24T14:59:19Z,OH,app_store
104835,2026-01-04T23:23:45Z,SC,app_store
104836,2025-10-16T21:39:19Z,MO,partner
104837,2026-01-15T17:14:09Z,pa,paid_social
104838,2026-02-03T07:40:10Z,Ga.,paid_social
104839,2025-07-21T00:49:31Z,AL,paid_social
104840,2025-11-08T04:09:10Z,KY,partner
104841,2025-09-01T14:13:34Z,CA,paid_social
104842,2026-02-11T12:10:00Z,PA,referral
104843,2025-10-01T15:06:45Z,WI,app_store
104844,2025-09-03T05:07:01Z,NY,paid_social
104845,2026-01-29T20:52:21Z,WA,app_store
104846,2025-08-07T03:50:32Z,GA,paid_social
104847,2025-11-01T22:40:12Z,KY,school_email
104848,2025-06-10T05:26:11Z,NC,app_store
104849,2025-07-30T22:10:31Z,PA,partner
104850,2025-10-05T03:46:13Z,AL,partner
104851,2026-02-09T13:14:09Z,FL,organic
104852,2026-01-13T23:41:35Z,PA,paid_social
104853,2025-05-26T10:47:47Z,IL,school_email
104854,2025-10-07T20:56:21Z,KY,app_store
104855,2026-01-02T18:06:25Z,AL,app_store
104856,2026-01-27T10:34:11Z,FL,referral
104857,2025-09-29T22:40:19Z,MN,school_email
104858,2025-07-26T13:36:13Z,TN,school_email
104859,2025-12-14T17:53:41Z,IN,paid_social
104860,2025-11-26T09:12:31Z,TX,partner
104861,2025-10-17T02:15:20Z,PA,paid_social
104862,2026-02-16T05:31:26Z,MO,partner
104863,2025-11-14T18:07:21Z,IN,organic
104864,2026-02-09T09:06:10Z,MI,app_store
104865,2025-11-01T06:44:41Z,NY,paid_social
104866,2026-01-06T05:45:30Z,KY,organic
104867,2025-05-15T00:06:10Z,IN,app_store
104868,2025-09-06T08:14:13Z,IL,paid_social
104869,2026-01-07T09:05:08Z,GA,school_email
104870,2025-12-25T23:09:21Z,OH,organic
104871,2025-09-19T12:20:13Z,SC,paid_social
104872,2025-08-06T08:35:14Z,MO,referral
104873,2025-07-12T19:56:57Z,IL,referral
104874,2025-06-02T21:06:54Z,NY,partner
104875,2025-12-07T04:49:33Z,WI,school_email
104876,2025-09-02T13:33:06Z,al,organic
104877,2026-01-01T02:08:01Z,CA,referral
104878,2025-12-21T18:17:11Z,CA,paid_social
104879,2025-06-08T17:48:35Z,SC,organic
104880,2026-01-06T11:08:10Z,WA,app_store
104881,2025-12-23T20:57:40Z,SC,paid_social
104882,2025-09-20T19:18:27Z,FL,school_email
104883,2025-06-27T03:11:02Z,PA,organic
104884,2025-09-12T14:13:50Z,GA,school_email
104885,2025-12-15T02:34:28Z,oh,partner
104886,2025-12-07T09:55:47Z,MO,school_email
104887,2025-07-14T15:27:36Z,WA,referral
104888,2025-08-07T15:39:05Z,mi,app_store
104889,2025-06-25T00:32:33Z,IL,app_store
104890,2025-06-16T09:40:12Z,CA,school_email
104891,2025-11-05T07:35:36Z,SC,partner
104892,2025-09-04T03:16:18Z,NY,app_store
104893,2025-10-15T04:45:45Z,AL,organic
104894,2025-12-06T23:17:29Z,AL,app_store
104895,2026-02-18T20:33:48Z,CA,partner
104896,2025-11-28T18:44:20Z,CA,school_email
104897,2025-07-03T03:43:36Z,TX,paid_social
104898,2025-12-03T15:21:03Z,SC,organic
104899,2025-08-29T21:35:10Z,MN,referral
104900,2025-08-28T01:24:10Z,WI,paid_social
104901,2025-11-14T22:42:35Z,CA,paid_social
104902,2025-09-30T07:37:12Z,SC,partner
104903,2025-10-17T08:35:26Z,MO,paid_social
104904,2025-08-03T23:40:24Z,TN,paid_social
104905,2025-10-16T03:18:01Z,TN,referral
104906,2025-07-14T22:42:19Z,WA,organic
104907,2025-05-13T18:29:08Z,FL,referral
104908,2025-12-08T20:52:32Z,MN,app_store
104909,2026-02-25T18:51:10Z,IN,partner
104910,2026-01-20T16:10:43Z,VA,school_email
104911,2025-12-28T06:21:38Z,pa,paid_social
104912,2025-10-23T09:29:10Z,FL,school_email
104913,2025-05-26T08:31:31Z,PA,school_email
104914,2025-08-17T02:15:37Z,GA,organic
104915,2025-10-14T12:06:38Z,IL,referral
104916,2025-06-06T17:36:02Z,TN,school_email
104917,2025-06-03T06:40:23Z,NC,school_email
104918,2025-11-01T20:12:21Z,ny,partner
104919,2025-07-07T15:35:46Z,WA,paid_social
104920,2025-05-05T21:29:03Z,TX,organic
104921,2025-06-19T19:17:51Z,PA,partner
104922,2025-09-14T23:51:54Z,IN,paid_social
104923,2026-02-01T23:13:09Z,CA,school_email
104924,2026-02-05T18:35:51Z,SC,paid_social
104925,2025-11-03T10:54:13Z,MO,partner
104926,2025-10-18T10:07:44Z,AL,referral
104927,2025-07-22T04:59:51Z,TX,partner
104928,2025-11-08T19:51:24Z,SC,partner
104929,2025-11-30T03:07:40Z,MO,app_store
104930,2026-01-31T13:26:56Z,OH,referral
104931,2026-01-10T21:55:24Z,MN,partner
104932,2025-06-08T04:04:23Z,KY,organic
104933,2026-02-07T08:31:47Z,SC,organic
104934,2025-12-04T17:30:17Z,CA,referral
104935,2025-11-11T23:31:20Z,CA,paid_social
104936,2025-05-17T20:01:49Z,wa,app_store
104937,2026-01-29T10:49:50Z,AL,partner
104938,2025-06-18T22:04:45Z,MI,referral
104939,2026-01-17T07:12:59Z,NY,referral
104940,2025-09-27T21:53:34Z,TX,paid_social
104941,2025-08-26T20:07:31Z,CA,referral
104942,2025-10-14T06:02:24Z,TX,paid_social
104943,2025-07-23T06:12:23Z,MI,school_email
104944,2026-01-29T19:23:11Z,mo,referral
104945,2025-08-31T22:57:42Z,MN,school_email
104946,2026-01-24T01:41:06Z,IN,partner
104947,2025-08-07T21:52:34Z,KY,organic
104948,2025-09-21T06:08:36Z,CA,app_store
104949,2026-02-20T15:12:46Z,FL,school_email
104950,2025-05-29T19:59:42Z,PA,paid_social
104951,2025-11-02T15:13:35Z,OH,partner
104952,2026-02-05T01:45:13Z,PA,referral
104953,2025-07-13T05:59:28Z,va,organic
104954,2025-09-29T13:27:33Z,CA,referral
104955,2025-12-07T06:01:28Z,MN,referral
104956,2025-09-05T09:03:41Z,FL,partner
104957,2025-12-01T05:26:03Z,SC,school_email
104958,2025-09-06T18:24:01Z,IL,app_store
104959,2025-07-17T06:50:53Z,IN,paid_social
104960,2025-05-23T13:10:56Z,GA,organic
104961,2025-10-12T00:04:58Z,KY,partner
104962,2026-01-03T13:00:55Z,MO,partner
104963,2025-12-24T22:31:38Z,IL,app_store
104964,2025-05-04T23:57:32Z,FL,partner
104965,2026-02-03T09:08:49Z,mo,app_store
104966,2025-07-01T12:17:55Z,TX,app_store
104967,2025-09-05T08:41:12Z,NC,partner
104968,2025-11-12T08:12:44Z,VA,paid_social
104969,2025-10-04T17:39:30Z,va,referral
104970,2025-08-20T09:43:53Z,TX,organic
104971,2025-10-15T16:30:51Z,MI,partner
104972,2025-11-04T14:21:17Z,WA,referral
104973,2026-02-02T16:04:22Z,FL,partner
104974,2026-02-18T11:15:56Z,NY,school_email
104975,2025-05-28T11:32:37Z,KY,organic
104976,2025-11-28T06:51:01Z,MO,organic
104977,2025-07-30T08:14:50Z,IL,school_email
104978,2026-02-08T14:40:51Z,MI,organic
104979,2026-01-22T03:08:36Z,SC,organic
104980,2025-06-17T21:23:47Z,SC,referral
104981,2025-07-22T08:18:56Z,FL,school_email
104982,2025-06-09T23:53:21Z,PA,organic
104983,2025-05-31T14:21:54Z,VA,organic
104984,2025-05-27T14:03:15Z,IL,organic
104985,2025-12-09T23:49:46Z,WA,referral
104986,2025-07-09T07:35:25Z,tn,app_store
104987,2026-02-11T22:31:34Z,TN,school_email
104988,2025-08-14T14:52:21Z,FL,school_email
104989,2026-01-02T09:16:00Z,MO,referral
104990,2025-06-21T06:37:42Z,PA,organic
104991,2025-07-10T14:50:31Z,wi,partner
104992,2026-01-06T04:26:30Z,CA,app_store
104993,2026-02-15T01:00:19Z,in,app_store
104994,2025-07-22T20:18:56Z,OH,organic
104995,2026-01-05T11:58:36Z,TN,partner
104996,2025-11-11T09:07:06Z,IL,paid_social
104997,2026-01-02T17:49:50Z,TX,referral
104998,2025-05-24T15:10:48Z,CA,school_email
104999,2025-12-27T04:50:05Z,VA,paid_social
105000,2025-12-03T19:37:47Z,GA,school_email
105001,2026-02-15T14:58:36Z,MO,school_email
105002,2026-02-22T04:27:47Z,PA,paid_social
105003,2025-07-16T09:01:35Z,SC,partner
105004,2025-10-07T05:52:29Z,OH,paid_social
105005,2025-12-13T23:15:02Z,NC,app_store
105006,2025-05-31T14:42:57Z,MO,school_email
105007,2026-02-02T17:06:05Z,TX,paid_social
105008,2025-07-18T08:08:28Z,IL,organic
105009,2025-12-11T21:26:17Z,TX,paid_social
105010,2025-09-10T23:37:57Z,MI,referral
105011,2025-07-15T03:23:34Z,WA,referral
105012,2025-12-22T12:53:07Z,PA,referral
105013,2025-10-12T14:09:45Z,SC,paid_social
105014,2025-12-25T11:16:48Z,KY,paid_social
105015,2026-01-02T10:28:47Z,IN,partner
105016,2025-07-29T12:15:16Z,WI,school_email
105017,2025-10-14T09:58:03Z,OH,school_email
105018,2026-01-05T12:44:05Z,FL,paid_social
105019,2025-11-24T20:03:06Z,OH,school_email
105020,2025-07-26T03:29:13Z,KY,referral
105021,2025-10-09T19:08:15Z,PA,organic
105022,2025-11-08T03:28:55Z,FL,organic
105023,2025-05-07T06:40:21Z,wi,referral
105024,2025-10-08T03:00:58Z,ny,partner
105025,2025-11-02T22:25:33Z,FL,paid_social
105026,2025-07-27T23:35:43Z,PA,app_store
105027,2025-07-16T14:52:09Z,CA,partner
105028,2026-02-25T20:35:04Z,WA,organic
105029,2025-08-16T20:47:49Z,MI,referral
105030,2025-05-31T23:23:55Z,SC,paid_social
105031,2026-02-19T22:18:51Z,IN,organic
105032,2025-05-04T10:38:16Z,PA,paid_social
105033,2026-02-22T15:26:37Z,SC,organic
105034,2025-11-09T16:59:20Z,TN,organic
105035,2025-12-20T10:29:16Z,OH,partner
105036,2026-02-26T01:46:43Z,nc,organic
105037,2025-06-14T16:32:20Z,WA,app_store
105038,2025-10-04T02:57:18Z,IL,organic
105039,2025-12-16T04:35:34Z,TX,paid_social
105040,2025-12-14T18:31:23Z,IN,organic
105041,2025-08-18T21:05:32Z,TX,paid_social
105042,2025-12-15T02:09:27Z,sc,paid_social
105043,2026-02-04T07:35:21Z,GA,app_store
105044,2025-11-01T15:16:32Z,GA,paid_social
105045,2026-02-04T15:02:12Z,NC,organic
105046,2025-10-20T18:42:51Z,IL,app_store
105047,2025-07-16T17:17:07Z,IN,partner
105048,2025-06-10T01:29:23Z,MN,referral
105049,2026-01-08T10:25:41Z,CA,school_email
105050,2025-11-10T20:22:09Z,MI,referral
105051,2025-05-31T20:40:06Z,TN,school_email
105052,2026-02-16T02:04:12Z,NC,app_store
105053,2026-01-22T15:30:23Z,TN,partner
105054,2025-06-14T00:43:52Z,OH,paid_social
105055,2025-11-26T11:39:36Z,TX,organic
105056,2025-06-17T12:30:23Z,SC,organic
105057,2025-07-14T20:58:35Z,AL,organic
105058,2026-02-05T19:39:36Z,GA,partner
105059,2025-11-28T12:08:22Z,WI,school_email
105060,2025-10-26T03:07:32Z,ky,partner
105061,2025-11-29T07:16:10Z,NC,referral
105062,2025-05-08T09:58:22Z,MN,organic
105063,2025-05-28T17:14:23Z,KY,school_email
105064,2025-07-05T03:47:35Z,IN,referral
105065,2026-01-12T00:53:40Z,TX,paid_social
105066,2025-10-09T11:40:32Z,MO,app_store
105067,2025-07-19T09:16:06Z,FL,referral
105068,2026-01-20T00:45:48Z,AL,organic
105069,2025-06-03T22:27:11Z,SC,referral
105070,2025-10-26T01:19:54Z,VA,referral
105071,2026-01-05T18:17:21Z,NC,paid_social
105072,2026-01-15T14:58:49Z,MN,referral
105073,2025-05-07T15:24:12Z,SC,paid_social
105074,2025-12-09T17:03:33Z,MI,school_email
105075,2025-08-10T10:30:19Z,AL,referral
105076,2025-07-31T11:10:22Z,AL,partner
105077,2025-11-15T10:37:11Z,PA,organic
105078,2025-10-19T14:38:22Z,TN,school_email
105079,2025-06-26T23:45:40Z,TN,referral
105080,2025-05-26T23:18:47Z,MN,referral
105081,2025-09-02T13:24:11Z,PA,referral
105082,2026-01-31T04:49:02Z,IN,organic
105083,2025-06-15T20:56:37Z,VA,organic
105084,2025-05-31T18:47:01Z,IL,school_email
105085,2025-12-24T08:24:03Z,IN,school_email
105086,2026-02-17T02:01:06Z,FL,paid_social
105087,2025-09-29T19:09:52Z,MN,partner
105088,2025-09-05T06:16:53Z,IL,referral
105089,2025-06-20T22:31:19Z,OH,organic
105090,2025-11-29T02:26:08Z,PA,app_store
105091,2025-08-13T00:11:49Z,AL,organic
105092,2025-09-22T19:15:10Z,NC,organic
105093,2026-01-29T20:36:46Z,TX,organic
105094,2025-09-19T17:25:03Z,AL,paid_social
105095,2025-05-15T04:36:06Z,PA,organic
105096,2026-01-05T15:39:11Z,FL,school_email
105097,2025-05-26T16:52:06Z,KY,school_email
105098,2025-06-26T04:29:46Z,GA,partner
105099,2025-08-25T21:07:31Z,OH,organic
105100,2025-12-20T05:09:26Z,TN,partner
105101,2026-01-22T08:14:14Z,FL,referral
105102,2025-09-19T10:04:57Z,OH,partner
105103,2026-01-07T02:20:41Z,NC,organic
105104,2025-12-28T18:25:34Z,WI,partner
105105,2025-08-29T00:38:18Z,WI,organic
105106,2025-08-10T00:11:48Z,TN,referral
105107,2025-08-18T19:58:38Z,MI,app_store
105108,2025-12-23T03:53:31Z,TN,referral
105109,2026-02-11T03:48:10Z,IL,paid_social
105110,2025-11-09T19:16:26Z,mi,school_email
105111,2025-06-22T09:00:01Z,VA,partner
105112,2025-08-21T14:17:45Z,TX,organic
105113,2025-12-14T23:08:21Z,PA,paid_social
105114,2025-09-19T09:42:05Z,WA,paid_social
105115,2025-11-12T03:30:10Z,OH,organic
105116,2025-07-10T07:38:57Z,VA,paid_social
105117,2026-01-24T20:43:42Z,CA,school_email
105118,2025-10-11T22:53:10Z,GA,school_email
105119,2025-05-17T16:12:45Z,SC,school_email
105120,2025-08-29T08:20:27Z,KY,school_email
105121,2025-06-23T22:49:01Z,NY,paid_social
105122,2025-09-03T04:51:56Z,TX,app_store
105123,2025-05-27T02:23:22Z,FL,app_store
105124,2026-01-30T13:29:26Z,IN,organic
105125,2025-05-10T14:45:38Z,OH,school_email
105126,2025-08-04T06:38:37Z,IN,referral
105127,2025-11-26T05:54:05Z,IN,organic
105128,2025-10-23T11:05:32Z,WA,paid_social
105129,2026-02-26T16:19:32Z,MN,organic
105130,2025-09-13T01:48:34Z,NC,organic
105131,2026-01-07T03:47:10Z,PA,partner
105132,2025-07-17T01:34:56Z,CA,partner
105133,2025-09-20T03:48:49Z,KY,paid_social
105134,2025-10-27T15:46:07Z,MI,paid_social
105135,2025-11-12T20:55:47Z,OH,app_store
105136,2025-10-24T11:36:56Z,CA,organic
105137,2025-05-05T13:23:09Z,VA,app_store
105138,2025-09-08T02:52:10Z,tx,referral
105139,2025-10-12T12:17:11Z,SC,referral
105140,2025-06-11T16:15:04Z,pa,referral
105141,2025-05-12T22:00:18Z,MO,referral
105142,2025-11-03T23:37:20Z,FL,partner
105143,2026-01-29T08:32:16Z,OH,referral
105144,2025-10-20T19:54:52Z,IL,app_store
105145,2026-02-01T17:39:54Z,KY,app_store
105146,2025-10-18T00:37:12Z,NY,partner
105147,2025-11-30T20:07:04Z,VA,paid_social
105148,2025-07-08T00:50:49Z,GA,school_email
105149,2026-01-08T16:01:26Z,MO,paid_social
105150,2026-01-24T21:02:46Z,TX,organic
105151,2025-11-21T23:23:37Z,wa,app_store
105152,2025-11-08T09:58:38Z,MN,school_email
105153,2025-08-24T00:58:53Z,PA,paid_social
105154,2025-11-29T15:29:13Z,WI,referral
105155,2025-06-21T13:05:03Z,FL,school_email
105156,2025-10-09T03:56:20Z,TX,organic
105157,2025-05-20T07:43:01Z,SC,partner
105158,2025-10-12T01:14:56Z,VA,app_store
105159,2025-10-21T00:49:45Z,WI,app_store
105160,2025-05-15T12:11:01Z,wi,referral
105161,2025-11-24T01:47:28Z,VA,school_email
105162,2026-02-13T00:27:25Z,CA,school_email
105163,2025-09-05T20:49:46Z,GA,app_store
105164,2025-09-25T06:15:28Z,CA,referral
105165,2026-01-02T00:43:48Z,IL,referral
105166,2025-05-14T07:47:09Z,MI,organic
105167,2026-02-10T15:54:13Z,TN,school_email
105168,2026-01-17T01:38:52Z,MI,organic
105169,2026-02-13T23:24:32Z,mo,referral
105170,2026-02-17T05:08:30Z,OH,paid_social
105171,2026-01-13T08:26:42Z,SC,organic
105172,2025-06-30T19:29:26Z,FL,paid_social
105173,2025-12-12T03:17:08Z,WA,app_store
105174,2025-08-09T03:09:33Z,MO,school_email
105175,2025-05-27T07:07:15Z,VA,referral
105176,2025-06-27T07:42:57Z,SC,organic
105177,2025-10-08T23:48:11Z,NC,organic
105178,2025-12-24T19:51:19Z,VA,school_email
105179,2025-08-12T21:30:09Z,VA,referral
105180,2025-11-07T22:32:11Z,IL,organic
105181,2025-12-12T15:12:18Z,ga,school_email
105182,2025-12-11T07:00:04Z,TN,school_email
105183,2026-02-05T22:29:54Z,VA,app_store
105184,2026-02-04T20:02:04Z,IN,app_store
105185,2026-01-09T11:21:34Z,CA,referral
105186,2025-10-28T00:21:46Z,VA,referral
105187,2025-08-03T16:54:44Z,KY,app_store
105188,2025-10-06T00:21:52Z,VA,paid_social
105189,2025-09-04T20:27:48Z,GA,referral
105190,2025-09-07T09:09:16Z,KY,app_store
105191,2025-12-08T03:29:03Z,TN,partner
105192,2025-05-25T01:12:25Z,WA,referral
105193,2025-10-19T03:33:24Z,WI,referral
105194,2025-11-15T15:51:36Z,WI,paid_social
105195,2025-08-16T00:05:07Z,MO,paid_social
105196,2025-10-14T20:08:05Z,NC,paid_social
105197,2025-09-28T02:13:00Z,IL,school_email
105198,2025-10-01T12:29:37Z,KY,app_store
105199,2025-09-20T10:45:55Z,OH,organic
105200,2026-02-16T17:45:33Z,SC,paid_social
105201,2025-06-15T02:18:01Z,OH,organic
105202,2025-11-16T13:20:13Z,MN,paid_social
105203,2026-01-27T08:39:59Z,IL,partner
105204,2025-05-07T22:11:57Z,IL,partner
105205,2025-11-26T13:15:30Z,PA,referral
105206,2025-10-10T23:37:04Z,MI,referral
105207,2025-05-08T22:20:20Z,mo,partner
105208,2025-09-01T12:09:14Z,MO,paid_social
105209,2025-05-16T10:12:32Z,FL,paid_social
105210,2025-11-06T11:11:32Z,tn,school_email
105211,2025-08-09T13:44:16Z,NC,paid_social
105212,2025-11-26T05:27:16Z,SC,organic
105213,2025-06-16T17:59:23Z,CA,organic
105214,2026-01-13T02:35:48Z,WI,school_email
105215,2026-01-19T18:14:36Z,mn,app_store
105216,2025-08-07T07:48:40Z,NY,app_store
105217,2025-09-15T02:24:18Z,NC,referral
105218,2025-11-11T04:47:37Z,WI,app_store
105219,2025-11-07T10:39:35Z,OH,school_email
105220,2025-12-31T00:36:35Z,GA,referral
105221,2025-10-22T10:38:05Z,CA,school_email
105222,2025-09-24T06:06:11Z,PA,app_store
105223,2025-08-10T12:42:24Z,GA,paid_social
105224,2025-07-12T02:32:27Z,KY,school_email
105225,2026-01-09T12:43:12Z,NC,referral
105226,2025-10-23T14:22:12Z,TX,organic
105227,2025-06-01T00:58:53Z,GA,app_store
105228,2026-02-07T10:14:58Z,MN,app_store
105229,2025-05-13T17:15:40Z,GA,school_email
105230,2025-11-14T02:28:42Z,MI,referral
105231,2026-02-22T18:20:10Z,VA,school_email
105232,2025-06-28T05:54:42Z,SC,school_email
105233,2025-07-12T00:24:59Z,PA,school_email
105234,2026-01-13T14:04:31Z,NY,app_store
105235,2026-01-12T21:39:24Z,NC,paid_social
105236,2025-12-06T23:42:52Z,NY,organic
105237,2025-12-15T12:22:26Z,OH,organic
105238,2025-12-03T09:55:46Z,AL,organic
105239,2025-08-11T20:50:03Z,WI,organic
105240,2025-11-02T05:59:30Z,WI,school_email
105241,2025-11-29T18:24:06Z,KY,school_email
105242,2025-07-03T13:14:30Z,AL,referral
105243,2025-10-15T12:32:47Z,WI,referral
105244,2025-05-29T17:07:21Z,SC,organic
105245,2025-09-15T02:52:54Z,OH,partner
105246,2025-08-25T01:03:29Z,SC,school_email
105247,2025-10-30T09:27:39Z,PA,app_store
105248,2025-12-13T06:17:34Z,OH,app_store
105249,2025-12-03T17:26:55Z,IL,app_store
105250,2026-02-12T07:35:22Z,VA,app_store
105251,2026-02-17T05:32:26Z,FL,paid_social
105252,2025-05-25T14:50:49Z,CA,referral
105253,2025-07-19T13:51:19Z,KY,organic
105254,2025-07-26T22:46:05Z,VA,paid_social
105255,2026-02-06T19:24:20Z,TX,paid_social
105256,2025-05-23T06:21:34Z,OH,referral
105257,2025-05-31T23:06:26Z,KY,referral
105258,2025-07-10T04:36:47Z,GA,school_email
105259,2026-01-19T22:05:56Z,OH,partner
105260,2025-09-12T12:40:44Z,TX,paid_social
105261,2025-06-25T02:47:07Z,GA,partner
105262,2025-05-22T12:32:50Z,TN,app_store
105263,2025-05-26T07:28:35Z,TN,school_email
105264,2025-08-02T22:40:41Z,TX,organic
105265,2025-11-16T01:42:28Z,WA,app_store
105266,2025-09-25T18:28:32Z,il,referral
105267,2025-08-27T03:36:47Z,TX,school_email
105268,2025-12-25T20:01:41Z,PA,paid_social
105269,2025-08-13T02:00:59Z,TN,organic
105270,2025-06-25T18:21:00Z,IL,school_email
105271,2025-11-14T19:51:36Z,FL,organic
105272,2025-11-10T12:46:57Z,SC,school_email
105273,2025-12-30T09:09:16Z,AL,organic
105274,2025-12-30T06:05:30Z,NC,school_email
105275,2025-08-14T19:14:58Z,MO,school_email
105276,2025-12-23T07:02:31Z,TX,partner
105277,2025-12-11T11:33:07Z,GA,organic
105278,2026-02-03T06:28:22Z,TN,referral
105279,2025-12-09T15:03:26Z,SC,school_email
105280,2025-12-31T16:02:20Z,MO,app_store
105281,2025-12-03T22:01:24Z,Texas,school_email
105282,2025-09-16T07:18:41Z,IN,paid_social
105283,2025-12-18T03:22:47Z,NC,partner
105284,2025-11-23T08:38:20Z,WI,organic
105285,2025-07-12T14:58:02Z,FL,partner
105286,2025-08-23T20:27:24Z,WA,app_store
105287,2025-07-31T19:21:40Z,KY,school_email
105288,2025-07-04T14:52:45Z,IN,app_store
105289,2025-05-30T09:37:36Z,NY,school_email
105290,2025-12-27T18:56:05Z,WA,app_store
105291,2025-09-01T08:05:14Z,GA,school_email
105292,2025-06-14T12:59:04Z,MI,school_email
105293,2025-06-21T07:37:35Z,IL,referral
105294,2025-05-19T16:18:56Z,IL,school_email
105295,2025-07-01T10:21:43Z,MN,app_store
105296,2025-10-09T17:50:34Z,MN,school_email
105297,2026-01-16T16:00:31Z,VA,partner
105298,2025-07-07T01:02:11Z,WA,school_email
105299,2026-02-27T01:40:54Z,IL,organic
105300,2025-08-04T23:59:30Z,MO,organic
105301,2025-12-08T23:48:56Z,NC,organic
105302,2026-02-12T11:27:22Z,WI,paid_social
105303,2026-02-07T15:10:50Z,NY,organic
105304,2025-07-11T07:14:19Z,NC,app_store
105305,2026-01-30T14:45:21Z,MN,referral
105306,2025-09-07T04:28:04Z,TN,paid_social
105307,2026-01-09T18:57:11Z,NC,app_store
105308,2025-12-20T06:40:18Z,PA,organic
105309,2025-10-14T20:30:39Z,sc,partner
105310,2025-12-24T03:11:43Z,WA,organic
105311,2026-02-26T17:30:15Z,AL,partner
105312,2025-12-06T10:43:37Z,CA,referral
105313,2025-06-26T03:34:25Z,PA,app_store
105314,2026-01-15T10:09:35Z,PA,referral
105315,2025-12-24T17:53:36Z,TN,school_email
105316,2025-11-24T06:27:07Z,AL,app_store
105317,2025-09-06T16:42:11Z,CA,partner
105318,2025-07-22T03:35:05Z,IL,organic
105319,2025-07-31T06:54:23Z,VA,referral
105320,2025-12-28T07:59:45Z,GA,partner
105321,2025-05-12T14:00:15Z,FL,referral
105322,2025-11-21T21:28:34Z,IN,app_store
105323,2025-10-26T14:34:36Z,NC,app_store
105324,2025-07-26T04:38:32Z,NC,partner
105325,2025-06-29T22:23:33Z,MO,organic
105326,2025-07-13T11:38:00Z,MN,school_email
105327,2026-02-09T21:44:29Z,WA,referral
105328,2025-08-17T01:12:34Z,MO,paid_social
105329,2025-05-07T06:02:44Z,VA,app_store
105330,2026-01-11T16:28:48Z,IL,school_email
105331,2025-08-11T17:37:16Z,AL,partner
105332,2026-02-20T13:46:33Z,WI,organic
105333,2026-02-08T18:36:34Z,SC,referral
105334,2025-07-24T12:36:30Z,KY,organic
105335,2025-08-14T21:02:04Z,AL,school_email
105336,2025-06-04T10:52:34Z,NY,referral
105337,2025-08-13T10:11:54Z,MI,paid_social
105338,2026-01-03T10:25:47Z,IL,school_email
105339,2025-06-11T16:50:42Z,NC,organic
105340,2025-05-09T21:14:33Z,VA,paid_social
105341,2025-07-02T01:51:14Z,AL,school_email
105342,2025-09-27T14:23:19Z,mo,paid_social
105343,2025-05-14T07:25:40Z,KY,app_store
105344,2026-01-08T04:34:57Z,VA,paid_social
105345,2025-08-06T04:22:51Z,IL,partner
105346,2025-11-03T22:16:57Z,GA,paid_social
105347,2025-11-28T07:31:12Z,CA,paid_social
105348,2025-10-11T04:14:45Z,MO,school_email
105349,2025-11-13T17:28:00Z,GA,referral
105350,2025-06-10T11:05:51Z,PA,paid_social
105351,2025-09-06T03:08:35Z,CA,organic
105352,2025-05-17T02:44:02Z,NY,paid_social
105353,2026-01-20T15:54:43Z,TN,organic
105354,2025-12-28T03:44:09Z,PA,paid_social
105355,2025-06-07T19:05:18Z,CA,partner
105356,2025-11-18T18:42:04Z,IN,school_email
105357,2025-06-13T01:35:42Z,SC,partner
105358,2026-01-28T04:59:08Z,WI,app_store
105359,2026-01-08T15:22:28Z,GA,organic
105360,2026-01-19T18:50:16Z,FL,organic
105361,2025-09-26T19:19:51Z,KY,app_store
105362,2025-11-22T02:23:52Z,TX,partner
105363,2025-09-29T05:27:33Z,CA,school_email
105364,2025-06-15T21:38:39Z,CA,partner
105365,2025-11-28T09:19:00Z,NY,organic
105366,2025-07-19T13:10:15Z,NY,app_store
105367,2025-05-09T08:27:03Z,PA,school_email
105368,2025-07-13T05:24:44Z,SC,referral
105369,2025-05-22T08:32:33Z,GA,paid_social
105370,2025-05-25T01:46:50Z,KY,partner
105371,2025-12-20T12:01:07Z,OH,partner
105372,2025-08-27T23:00:04Z,MO,partner
105373,2025-11-19T21:26:33Z,CA,school_email
105374,2025-10-19T06:40:13Z,PA,school_email
105375,2025-12-14T19:08:06Z,IL,partner
105376,2025-11-06T01:05:51Z,VA,partner
105377,2026-01-28T17:57:42Z,NY,paid_social
105378,2025-09-05T18:36:50Z,TN,organic
105379,2026-02-25T09:16:37Z,WA,organic
105380,2025-08-18T07:54:10Z,SC,referral
105381,2025-09-02T20:45:18Z,FL,referral
105382,2025-06-10T04:15:23Z,CA,partner
105383,2025-07-29T19:04:22Z,SC,organic
105384,2025-07-21T05:02:23Z,WA,partner
105385,2025-06-12T19:53:18Z,MI,referral
105386,2025-09-25T08:34:38Z,IN,referral
105387,2025-09-17T21:25:49Z,MI,organic
105388,2026-01-23T18:05:09Z,TN,partner
105389,2025-07-29T00:28:38Z,IL,school_email
105390,2025-09-05T16:34:56Z,TX,organic
105391,2025-10-12T08:36:03Z,OH,referral
105392,2025-09-27T01:47:11Z,OH,app_store
105393,2025-05-20T02:15:56Z,NY,referral
105394,2025-05-27T11:38:48Z,MI,organic
105395,2026-02-07T18:07:36Z,NY,organic
105396,2025-06-10T04:36:32Z,WA,organic
105397,2025-05-23T19:57:56Z,KY,paid_social
105398,2025-12-23T10:36:41Z,PA,app_store
105399,2025-06-12T00:49:46Z,TX,paid_social
105400,2025-07-23T07:59:46Z,TN,organic
105401,2025-12-07T17:58:05Z,MN,app_store
105402,2025-05-28T17:03:01Z,MO,app_store
105403,2025-08-02T00:10:39Z,NC,partner
105404,2025-09-05T13:05:08Z,NC,paid_social
105405,2026-01-01T22:42:39Z,MO,app_store
105406,2025-06-05T01:04:16Z,AL,paid_social
105407,2025-07-29T10:26:44Z,OH,app_store
105408,2026-01-10T05:58:20Z,IL,referral
105409,2025-05-21T06:59:53Z,WA,partner
105410,2026-02-22T21:38:54Z,CA,partner
105411,2025-11-04T07:46:53Z,CA,app_store
105412,2026-01-30T23:07:19Z,FL,app_store
105413,2025-05-14T19:45:29Z,VA,organic
105414,2025-07-24T05:06:05Z,WI,paid_social
105415,2025-10-03T18:55:20Z,VA,organic
105416,2025-12-15T12:23:14Z,NY,paid_social
105417,2025-06-30T11:09:28Z,MI,paid_social
105418,2025-06-22T19:09:20Z,CA,paid_social
105419,2025-08-01T07:28:02Z,FL,app_store
105420,2025-11-05T04:40:52Z,MO,partner
105421,2025-08-01T02:24:53Z,NY,referral
105422,2025-07-20T22:47:13Z,GA,app_store
105423,2025-07-30T23:03:22Z,IL,organic
105424,2025-09-11T04:44:18Z,NC,partner
105425,2025-09-29T22:08:31Z,sc,paid_social
105426,2026-02-21T00:30:31Z,WA,referral
105427,2025-12-27T00:51:37Z,NC,app_store
105428,2025-05-14T21:59:21Z,NC,partner
105429,2025-09-28T13:34:13Z,KY,paid_social
105430,2025-07-18T16:22:56Z,PA,paid_social
105431,2026-02-22T02:31:02Z,WI,referral
105432,2025-07-06T23:31:14Z,MI,app_store
105433,2026-02-03T12:43:10Z,NC,paid_social
105434,2025-09-20T06:28:33Z,MN,partner
105435,2026-02-04T22:59:15Z,MI,school_email
105436,2025-10-10T13:24:39Z,IL,paid_social
105437,2025-06-17T23:29:51Z,NC,school_email
105438,2025-11-30T03:01:09Z,KY,school_email
105439,2025-11-30T04:58:47Z,OH,referral
105440,2025-06-03T07:27:43Z,OH,school_email
105441,2026-02-08T05:07:36Z,NY,paid_social
105442,2026-01-01T11:54:40Z,MO,organic
105443,2025-05-18T11:18:11Z,OH,app_store
105444,2026-01-05T03:39:07Z,oh,organic
105445,2025-11-02T06:06:42Z,AL,school_email
105446,2025-06-23T16:29:29Z,CA,organic
105447,2025-06-14T13:43:05Z,OH,paid_social
105448,2025-10-09T18:01:09Z,IN,partner
105449,2025-11-21T18:11:08Z,ca,partner
105450,2025-08-24T14:13:13Z,MI,organic
105451,2026-01-08T05:13:26Z,MN,referral
105452,2026-01-07T05:41:37Z,MI,app_store
105453,2025-08-04T07:15:07Z,PA,school_email
105454,2025-07-29T12:04:13Z,IL,referral
105455,2025-08-26T12:51:41Z,MI,partner
105456,2025-07-09T07:28:57Z,CA,referral
105457,2026-02-25T10:48:27Z,SC,paid_social
105458,2026-02-24T13:11:40Z,NY,referral
105459,2026-02-10T06:02:42Z,OH,organic
105460,2025-10-31T01:18:52Z,OH,partner
105461,2025-11-10T05:09:24Z,in,partner
105462,2025-09-08T02:23:29Z,CA,school_email
105463,2025-11-18T05:45:49Z,TX,referral
105464,2025-06-02T00:13:06Z,WA,paid_social
105465,2025-05-24T04:36:34Z,KY,referral
105466,2025-12-18T13:04:10Z,SC,organic
105467,2026-02-22T21:23:49Z,CA,referral
105468,2025-05-30T04:43:12Z,AL,school_email
105469,2025-08-05T11:06:05Z,TN,app_store
105470,2026-01-19T00:36:33Z,pa,organic
105471,2025-10-08T07:35:12Z,IN,organic
105472,2025-11-16T13:06:02Z,AL,partner
105473,2025-07-22T23:08:02Z,WI,partner
105474,2026-01-14T19:15:16Z,IN,organic
105475,2025-11-11T08:23:07Z,sc,referral
105476,2025-08-21T12:24:59Z,GA,school_email
105477,2025-11-11T06:53:10Z,WI,referral
105478,2025-09-29T18:06:00Z,MI,referral
105479,2025-11-22T05:21:53Z,VA,paid_social
105480,2026-02-03T17:38:32Z,MI,paid_social
105481,2025-10-11T12:22:42Z,CA,partner
105482,2026-01-29T11:13:02Z,mi,partner
105483,2026-01-19T13:35:24Z,PA,referral
105484,2026-01-18T01:17:59Z,IN,school_email
105485,2026-02-13T16:55:19Z,pa,school_email
105486,2025-11-03T22:17:11Z,WI,school_email
105487,2025-12-27T00:47:17Z,KY,partner
105488,2025-08-22T11:08:56Z,WA,referral
105489,2025-12-29T09:41:15Z,WA,organic
105490,2026-02-06T10:18:52Z,CA,referral
105491,2025-12-17T02:06:04Z,TX,school_email
105492,2025-12-24T22:30:29Z,oh,organic
105493,2025-10-21T08:28:55Z,VA,referral
105494,2026-01-22T07:29:40Z,MN,referral
105495,2025-09-15T14:27:15Z,sc,organic
105496,2026-01-15T13:02:58Z,AL,organic
105497,2025-11-16T19:47:17Z,NY,app_store
105498,2025-06-30T18:47:08Z,TN,school_email
105499,2025-08-12T17:09:27Z,Texas,referral
105500,2025-09-17T02:20:20Z,MI,school_email
105501,2025-05-25T15:30:33Z,MN,school_email
105502,2025-09-21T06:08:43Z,WI,organic
105503,2025-11-24T18:08:27Z,MO,partner
105504,2026-02-11T00:57:08Z,AL,app_store
105505,2026-01-20T22:56:43Z,SC,referral
105506,2025-12-13T21:20:26Z,AL,paid_social
105507,2026-02-08T02:58:54Z,IL,app_store
105508,2025-05-10T07:48:31Z,OH,school_email
105509,2025-06-18T00:25:05Z,OH,school_email
105510,2025-08-12T10:12:18Z,FL,organic
105511,2025-09-02T08:16:56Z,MO,referral
105512,2026-01-31T18:55:17Z,IL,app_store
105513,2025-11-08T06:05:35Z,PA,app_store
105514,2026-01-07T01:14:30Z,MO,paid_social
105515,2025-07-22T13:15:49Z,NY,app_store
105516,2025-07-31T02:43:12Z,FL,partner
105517,2025-07-31T10:10:22Z,IN,paid_social
105518,2025-08-21T17:13:34Z,GA,partner
105519,2025-12-02T16:43:35Z,VA,organic
105520,2025-08-26T15:16:43Z,OH,school_email
105521,2025-11-24T07:11:45Z,NY,partner
105522,2025-08-09T12:13:28Z,OH,organic
105523,2025-07-02T15:23:13Z,fl,referral
105524,2025-11-21T06:15:12Z,WA,app_store
105525,2025-05-25T09:26:30Z,AL,paid_social
105526,2025-10-13T13:52:36Z,CA,school_email
105527,2025-10-15T11:38:22Z,IL,paid_social
105528,2025-06-30T00:13:21Z,AL,organic
105529,2026-02-21T23:48:22Z,VA,referral
105530,2025-07-11T19:00:12Z,SC,partner
105531,2025-09-08T07:18:03Z,MO,paid_social
105532,2025-12-17T06:01:41Z,MN,paid_social
105533,2025-08-26T04:18:58Z,GA,paid_social
105534,2026-01-10T20:01:02Z,VA,organic
105535,2026-02-25T12:56:59Z,WA,app_store
105536,2025-11-17T04:59:48Z,WA,paid_social
105537,2025-08-16T01:55:48Z,SC,app_store
105538,2025-07-17T06:12:58Z,MO,paid_social
105539,2025-07-19T06:11:20Z,SC,app_store
105540,2025-11-03T04:35:15Z,ga,organic
105541,2025-08-12T04:14:30Z,TN,paid_social
105542,2025-06-04T08:01:03Z,SC,school_email
105543,2026-01-20T17:06:46Z,MI,app_store
105544,2025-09-16T02:42:04Z,AL,school_email
105545,2026-02-11T18:13:26Z,SC,school_email
105546,2026-01-16T07:40:51Z,TN,organic
105547,2026-01-19T16:31:51Z,MN,organic
105548,2025-09-12T03:14:16Z,OH,app_store
105549,2026-02-09T09:11:38Z,GA,partner
105550,2025-05-10T17:22:32Z,FL,referral
105551,2025-10-01T22:10:22Z,VA,app_store
105552,2025-10-22T21:28:04Z,SC,app_store
105553,2025-11-20T04:24:52Z,MI,school_email
105554,2025-11-02T11:47:09Z,CA,app_store
105555,2025-08-06T15:27:47Z,AL,paid_social
105556,2026-01-28T12:21:00Z,SC,referral
105557,2026-01-14T05:33:56Z,WI,partner
105558,2025-05-19T05:21:42Z,IL,paid_social
105559,2025-12-08T07:09:10Z,VA,organic
105560,2025-06-24T17:04:28Z,IL,referral
105561,2026-01-01T13:28:14Z,GA,app_store
105562,2025-07-14T18:41:40Z,MI,partner
105563,2026-02-10T21:01:15Z,WA,referral
105564,2025-06-21T13:31:44Z,AL,paid_social
105565,2025-07-23T22:19:31Z,GA,paid_social
105566,2025-06-02T06:22:13Z,WI,organic
105567,2026-01-18T18:56:28Z,MO,app_store
105568,2025-07-16T05:13:05Z,WA,school_email
105569,2025-07-22T06:02:45Z,WI,app_store
105570,2025-10-17T05:50:34Z,MO,partner
105571,2025-08-14T04:21:44Z,KY,referral
105572,2025-06-23T20:08:50Z,CA,referral
105573,2025-06-10T23:57:56Z,IN,referral
105574,2025-11-16T01:42:13Z,IL,school_email
105575,2025-08-18T16:31:46Z,MO,organic
105576,2025-05-06T06:48:07Z,WI,organic
105577,2026-01-15T07:25:30Z,KY,app_store
105578,2025-07-12T06:33:22Z,OH,organic
105579,2025-11-17T17:01:47Z,KY,organic
105580,2025-07-19T09:23:42Z,TN,organic
105581,2025-10-04T18:47:19Z,MO,partner
105582,2025-10-03T17:08:07Z,FL,referral
105583,2025-08-02T05:57:11Z,GA,school_email
105584,2025-07-24T09:16:52Z,SC,referral
105585,2026-02-13T14:23:28Z,CA,organic
105586,2025-12-09T15:51:05Z,GA,referral
105587,2025-10-18T21:17:50Z,VA,paid_social
105588,2025-08-17T02:58:55Z,SC,referral
105589,2025-05-09T04:47:59Z,NY,school_email
105590,2025-05-18T04:47:11Z,VA,referral
105591,2026-01-09T06:17:21Z,GA,paid_social
105592,2025-07-28T10:01:32Z,SC,app_store
105593,2025-06-30T04:18:03Z,IL,partner
105594,2025-05-25T22:01:16Z,WI,organic
105595,2025-07-31T19:53:01Z,IL,school_email
105596,2026-01-03T17:28:17Z,MO,organic
105597,2025-10-14T00:25:40Z,VA,paid_social
105598,2025-11-26T02:18:24Z,KY,organic
105599,2025-12-02T20:20:28Z,WI,partner
105600,2025-05-07T02:03:58Z,NY,paid_social
105601,2025-08-08T12:21:32Z,WI,app_store
105602,2026-01-08T09:34:17Z,GA,app_store
105603,2025-05-18T21:35:32Z,AL,app_store
105604,2025-11-21T03:01:43Z,SC,paid_social
105605,2025-08-11T14:45:12Z,MO,paid_social
105606,2025-06-25T23:01:58Z,IN,school_email
105607,2025-12-02T17:06:13Z,IN,app_store
105608,2026-02-08T13:02:29Z,NC,partner
105609,2025-10-12T18:38:14Z,VA,organic
105610,2026-02-15T23:19:41Z,SC,partner
105611,2026-02-25T22:55:24Z,PA,referral
105612,2025-12-19T18:46:28Z,CA,paid_social
105613,2025-09-20T14:08:58Z,AL,app_store
105614,2025-07-09T10:44:26Z,VA,paid_social
105615,2026-02-17T21:32:20Z,IL,referral
105616,2026-01-10T05:38:12Z,VA,paid_social
105617,2025-07-08T09:56:17Z,WI,organic
105618,2025-05-28T21:56:17Z,TN,partner
105619,2025-06-23T12:39:23Z,va,partner
105620,2025-11-25T00:00:54Z,IL,school_email
105621,2025-11-29T00:20:03Z,WI,partner
105622,2026-01-07T20:51:44Z,il,organic
105623,2026-01-17T13:36:28Z,GA,referral
105624,2025-07-04T07:13:59Z,WI,partner
105625,2025-05-09T07:08:02Z,NY,organic
105626,2025-11-22T21:29:25Z,SC,paid_social
105627,2025-11-16T23:09:45Z,IL,referral
105628,2026-02-14T00:59:23Z,TX,app_store
105629,2025-07-09T03:44:39Z,CA,partner
105630,2025-12-20T01:29:33Z,VA,partner
105631,2026-01-19T19:42:53Z,OH,paid_social
105632,2025-05-06T03:03:34Z,MN,paid_social
105633,2026-01-06T11:05:51Z,FL,school_email
105634,2026-01-06T19:38:20Z,MN,school_email
105635,2026-01-08T06:49:44Z,NC,organic
105636,2025-12-17T22:20:27Z,KY,school_email
105637,2025-11-14T17:26:55Z,AL,paid_social
105638,2025-07-18T10:11:52Z,MO,partner
105639,2025-10-12T18:25:42Z,WI,app_store
105640,2025-09-17T04:52:03Z,NY,partner
105641,2025-12-09T11:29:31Z,NY,referral
105642,2025-08-11T13:20:45Z,MI,organic
105643,2026-02-05T04:37:42Z,CA,referral
105644,2026-02-25T04:02:08Z,OH,partner
105645,2025-06-04T05:50:17Z,IN,paid_social
105646,2026-02-07T23:12:20Z,SC,organic
105647,2025-12-29T15:43:43Z,ga,partner
105648,2025-12-28T19:50:24Z,WA,partner
105649,2025-11-01T05:58:10Z,NY,school_email
105650,2025-09-25T04:15:51Z,SC,school_email
105651,2025-07-15T10:28:53Z,FL,partner
105652,2025-06-05T02:36:17Z,AL,referral
105653,2025-06-03T14:46:41Z,MN,app_store
105654,2025-10-12T04:40:03Z,IN,paid_social
105655,2025-06-15T07:32:56Z,Florida,organic
105656,2026-01-19T22:45:44Z,TX,school_email
105657,2025-05-10T19:56:58Z,MO,app_store
105658,2025-12-22T16:00:54Z,TX,referral
105659,2026-02-07T23:49:14Z,sc,school_email
105660,2025-12-10T21:19:30Z,MN,app_store
105661,2025-08-02T18:15:54Z,IN,app_store
105662,2025-07-28T18:16:10Z,IL,organic
105663,2025-10-23T07:35:13Z,IN,school_email
105664,2026-02-20T00:44:18Z,IN,school_email
105665,2025-07-18T06:39:26Z,MI,organic
105666,2025-10-16T05:59:07Z,PA,paid_social
105667,2025-05-24T16:19:27Z,CA,paid_social
105668,2026-02-11T07:16:28Z,AL,app_store
105669,2025-05-20T11:14:45Z,AL,referral
105670,2025-10-13T13:05:08Z,IN,paid_social
105671,2025-07-03T08:46:55Z,GA,referral
105672,2025-09-19T12:05:34Z,SC,school_email
105673,2025-05-10T00:39:01Z,GA,partner
105674,2025-09-15T14:52:26Z,SC,partner
105675,2025-09-25T02:14:55Z,KY,referral
105676,2025-09-19T00:27:11Z,IL,school_email
105677,2025-09-10T07:46:32Z,KY,app_store
105678,2025-11-26T10:36:18Z,GA,school_email
105679,2025-09-30T22:51:22Z,IN,paid_social
105680,2025-05-24T14:04:11Z,MO,app_store
105681,2025-12-20T04:53:05Z,MN,paid_social
105682,2026-01-11T11:55:38Z,WA,organic
105683,2025-07-14T01:52:08Z,mn,app_store
105684,2025-07-11T07:31:31Z,OH,partner
105685,2026-02-12T18:30:19Z,PA,organic
105686,2025-07-27T21:00:05Z,MI,organic
105687,2026-02-20T09:29:32Z,WI,school_email
105688,2026-01-18T19:04:01Z,mi,partner
105689,2025-05-04T02:32:25Z,OH,app_store
105690,2026-01-04T09:41:16Z,CA,paid_social
105691,2025-05-19T09:48:11Z,WA,app_store
105692,2025-06-18T23:26:21Z,OH,partner
105693,2025-12-31T13:48:17Z,VA,referral
105694,2026-01-05T07:05:01Z,SC,app_store
105695,2025-05-18T10:30:30Z,WI,app_store
105696,2025-06-23T14:03:26Z,IL,organic
105697,2025-08-02T22:21:00Z,TX,organic
105698,2025-10-28T05:22:49Z,PA,school_email
105699,2025-12-04T03:04:39Z,MO,partner
105700,2026-01-05T10:46:07Z,IL,school_email
105701,2025-11-14T04:40:07Z,FL,referral
105702,2025-12-14T13:01:17Z,OH,paid_social
105703,2025-11-30T02:07:56Z,SC,paid_social
105704,2025-10-21T11:33:40Z,VA,paid_social
105705,2025-09-14T21:06:37Z,FL,paid_social
105706,2025-09-12T18:27:39Z,AL,school_email
105707,2025-12-03T11:12:28Z,CA,app_store
105708,2025-10-10T22:31:44Z,KY,referral
105709,2025-12-28T11:48:37Z,FL,organic
105710,2025-06-13T02:27:34Z,PA,paid_social
105711,2026-01-27T16:04:09Z,fl,partner
105712,2025-11-06T10:16:45Z,VA,organic
105713,2026-02-16T13:31:36Z,oh,organic
105714,2026-01-20T12:27:50Z,MN,app_store
105715,2025-08-19T10:26:40Z,KY,referral
105716,2025-10-14T02:59:15Z,VA,organic
105717,2025-07-14T19:19:29Z,OH,school_email
105718,2025-12-27T09:52:21Z,NC,organic
105719,2025-07-06T12:27:51Z,AL,referral
105720,2025-11-27T14:45:36Z,CA,school_email
105721,2025-11-15T01:53:06Z,NC,referral
105722,2025-10-22T05:46:20Z,TN,partner
105723,2026-01-09T19:17:44Z,TN,partner
105724,2025-08-30T06:12:51Z,VA,referral
105725,2025-09-27T05:22:21Z,MO,partner
105726,2025-09-03T15:40:56Z,AL,partner
105727,2026-02-16T03:58:10Z,KY,referral
105728,2026-01-28T12:59:26Z,IL,partner
105729,2025-06-06T05:03:59Z,GA,referral
105730,2026-01-06T01:28:16Z,TN,referral
105731,2025-10-25T06:03:56Z,OH,school_email
105732,2025-12-18T18:18:10Z,MO,partner
105733,2025-06-06T01:56:27Z,KY,organic
105734,2025-07-05T19:47:15Z,WI,referral
105735,2025-12-04T11:00:30Z,GA,paid_social
105736,2025-07-26T03:33:39Z,GA,partner
105737,2025-08-29T08:40:58Z,NC,paid_social
105738,2025-12-19T05:38:56Z,TN,referral
105739,2025-09-12T07:44:59Z,MN,referral
105740,2025-09-23T02:55:23Z,IN,app_store
105741,2025-09-10T19:44:53Z,PA,partner
105742,2025-09-11T21:35:32Z,WI,partner
105743,2025-09-23T09:54:57Z,TN,school_email
105744,2025-06-24T18:34:50Z,TX,organic
105745,2026-02-20T14:09:42Z,AL,school_email
105746,2025-08-25T05:32:59Z,NY,partner
105747,2025-11-20T12:26:58Z,WI,organic
105748,2025-08-27T08:32:42Z,VA,partner
105749,2025-12-31T23:34:12Z,MO,organic
105750,2026-02-02T20:39:18Z,MO,paid_social
105751,2025-09-16T20:31:45Z,GA,app_store
105752,2025-12-04T15:14:43Z,OH,app_store
105753,2025-08-18T05:49:58Z,WI,paid_social
105754,2026-01-26T08:40:09Z,FL,referral
105755,2025-06-24T10:10:45Z,SC,paid_social
105756,2026-01-10T23:57:23Z,GA,organic
105757,2025-05-15T10:57:01Z,MI,paid_social
105758,2025-09-11T10:13:19Z,VA,school_email
105759,2025-09-24T08:58:05Z,IN,partner
105760,2025-06-11T16:28:48Z,KY,paid_social
105761,2025-09-08T09:02:06Z,AL,paid_social
105762,2025-10-25T06:34:56Z,FL,partner
105763,2026-02-15T11:27:30Z,NC,organic
105764,2025-12-23T18:23:41Z,IL,app_store
105765,2025-10-22T04:40:53Z,SC,app_store
105766,2026-01-17T23:58:54Z,KY,school_email
105767,2025-08-22T10:29:04Z,NC,referral
105768,2025-08-29T00:21:09Z,MN,organic
105769,2025-05-22T03:50:45Z,NY,school_email
105770,2025-09-06T04:39:32Z,CA,referral
105771,2025-08-14T22:02:23Z,FL,organic
105772,2025-11-10T00:45:47Z,PA,referral
105773,2025-10-04T14:41:33Z,IL,app_store
105774,2025-08-06T14:50:53Z,AL,paid_social
105775,2026-01-04T16:13:51Z,NY,organic
105776,2025-10-02T10:17:43Z,TX,app_store
105777,2025-06-21T21:49:58Z,MN,app_store
105778,2026-01-30T20:53:30Z,KY,app_store
105779,2025-12-06T17:14:08Z,IL,school_email
105780,2025-09-26T03:51:01Z,MN,paid_social
105781,2025-08-17T04:05:07Z,PA,app_store
105782,2025-10-11T13:08:27Z,AL,partner
105783,2025-08-16T20:04:07Z,NY,paid_social
105784,2025-06-24T03:49:00Z,NC,organic
105785,2026-02-05T02:57:19Z,GA,app_store
105786,2025-05-27T03:07:30Z,OH,school_email
105787,2026-01-14T10:17:14Z,NC,school_email
105788,2025-07-28T00:25:02Z,TN,school_email
105789,2025-07-11T16:52:04Z,MO,referral
105790,2025-11-05T06:08:33Z,PA,paid_social
105791,2025-07-20T14:58:26Z,TX,organic
105792,2025-10-25T20:59:12Z,NC,referral
105793,2025-09-27T20:59:30Z,CA,paid_social
105794,2025-12-16T04:41:43Z,MI,school_email
105795,2025-07-16T21:14:32Z,TX,organic
105796,2025-08-19T02:06:21Z,IL,partner
105797,2025-06-17T19:43:05Z,TX,app_store
105798,2025-05-06T04:21:46Z,TX,school_email
105799,2025-10-07T10:44:48Z,NC,organic
105800,2025-07-17T16:18:06Z,OH,partner
105801,2025-05-05T11:06:06Z,mo,school_email
105802,2025-09-22T15:00:34Z,mo,organic
105803,2025-07-26T02:06:33Z,PA,partner
105804,2025-08-15T23:45:30Z,MI,school_email
105805,2026-01-12T20:35:12Z,GA,partner
105806,2026-02-15T05:34:39Z,TX,partner
105807,2025-07-28T15:23:40Z,IL,partner
105808,2025-08-12T10:02:58Z,CA,school_email
105809,2025-07-23T14:58:55Z,MN,school_email
105810,2025-09-23T07:59:25Z,IL,school_email
105811,2025-07-11T02:43:28Z,mn,paid_social
105812,2025-09-02T16:15:51Z,Ga.,school_email
105813,2025-09-08T17:36:04Z,AL,organic
105814,2025-12-09T18:02:27Z,WA,partner
105815,2025-12-18T16:41:19Z,SC,app_store
105816,2025-06-01T19:31:18Z,PA,partner
105817,2025-10-24T18:06:10Z,CA,referral
105818,2025-11-29T09:15:22Z,PA,referral
105819,2025-06-25T17:36:05Z,OH,app_store
105820,2025-05-18T20:28:53Z,MO,partner
105821,2025-06-23T07:56:27Z,OH,paid_social
105822,2025-10-27T16:43:34Z,ca,organic
105823,2025-08-30T08:52:15Z,TN,organic
105824,2025-10-22T08:52:07Z,NC,app_store
105825,2025-12-24T07:22:36Z,MI,organic
105826,2025-10-20T19:46:49Z,MN,partner
105827,2026-01-24T08:13:27Z,wi,school_email
105828,2026-01-23T07:26:24Z,sc,paid_social
105829,2026-02-22T04:09:40Z,NC,paid_social
105830,2025-11-15T15:05:38Z,SC,partner
105831,2026-02-09T07:04:47Z,VA,referral
105832,2025-08-30T07:07:22Z,WI,app_store
105833,2025-07-02T22:22:26Z,VA,organic
105834,2026-01-21T23:45:05Z,tn,partner
105835,2026-01-31T10:07:43Z,WA,school_email
105836,2025-10-11T15:49:36Z,TX,paid_social
105837,2025-11-30T03:58:06Z,GA,paid_social
105838,2025-08-29T12:39:16Z,KY,referral
105839,2025-10-14T20:05:59Z,NC,paid_social
105840,2025-08-19T18:35:53Z,NY,referral
105841,2025-12-22T08:24:50Z,WI,organic
105842,2026-01-28T01:16:36Z,OH,app_store
105843,2026-01-21T23:29:57Z,MN,app_store
105844,2025-11-11T01:14:58Z,NY,school_email
105845,2026-02-06T10:04:59Z,MO,paid_social
105846,2025-07-24T17:42:47Z,CA,partner
105847,2025-10-28T03:46:14Z,PA,app_store
105848,2026-01-12T18:35:47Z,FL,referral
105849,2026-02-11T02:19:39Z,IN,app_store
105850,2025-11-18T16:41:42Z,IN,partner
105851,2026-01-20T12:10:52Z,MI,school_email
105852,2026-01-24T20:05:11Z,mn,referral
105853,2025-07-03T04:30:51Z,MN,school_email
105854,2025-07-25T07:47:11Z,AL,referral
105855,2025-10-13T17:23:01Z,NC,partner
105856,2025-09-04T01:40:37Z,FL,organic
105857,2025-12-14T07:13:31Z,TX,referral
105858,2025-09-21T15:49:07Z,NY,partner
105859,2025-06-16T15:33:19Z,WI,paid_social
105860,2025-05-16T14:06:13Z,TN,partner
105861,2025-08-10T21:20:01Z,FL,paid_social
105862,2025-08-16T18:18:21Z,MO,organic
105863,2025-11-18T09:13:14Z,FL,referral
105864,2025-08-01T20:15:56Z,OH,paid_social
105865,2025-12-21T22:18:11Z,Texas,app_store
105866,2025-10-18T14:16:03Z,TN,organic
105867,2025-05-24T02:00:31Z,IL,referral
105868,2025-08-13T00:29:16Z,TX,referral
105869,2026-01-28T14:59:43Z,ca,paid_social
105870,2025-05-17T03:53:00Z,IN,school_email
105871,2025-09-16T09:41:30Z,MO,organic
105872,2025-07-18T09:44:18Z,SC,referral
105873,2026-01-13T03:26:33Z,FL,organic
105874,2025-09-23T07:00:53Z,TN,app_store
105875,2026-02-08T03:04:14Z,IN,school_email
105876,2025-12-28T07:29:15Z,FL,paid_social
105877,2025-06-24T01:23:14Z,KY,school_email
105878,2026-01-26T04:54:29Z,MO,organic
105879,2025-12-28T01:43:29Z,CA,organic
105880,2025-06-13T21:50:45Z,MI,app_store
105881,2025-12-02T04:25:28Z,MI,paid_social
105882,2025-12-16T00:28:21Z,IL,organic
105883,2025-06-03T00:05:09Z,NC,paid_social
105884,2025-05-29T05:40:07Z,MN,partner
105885,2025-07-23T14:52:55Z,WI,referral
105886,2025-10-16T04:26:34Z,TX,paid_social
105887,2025-05-07T16:34:43Z,KY,referral
105888,2025-07-24T06:04:07Z,AL,organic
105889,2026-02-15T13:25:37Z,IL,app_store
105890,2025-06-09T09:30:32Z,TX,school_email
105891,2025-09-25T18:31:35Z,il,referral
105892,2025-10-07T16:37:35Z,FL,referral
105893,2025-11-27T16:53:57Z,WA,app_store
105894,2026-01-20T07:32:42Z,MN,partner
105895,2025-06-16T23:59:48Z,VA,partner
105896,2026-02-04T21:37:45Z,IL,organic
105897,2025-06-09T06:36:00Z,TN,paid_social
105898,2025-10-04T00:02:01Z,NC,organic
105899,2026-02-23T00:08:18Z,TX,paid_social
105900,2026-01-02T02:28:02Z,FL,paid_social
105901,2025-08-15T18:30:17Z,WI,organic
105902,2025-10-05T03:12:20Z,oh,organic
105903,2025-06-26T04:56:17Z,AL,school_email
105904,2025-06-13T20:47:57Z,TX,paid_social
105905,2025-08-07T11:14:36Z,ga,school_email
105906,2025-12-19T12:06:54Z,TX,referral
105907,2025-12-24T16:08:40Z,IN,school_email
105908,2025-06-22T10:59:47Z,IN,partner
105909,2025-08-18T03:19:39Z,MN,school_email
105910,2025-06-08T12:57:48Z,IL,paid_social
105911,2026-01-21T16:52:32Z,GA,app_store
105912,2025-12-30T17:00:32Z,CA,paid_social
105913,2025-09-27T17:52:32Z,PA,referral
105914,2025-11-21T00:56:41Z,KY,paid_social
105915,2026-01-12T12:18:20Z,TX,referral
105916,2025-10-11T07:23:15Z,MN,school_email
105917,2025-09-12T22:57:09Z,KY,referral
105918,2025-06-06T20:05:14Z,WI,school_email
105919,2025-08-19T05:58:54Z,IN,referral
105920,2025-12-08T08:43:12Z,WA,app_store
105921,2025-11-21T03:27:18Z,MO,partner
105922,2025-12-01T21:06:36Z,PA,app_store
105923,2025-09-02T16:09:50Z,KY,partner
105924,2025-11-13T13:52:03Z,mn,paid_social
105925,2026-02-21T07:47:06Z,MO,paid_social
105926,2025-09-20T20:42:16Z,GA,referral
105927,2026-02-16T03:52:34Z,IL,paid_social
105928,2025-11-24T17:01:33Z,MI,school_email
105929,2026-02-04T21:26:18Z,TN,partner
105930,2026-02-20T11:57:10Z,CA,paid_social
105931,2025-11-14T12:40:56Z,OH,partner
105932,2025-07-26T18:19:56Z,WI,partner
105933,2025-11-12T17:04:49Z,GA,school_email
105934,2025-06-04T01:56:11Z,FL,partner
105935,2025-10-08T19:00:42Z,SC,partner
105936,2025-05-29T07:26:36Z,GA,school_email
105937,2025-05-22T16:04:55Z,PA,referral
105938,2026-02-20T14:54:43Z,AL,referral
105939,2026-01-16T13:27:06Z,AL,organic
105940,2025-12-24T07:17:47Z,IN,paid_social
105941,2025-10-13T17:37:14Z,TN,school_email
105942,2025-12-09T08:42:52Z,TN,school_email
105943,2025-11-27T05:07:41Z,OH,app_store
105944,2025-07-06T12:34:20Z,mi,app_store
105945,2025-10-31T21:25:14Z,IL,paid_social
105946,2025-05-17T00:00:45Z,mn,partner
105947,2025-11-05T23:24:21Z,VA,paid_social
105948,2025-08-27T18:19:20Z,NY,organic
105949,2025-08-11T00:14:05Z,SC,app_store
105950,2025-06-23T02:03:42Z,OH,app_store
105951,2026-02-21T22:58:57Z,NY,partner
105952,2025-11-14T01:07:31Z,KY,paid_social
105953,2026-01-04T16:59:22Z,wi,referral
105954,2026-02-01T13:55:42Z,IN,school_email
105955,2025-11-05T05:28:07Z,MN,partner
105956,2026-02-19T13:29:09Z,IN,referral
105957,2025-11-27T12:18:20Z,AL,partner
105958,2025-11-12T17:31:34Z,GA,organic
105959,2025-09-12T03:02:33Z,NC,partner
105960,2025-07-03T15:56:01Z,MO,referral
105961,2025-09-08T14:30:21Z,VA,school_email
105962,2026-01-22T15:33:42Z,tn,referral
105963,2026-02-17T13:10:14Z,WA,organic
105964,2025-11-17T03:32:49Z,SC,partner
105965,2025-10-12T11:16:48Z,MO,organic
105966,2025-06-09T11:07:20Z,FL,paid_social
105967,2026-01-23T18:17:48Z,SC,paid_social
105968,2025-05-11T16:49:39Z,MN,partner
105969,2025-06-08T05:41:45Z,IN,paid_social
105970,2025-12-10T00:44:09Z,TX,partner
105971,2025-05-31T19:01:00Z,GA,organic
105972,2025-06-25T17:50:42Z,TX,organic
105973,2025-11-09T01:17:12Z,TX,partner
105974,2025-12-28T17:18:23Z,SC,referral
105975,2025-11-07T03:39:34Z,SC,app_store
105976,2025-07-22T20:19:22Z,MO,partner
105977,2025-11-04T08:49:27Z,WA,app_store
105978,2026-01-29T10:04:31Z,MI,school_email
105979,2025-08-12T23:25:34Z,NC,app_store
105980,2025-06-23T00:44:20Z,CA,paid_social
105981,2025-08-02T20:10:21Z,FL,referral
105982,2025-11-05T06:43:08Z,AL,school_email
105983,2025-12-05T14:16:49Z,CA,paid_social
105984,2026-01-21T17:52:32Z,OH,organic
105985,2026-01-01T22:44:27Z,GA,organic
105986,2026-02-03T06:15:19Z,KY,partner
105987,2025-10-26T21:42:25Z,WA,referral
105988,2025-07-18T03:07:55Z,OH,referral
105989,2025-10-29T18:29:16Z,FL,paid_social
105990,2026-02-08T01:19:21Z,TX,organic
105991,2025-05-07T08:45:28Z,AL,app_store
105992,2025-08-16T02:55:24Z,PA,school_email
105993,2026-01-07T18:02:47Z,FL,paid_social
105994,2025-06-30T08:15:23Z,fl,organic
105995,2025-08-19T09:58:01Z,MO,paid_social
105996,2025-05-22T15:04:17Z,GA,organic
105997,2025-05-12T04:07:35Z,VA,referral
105998,2025-11-11T19:47:20Z,FL,school_email
105999,2025-10-19T23:19:54Z,VA,organic
106000,2025-11-20T09:57:29Z,OH,paid_social
106001,2025-12-05T12:50:14Z,OH,partner
106002,2026-01-28T14:22:38Z,TX,paid_social
106003,2025-12-08T03:41:49Z,MI,school_email
106004,2025-07-01T14:29:41Z,VA,paid_social
106005,2025-07-28T22:55:42Z,NY,paid_social
106006,2025-07-31T20:09:17Z,IN,organic
106007,2025-08-06T19:57:53Z,MO,partner
106008,2026-01-19T05:41:31Z,IL,organic
106009,2025-08-08T01:10:53Z,IL,school_email
106010,2025-10-02T16:44:24Z,VA,app_store
106011,2025-07-30T14:54:20Z,MN,partner
106012,2025-11-30T17:21:11Z,NC,partner
106013,2025-10-08T12:37:58Z,IL,school_email
106014,2025-05-26T19:32:36Z,IN,referral
106015,2025-10-03T23:30:56Z,CA,paid_social
106016,2025-08-07T05:48:04Z,MO,partner
106017,2025-05-11T07:12:31Z,TX,app_store
106018,2025-06-04T21:03:52Z,AL,referral
106019,2026-02-26T01:28:47Z,WI,app_store
106020,2025-05-21T06:39:53Z,MN,organic
106021,2025-10-02T21:24:10Z,NC,paid_social
106022,2025-08-19T01:25:46Z,KY,paid_social
106023,2025-05-21T17:17:32Z,NY,partner
106024,2025-06-27T23:16:45Z,SC,organic
106025,2025-11-27T05:31:49Z,MI,school_email
106026,2025-09-14T08:18:08Z,GA,paid_social
106027,2026-01-10T08:15:14Z,TX,referral
106028,2025-06-30T07:51:46Z,CA,partner
106029,2025-09-08T09:59:21Z,KY,app_store
106030,2025-08-27T19:17:35Z,WI,school_email
106031,2025-12-30T12:07:18Z,PA,referral
106032,2025-05-25T15:47:05Z,IN,organic
106033,2025-08-30T11:05:09Z,WI,organic
106034,2026-02-17T01:14:11Z,mi,partner
106035,2025-10-26T02:17:00Z,NY,partner
106036,2026-01-18T13:37:06Z,FL,referral
106037,2026-01-19T13:42:40Z,IL,referral
106038,2025-12-07T07:44:15Z,SC,partner
106039,2025-07-03T05:42:29Z,TX,app_store
106040,2025-06-27T12:02:06Z,KY,school_email
106041,2025-12-28T02:12:12Z,OH,referral
106042,2025-05-06T11:16:26Z,va,referral
106043,2026-02-09T20:25:19Z,OH,referral
106044,2025-06-25T23:06:20Z,OH,paid_social
106045,2025-10-27T10:28:39Z,OH,referral
106046,2025-11-24T12:36:37Z,TX,school_email
106047,2025-09-17T20:49:15Z,WI,app_store
106048,2025-10-02T09:09:48Z,KY,referral
106049,2025-08-22T02:24:52Z,MI,referral
106050,2025-08-15T15:19:42Z,NC,partner
106051,2025-07-24T22:54:53Z,PA,school_email
106052,2025-07-06T12:32:16Z,SC,paid_social
106053,2025-08-21T13:23:15Z,IN,organic
106054,2025-08-01T13:13:04Z,OH,app_store
106055,2025-11-25T22:05:53Z,NY,paid_social
106056,2026-02-13T01:12:02Z,TX,partner
106057,2025-06-27T01:59:22Z,FL,app_store
106058,2025-08-16T19:04:01Z,NC,app_store
106059,2025-10-31T01:01:20Z,NC,school_email
106060,2025-05-27T09:07:20Z,MN,referral
106061,2025-05-25T22:54:52Z,va,partner
106062,2025-08-22T20:34:21Z,IN,school_email
106063,2026-01-28T12:01:16Z,FL,referral
106064,2025-06-18T16:13:07Z,IL,app_store
106065,2025-10-28T02:11:14Z,MO,app_store
106066,2025-12-20T00:43:03Z,IL,paid_social
106067,2025-11-21T18:14:17Z,OH,app_store
106068,2025-11-04T11:55:52Z,VA,partner
106069,2025-09-15T09:20:36Z,GA,app_store
106070,2025-05-26T20:09:26Z,GA,organic
106071,2025-05-21T18:09:45Z,WA,partner
106072,2025-09-09T08:47:40Z,GA,partner
106073,2025-06-06T20:17:53Z,TX,app_store
106074,2025-12-15T13:13:35Z,AL,organic
106075,2025-12-07T00:39:41Z,AL,partner
106076,2025-08-28T20:14:01Z,NY,referral
106077,2025-11-05T10:23:52Z,OH,referral
106078,2025-07-30T20:46:17Z,OH,organic
106079,2025-05-10T13:51:11Z,WI,partner
106080,2025-11-18T20:53:20Z,VA,paid_social
106081,2025-08-27T06:56:21Z,KY,partner
106082,2025-05-16T17:30:42Z,ga,app_store
106083,2026-02-15T20:13:55Z,SC,app_store
106084,2025-11-29T02:38:43Z,OH,organic
106085,2025-09-05T04:56:36Z,NC,paid_social
106086,2025-12-20T09:20:56Z,MO,app_store
106087,2025-10-10T09:26:23Z,MI,partner
106088,2026-01-11T05:43:34Z,NC,school_email
106089,2026-01-12T12:11:36Z,PA,referral
106090,2025-09-04T15:08:40Z,MO,app_store
106091,2025-10-05T21:44:31Z,FL,school_email
106092,2025-07-23T10:20:33Z,TN,paid_social
106093,2026-01-24T14:51:27Z,FL,app_store
106094,2026-02-14T06:50:05Z,TN,school_email
106095,2026-02-24T02:08:35Z,WI,app_store
106096,2025-09-28T02:22:59Z,mo,school_email
106097,2025-10-10T05:51:16Z,OH,partner
106098,2025-10-21T09:11:36Z,CA,school_email
106099,2025-07-08T22:20:12Z,TN,app_store
106100,2026-02-20T22:47:38Z,MN,referral
106101,2025-12-18T04:37:13Z,TX,partner
106102,2025-08-08T13:12:05Z,TX,partner
106103,2025-11-02T03:51:43Z,Florida,partner
106104,2025-08-25T05:51:12Z,FL,paid_social
106105,2025-06-12T12:15:45Z,NY,organic
106106,2025-12-14T01:05:52Z,GA,school_email
106107,2025-12-05T20:14:55Z,AL,paid_social
106108,2025-06-02T04:45:06Z,TN,school_email
106109,2025-11-11T18:45:50Z,GA,referral
106110,2025-07-05T18:10:17Z,fl,referral
106111,2026-01-05T09:28:20Z,GA,school_email
106112,2025-11-17T09:55:19Z,NC,referral
106113,2025-07-21T23:27:07Z,FL,organic
106114,2026-02-14T03:05:44Z,VA,referral
106115,2025-12-05T00:51:29Z,MI,partner
106116,2026-01-14T21:53:13Z,MI,referral
106117,2025-07-16T07:10:39Z,MN,partner
106118,2025-08-28T23:41:50Z,MI,school_email
106119,2025-07-23T16:20:22Z,MN,school_email
106120,2025-09-25T12:37:25Z,in,partner
106121,2026-01-26T09:24:01Z,VA,organic
106122,2025-06-04T10:45:55Z,NC,referral
106123,2025-11-12T23:28:48Z,MO,partner
106124,2025-09-05T12:31:49Z,FL,referral
106125,2025-09-04T09:51:27Z,GA,partner
106126,2026-02-15T16:28:28Z,MN,school_email
106127,2025-05-25T08:12:30Z,KY,organic
106128,2025-09-05T04:30:59Z,CA,paid_social
106129,2025-09-25T15:40:39Z,SC,organic
106130,2025-08-04T12:18:06Z,MI,school_email
106131,2025-05-07T04:37:16Z,TN,referral
106132,2025-12-20T01:25:21Z,PA,paid_social
106133,2025-11-20T17:48:23Z,MI,school_email
106134,2025-12-27T15:16:55Z,OH,paid_social
106135,2025-06-28T01:56:43Z,TN,school_email
106136,2025-08-20T11:43:48Z,ny,referral
106137,2026-02-06T21:55:45Z,WI,paid_social
106138,2026-02-14T00:41:20Z,MO,school_email
106139,2025-10-15T12:13:58Z,TX,organic
106140,2025-07-27T22:08:28Z,TX,app_store
106141,2025-11-24T10:58:09Z,WI,organic
106142,2025-12-18T17:00:56Z,NY,app_store
106143,2025-05-09T00:12:56Z,KY,app_store
106144,2025-07-07T06:51:18Z,NY,referral
106145,2025-06-04T09:26:39Z,WI,organic
106146,2025-08-30T01:50:19Z,OH,partner
106147,2026-01-06T14:58:29Z,TX,app_store
106148,2025-08-02T15:12:21Z,MO,organic
106149,2025-05-30T11:59:22Z,WI,organic
106150,2025-09-11T13:19:59Z,fl,app_store
106151,2026-02-01T09:42:53Z,CA,referral
106152,2026-01-05T02:22:34Z,SC,referral
106153,2025-09-11T01:51:17Z,NY,referral
106154,2025-12-15T13:24:44Z,PA,referral
106155,2026-02-23T09:12:01Z,MN,referral
106156,2025-05-30T19:45:42Z,NC,referral
106157,2025-11-28T14:05:10Z,MI,organic
106158,2025-11-10T19:06:53Z,NY,partner
106159,2025-10-28T02:47:35Z,NY,paid_social
106160,2025-07-15T00:28:39Z,wa,organic
106161,2025-12-23T03:38:48Z,MI,referral
106162,2025-11-26T23:54:54Z,ca,referral
106163,2025-10-15T02:09:08Z,AL,school_email
106164,2026-02-20T11:41:40Z,OH,paid_social
106165,2025-09-03T13:20:51Z,MN,app_store
106166,2025-09-21T00:20:33Z,NY,referral
106167,2026-02-26T13:31:10Z,WA,school_email
106168,2025-05-31T15:21:00Z,FL,referral
106169,2025-11-28T09:52:30Z,GA,partner
106170,2025-11-15T15:58:17Z,AL,paid_social
106171,2025-07-06T00:50:37Z,CA,referral
106172,2025-08-27T11:47:14Z,TX,paid_social
106173,2025-12-28T11:04:31Z,FL,paid_social
106174,2025-10-23T05:13:06Z,va,referral
106175,2025-05-23T05:55:29Z,NY,referral
106176,2025-06-07T16:13:16Z,MN,referral
106177,2025-11-11T11:41:44Z,KY,paid_social
106178,2025-09-14T14:26:53Z,SC,partner
106179,2026-01-20T18:00:18Z,PA,school_email
106180,2025-08-28T15:36:24Z,AL,referral
106181,2025-05-19T21:37:55Z,KY,organic
106182,2025-05-07T15:51:45Z,OH,paid_social
106183,2025-10-26T17:40:57Z,TN,referral
106184,2026-02-09T13:09:43Z,AL,organic
106185,2025-12-27T01:14:02Z,VA,paid_social
106186,2025-12-01T14:36:22Z,MO,referral
106187,2025-07-31T13:26:47Z,IL,partner
106188,2025-11-29T15:29:49Z,IN,school_email
106189,2025-12-30T07:07:09Z,KY,app_store
106190,2025-11-03T02:39:38Z,WA,referral
106191,2025-11-05T11:25:36Z,GA,organic
106192,2025-11-12T01:07:56Z,AL,organic
106193,2025-06-23T06:52:51Z,IL,organic
106194,2025-05-18T08:28:06Z,ky,school_email
106195,2026-01-02T13:13:08Z,NC,organic
106196,2025-06-14T23:12:39Z,KY,app_store
106197,2025-09-10T05:31:32Z,TX,referral
106198,2025-09-19T10:44:02Z,Texas,referral
106199,2025-10-07T06:56:47Z,NY,referral
106200,2025-10-19T15:35:06Z,WI,school_email
106201,2025-10-14T12:11:46Z,WA,referral
106202,2025-09-30T01:50:56Z,MO,school_email
106203,2025-09-13T02:17:59Z,PA,partner
106204,2026-01-29T05:03:26Z,TN,organic
106205,2026-02-24T00:50:45Z,FL,referral
106206,2026-01-21T10:04:43Z,TX,partner
106207,2025-09-16T05:37:49Z,NY,referral
106208,2025-12-13T06:27:40Z,TN,app_store
106209,2026-02-24T20:10:04Z,FL,paid_social
106210,2025-10-08T13:30:20Z,PA,organic
106211,2025-06-03T17:00:59Z,VA,paid_social
106212,2025-10-18T22:11:31Z,CA,paid_social
106213,2025-11-21T23:20:25Z,WA,referral
106214,2025-07-22T19:35:02Z,IL,app_store
106215,2025-09-27T12:26:23Z,TX,organic
106216,2025-05-26T01:40:24Z,WI,school_email
106217,2025-09-15T04:31:54Z,IL,organic
106218,2025-08-01T19:26:55Z,PA,school_email
106219,2025-05-05T12:53:42Z,Texas,paid_social
106220,2026-02-04T08:06:48Z,MI,partner
106221,2025-11-24T22:34:34Z,PA,referral
106222,2025-06-15T18:36:39Z,MO,app_store
106223,2026-01-26T15:33:11Z,IN,referral
106224,2025-09-15T04:25:46Z,GA,paid_social
106225,2025-07-17T14:08:01Z,NC,partner
106226,2025-11-08T18:44:47Z,NY,referral
106227,2025-08-07T20:23:47Z,MN,partner
106228,2025-08-13T06:22:29Z,IL,school_email
106229,2025-06-05T08:55:59Z,PA,school_email
106230,2025-07-08T12:40:33Z,IL,referral
106231,2026-02-13T08:00:01Z,SC,organic
106232,2025-08-07T18:35:31Z,MI,paid_social
106233,2026-02-06T22:06:54Z,WI,referral
106234,2025-10-14T07:10:18Z,NC,partner
106235,2025-07-24T08:12:23Z,IN,app_store
106236,2025-08-01T06:22:46Z,ga,partner
106237,2025-08-16T19:54:48Z,MO,referral
106238,2025-08-11T23:58:01Z,IL,partner
106239,2025-09-30T14:07:35Z,PA,paid_social
106240,2025-11-10T22:46:19Z,MN,paid_social
106241,2025-10-10T16:14:38Z,AL,school_email
106242,2025-05-28T08:47:59Z,FL,school_email
106243,2025-07-12T13:31:03Z,SC,partner
106244,2025-12-10T09:12:43Z,WA,referral
106245,2025-06-09T12:13:25Z,WA,partner
106246,2025-10-07T19:33:04Z,CA,school_email
106247,2026-02-19T19:52:08Z,MN,referral
106248,2026-01-27T02:52:43Z,CA,school_email
106249,2025-06-26T00:56:40Z,MN,partner
106250,2025-11-29T08:21:02Z,SC,school_email
106251,2025-05-04T22:28:14Z,PA,partner
106252,2025-12-19T21:05:54Z,MI,school_email
106253,2025-07-15T17:16:34Z,SC,organic
106254,2026-01-01T13:41:31Z,GA,school_email
106255,2025-11-19T07:47:24Z,WI,paid_social
106256,2026-01-24T17:47:22Z,WA,paid_social
106257,2025-10-28T00:43:49Z,PA,organic
106258,2025-09-28T12:28:21Z,IL,partner
106259,2025-05-24T02:56:11Z,NY,school_email
106260,2025-12-08T06:18:25Z,NY,school_email
106261,2025-09-05T01:03:56Z,MN,school_email
106262,2025-07-05T09:18:28Z,WA,partner
106263,2025-05-26T07:54:16Z,CA,referral
106264,2025-05-04T00:38:49Z,NC,paid_social
106265,2025-06-28T10:21:29Z,WI,organic
106266,2025-11-17T00:01:45Z,TN,paid_social
106267,2025-11-08T09:47:08Z,TN,app_store
106268,2025-07-17T21:46:06Z,WA,paid_social
106269,2026-01-17T14:01:34Z,VA,app_store
106270,2025-07-05T10:17:46Z,MN,app_store
106271,2025-08-30T09:09:47Z,NC,referral
106272,2025-06-05T12:56:03Z,NC,paid_social
106273,2025-11-09T02:51:38Z,WI,referral
106274,2025-11-23T10:31:05Z,SC,app_store
106275,2026-02-19T04:05:53Z,OH,referral
106276,2025-09-29T05:31:29Z,OH,school_email
106277,2025-05-30T13:12:48Z,TN,paid_social
106278,2025-05-19T21:08:57Z,MO,referral
106279,2025-06-23T11:17:08Z,PA,partner
106280,2025-12-29T14:20:01Z,SC,referral
106281,2025-05-16T22:14:10Z,NC,referral
106282,2025-12-16T07:39:36Z,NY,organic
106283,2026-01-24T17:52:08Z,NC,organic
106284,2026-02-24T15:21:29Z,NY,paid_social
106285,2025-12-15T21:22:50Z,IL,app_store
106286,2025-05-10T11:16:52Z,TN,app_store
106287,2025-09-02T00:34:39Z,FL,referral
106288,2025-07-16T16:24:29Z,NC,partner
106289,2025-06-26T03:51:57Z,SC,partner
106290,2026-02-12T11:16:12Z,WI,partner
106291,2025-05-10T14:08:41Z,TN,app_store
106292,2025-10-04T13:19:33Z,SC,paid_social
106293,2025-12-22T08:57:38Z,OH,partner
106294,2026-02-04T14:26:25Z,CA,paid_social
106295,2026-01-20T18:52:33Z,MN,paid_social
106296,2025-10-20T01:02:57Z,TX,partner
106297,2025-05-06T09:52:29Z,PA,app_store
106298,2026-02-25T14:21:49Z,WA,paid_social
106299,2026-01-24T10:19:03Z,KY,partner
106300,2025-11-16T18:43:45Z,IN,school_email
106301,2026-02-23T12:36:28Z,OH,referral
106302,2025-12-31T04:45:57Z,NC,paid_social
106303,2026-02-19T04:49:48Z,TX,school_email
106304,2026-01-01T09:01:18Z,MI,paid_social
106305,2025-05-12T05:03:04Z,PA,organic
106306,2025-05-06T23:38:05Z,MI,organic
106307,2025-12-04T21:08:34Z,WI,app_store
106308,2025-09-21T04:49:18Z,VA,app_store
106309,2026-01-09T19:41:38Z,KY,organic
106310,2026-01-30T10:18:18Z,GA,organic
106311,2025-05-20T03:40:15Z,AL,app_store
106312,2025-12-24T06:15:02Z,NY,partner
106313,2025-07-27T23:08:43Z,WI,organic
106314,2025-07-23T04:01:29Z,MO,partner
106315,2025-10-30T05:56:27Z,AL,paid_social
106316,2026-02-16T09:16:00Z,IL,partner
106317,2025-05-09T14:06:59Z,VA,school_email
106318,2025-10-30T02:48:31Z,NY,partner
106319,2026-01-02T11:23:28Z,GA,app_store
106320,2025-09-07T03:38:51Z,WI,organic
106321,2025-10-13T03:49:25Z,IN,partner
106322,2025-10-02T05:39:40Z,Texas,paid_social
106323,2025-09-17T10:53:55Z,WI,paid_social
106324,2025-08-24T06:14:40Z,AL,partner
106325,2025-11-21T19:00:19Z,KY,organic
106326,2025-07-28T12:49:31Z,SC,partner
106327,2025-11-07T04:03:24Z,KY,referral
106328,2026-01-05T22:07:34Z,NC,partner
106329,2026-01-31T22:03:17Z,NC,organic
106330,2025-10-04T23:50:49Z,NC,school_email
106331,2025-07-31T08:07:46Z,MN,paid_social
106332,2025-10-15T06:34:27Z,MN,referral
106333,2025-09-24T22:25:14Z,AL,school_email
106334,2025-11-10T17:56:23Z,CA,paid_social
106335,2026-01-05T05:18:56Z,PA,referral
106336,2025-05-17T19:08:44Z,NC,partner
106337,2025-10-06T21:22:03Z,KY,referral
106338,2025-06-12T19:46:23Z,MO,app_store
106339,2026-01-28T04:17:26Z,MO,partner
106340,2025-06-27T21:53:29Z,NC,app_store
106341,2025-05-10T08:46:47Z,TN,referral
106342,2026-01-02T17:20:56Z,KY,organic
106343,2025-10-03T15:50:43Z,FL,app_store
106344,2025-12-16T20:52:23Z,AL,organic
106345,2025-06-09T06:07:59Z,NY,paid_social
106346,2026-02-11T15:21:26Z,NC,organic
106347,2025-10-18T16:55:03Z,VA,referral
106348,2025-05-24T06:49:04Z,SC,organic
106349,2025-07-24T22:35:57Z,MN,school_email
106350,2026-02-13T17:06:16Z,WA,paid_social
106351,2025-11-10T13:38:03Z,MO,partner
106352,2025-07-08T19:55:16Z,TX,school_email
106353,2025-07-10T09:39:10Z,CA,paid_social
106354,2025-09-13T12:57:03Z,MO,app_store
106355,2025-08-19T19:24:05Z,PA,app_store
106356,2026-02-18T15:02:09Z,PA,school_email
106357,2025-12-27T17:02:56Z,CA,partner
106358,2025-12-10T23:29:42Z,TX,referral
106359,2026-01-29T12:52:17Z,CA,organic
106360,2025-12-27T15:18:33Z,Ga.,paid_social
106361,2026-02-19T09:25:55Z,TN,partner
106362,2026-02-05T13:11:39Z,WA,school_email
106363,2026-02-07T05:36:57Z,AL,paid_social
106364,2025-07-21T20:28:54Z,VA,referral
106365,2026-01-16T04:21:01Z,MN,organic
106366,2025-12-31T06:29:42Z,CA,app_store
106367,2026-01-21T14:12:11Z,IL,referral
106368,2025-06-23T10:43:09Z,FL,organic
106369,2025-08-09T05:38:57Z,WA,organic
106370,2025-10-05T13:18:33Z,wa,school_email
106371,2025-06-11T00:44:34Z,VA,organic
106372,2025-08-17T12:18:53Z,GA,referral
106373,2026-02-25T15:58:42Z,IL,partner
106374,2025-07-02T10:19:50Z,SC,app_store
106375,2025-09-29T02:25:49Z,TN,organic
106376,2025-07-03T11:22:59Z,nc,referral
106377,2025-05-12T02:16:40Z,GA,app_store
106378,2025-09-07T14:26:17Z,AL,partner
106379,2026-01-01T08:27:15Z,WA,organic
106380,2025-08-20T22:43:26Z,IN,partner
106381,2025-05-23T07:41:09Z,GA,partner
106382,2025-06-12T14:00:32Z,IN,organic
106383,2025-08-14T10:05:01Z,ky,app_store
106384,2025-09-21T13:28:04Z,WI,referral
106385,2025-09-12T01:15:18Z,MO,school_email
106386,2025-08-28T00:06:05Z,NY,paid_social
106387,2025-07-22T04:20:23Z,IN,referral
106388,2026-01-05T02:48:12Z,NY,partner
106389,2025-07-12T01:30:09Z,IL,organic
106390,2025-12-29T22:52:34Z,CA,paid_social
106391,2025-11-10T16:03:44Z,MO,paid_social
106392,2026-02-13T01:10:33Z,WI,organic
106393,2025-11-19T04:39:54Z,TN,partner
106394,2025-10-15T00:10:57Z,MN,school_email
106395,2025-09-04T19:52:32Z,IL,partner
106396,2025-06-30T22:31:36Z,OH,app_store
106397,2025-06-11T01:27:55Z,WA,paid_social
106398,2025-08-11T21:04:42Z,MN,referral
106399,2025-09-19T04:14:59Z,VA,school_email
106400,2026-02-24T03:08:05Z,WI,partner
106401,2025-05-19T04:55:01Z,TN,organic
106402,2025-08-30T15:51:09Z,FL,school_email
106403,2025-11-26T15:17:39Z,TN,referral
106404,2025-09-28T19:56:30Z,VA,app_store
106405,2026-01-03T10:14:44Z,MI,partner
106406,2025-09-02T10:00:55Z,NY,app_store
106407,2025-11-17T16:21:45Z,PA,organic
106408,2025-05-10T10:03:30Z,WI,app_store
106409,2025-11-18T07:42:46Z,MO,partner
106410,2025-08-25T04:39:23Z,AL,paid_social
106411,2026-02-14T01:19:43Z,IL,school_email
106412,2025-08-06T09:26:44Z,WI,organic
106413,2026-02-13T22:03:18Z,SC,partner
106414,2025-05-30T11:00:00Z,VA,organic
106415,2025-09-01T01:59:22Z,SC,school_email
106416,2025-06-08T13:44:57Z,MN,paid_social
106417,2026-01-30T12:27:40Z,IN,school_email
106418,2026-02-18T14:57:05Z,FL,paid_social
106419,2025-11-29T22:42:17Z,il,organic
106420,2025-05-28T14:40:09Z,TN,referral
106421,2025-07-12T05:19:33Z,MI,app_store
106422,2025-09-13T02:34:19Z,VA,partner
106423,2025-07-27T13:52:51Z,PA,school_email
106424,2025-07-08T09:22:40Z,CA,app_store
106425,2025-11-16T12:09:12Z,KY,partner
106426,2025-12-03T20:57:47Z,VA,app_store
106427,2025-09-26T23:39:02Z,IL,partner
106428,2025-06-13T07:44:59Z,FL,app_store
106429,2025-11-29T10:42:32Z,KY,referral
106430,2025-09-27T04:41:54Z,WI,paid_social
106431,2025-11-03T22:13:42Z,CA,partner
106432,2025-05-23T07:42:55Z,SC,app_store
106433,2025-05-09T11:28:11Z,CA,organic
106434,2025-11-11T01:19:11Z,CA,partner
106435,2025-09-04T13:32:04Z,SC,partner
106436,2025-10-02T10:15:57Z,FL,paid_social
106437,2025-12-07T07:14:58Z,FL,organic
106438,2026-01-15T17:14:38Z,NC,app_store
106439,2025-07-09T18:31:02Z,wa,referral
106440,2025-06-17T04:50:54Z,OH,paid_social
106441,2025-09-15T00:46:58Z,WI,organic
106442,2025-10-31T04:40:15Z,IL,app_store
106443,2025-06-25T11:09:19Z,Texas,app_store
106444,2025-09-26T13:41:01Z,KY,school_email
106445,2026-02-05T03:46:33Z,MO,organic
106446,2025-07-01T07:42:25Z,WA,school_email
106447,2025-10-03T09:48:02Z,IL,organic
106448,2025-05-24T00:06:43Z,FL,paid_social
106449,2026-01-23T07:50:48Z,FL,organic
106450,2026-01-17T15:50:30Z,AL,paid_social
106451,2025-05-21T12:46:10Z,Florida,referral
106452,2025-10-14T21:45:40Z,GA,organic
106453,2025-06-05T01:14:08Z,TN,organic
106454,2026-01-02T10:00:27Z,FL,organic
106455,2025-11-03T11:55:10Z,SC,app_store
106456,2025-10-10T15:34:29Z,IL,organic
106457,2025-12-31T20:54:16Z,PA,paid_social
106458,2025-08-11T20:54:20Z,OH,app_store
106459,2025-05-09T18:34:48Z,GA,referral
106460,2025-12-27T08:58:11Z,TX,referral
106461,2025-09-13T02:12:50Z,IN,school_email
106462,2025-09-08T18:29:39Z,FL,paid_social
106463,2025-08-24T07:14:24Z,AL,school_email
106464,2025-09-04T23:38:13Z,AL,school_email
106465,2026-01-09T00:17:11Z,TX,school_email
106466,2026-02-07T10:13:52Z,IN,school_email
106467,2025-08-11T13:14:09Z,TN,referral
106468,2025-07-31T21:27:14Z,FL,partner
106469,2025-12-20T01:05:17Z,TN,partner
106470,2025-11-27T06:23:20Z,PA,partner
106471,2025-11-25T04:08:31Z,TN,partner
106472,2025-11-17T23:50:05Z,KY,school_email
106473,2025-12-24T00:34:44Z,NY,app_store
106474,2025-07-12T18:02:16Z,FL,partner
106475,2025-12-05T00:44:40Z,IL,organic
106476,2025-12-21T22:28:06Z,SC,partner
106477,2025-05-16T20:00:42Z,NY,organic
106478,2026-02-06T15:07:38Z,AL,school_email
106479,2025-11-08T06:07:25Z,WA,paid_social
106480,2025-09-09T03:12:25Z,MN,organic
106481,2025-09-12T18:43:11Z,MI,school_email
106482,2025-12-29T19:59:36Z,IN,referral
106483,2025-06-05T21:32:26Z,IN,paid_social
106484,2025-10-18T11:12:10Z,Florida,app_store
106485,2025-07-06T05:28:46Z,IL,app_store
106486,2025-06-16T13:45:40Z,AL,organic
106487,2025-06-04T22:53:05Z,IL,app_store
106488,2025-09-09T03:58:55Z,GA,partner
106489,2025-06-01T05:44:05Z,PA,school_email
106490,2026-01-22T05:04:29Z,AL,paid_social
106491,2025-09-01T02:09:38Z,NC,school_email
106492,2025-11-28T17:42:36Z,MO,organic
106493,2025-07-29T15:51:11Z,IN,app_store
106494,2026-01-24T02:15:02Z,TN,referral
106495,2025-11-26T14:07:11Z,GA,app_store
106496,2025-06-24T00:01:37Z,VA,organic
106497,2025-10-07T06:06:53Z,AL,referral
106498,2025-07-17T21:01:47Z,NC,referral
106499,2025-10-06T01:09:40Z,PA,organic
106500,2025-09-26T03:18:21Z,OH,organic
106501,2025-09-05T19:34:26Z,PA,app_store
106502,2025-05-30T04:02:40Z,MI,app_store
106503,2026-01-14T05:46:14Z,OH,school_email
106504,2025-07-03T07:48:17Z,tx,paid_social
106505,2025-11-01T09:54:33Z,MO,school_email
106506,2025-07-10T19:19:58Z,SC,organic
106507,2025-07-11T14:27:42Z,TX,school_email
106508,2025-06-14T20:32:06Z,MN,organic
106509,2025-06-17T15:37:48Z,NY,partner
106510,2025-07-14T18:10:28Z,PA,paid_social
106511,2026-02-22T09:06:34Z,TN,partner
106512,2026-02-27T06:58:49Z,MN,organic
106513,2025-06-24T06:41:03Z,Georgia,school_email
106514,2025-06-28T13:50:19Z,VA,school_email
106515,2025-11-08T04:38:58Z,WI,paid_social
106516,2025-11-20T12:04:25Z,OH,organic
106517,2025-09-23T04:08:25Z,FL,paid_social
106518,2025-05-16T23:54:47Z,OH,referral
106519,2025-07-18T11:45:33Z,SC,partner
106520,2026-02-24T22:54:11Z,FL,school_email
106521,2025-08-26T04:59:58Z,GA,school_email
106522,2025-09-30T13:50:53Z,AL,school_email
106523,2026-02-25T08:52:06Z,WI,partner
106524,2025-10-03T20:55:30Z,pa,school_email
106525,2026-01-21T11:47:29Z,TN,partner
106526,2025-06-07T10:00:32Z,MO,school_email
106527,2025-09-29T15:16:26Z,NY,school_email
106528,2025-09-02T17:26:26Z,MO,paid_social
106529,2025-12-31T08:23:52Z,TX,paid_social
106530,2026-01-31T22:14:02Z,TX,paid_social
106531,2025-10-20T03:13:31Z,MN,app_store
106532,2025-08-18T14:25:27Z,SC,referral
106533,2025-06-26T01:53:52Z,VA,partner
106534,2026-01-23T15:33:47Z,MO,school_email
106535,2025-08-24T03:47:47Z,SC,organic
106536,2025-07-28T04:36:37Z,GA,paid_social
106537,2025-09-15T16:00:25Z,OH,partner
106538,2025-09-24T10:02:32Z,MI,paid_social
106539,2025-08-11T10:06:55Z,OH,app_store
106540,2026-02-01T18:54:34Z,MN,organic
106541,2025-11-01T16:08:45Z,NC,partner
106542,2026-02-02T11:47:28Z,NY,app_store
106543,2025-05-08T00:46:55Z,NC,partner
106544,2025-10-04T08:09:52Z,WI,referral
106545,2025-05-08T10:51:41Z,IL,organic
106546,2025-06-05T19:28:14Z,VA,app_store
106547,2025-11-01T23:48:15Z,TN,partner
106548,2025-06-02T19:00:57Z,IL,app_store
106549,2025-05-26T10:12:29Z,OH,paid_social
106550,2025-06-07T01:31:55Z,MI,organic
106551,2025-08-24T08:04:39Z,IL,organic
106552,2025-09-03T11:11:25Z,MI,paid_social
106553,2026-02-27T06:08:46Z,NY,school_email
106554,2025-06-03T10:16:54Z,KY,organic
106555,2025-12-27T02:53:12Z,NC,partner
106556,2025-08-26T00:20:30Z,KY,app_store
106557,2025-05-10T03:01:33Z,WA,app_store
106558,2025-05-22T02:34:21Z,TN,organic
106559,2025-08-21T23:43:13Z,WA,organic
106560,2025-08-17T03:39:57Z,GA,school_email
106561,2026-02-19T22:19:07Z,NY,referral
106562,2025-07-21T03:29:08Z,TN,school_email
106563,2025-08-31T09:20:23Z,TX,referral
106564,2025-12-24T12:54:59Z,MI,organic
106565,2025-11-29T08:51:41Z,VA,referral
106566,2026-02-15T14:00:50Z,IL,paid_social
106567,2025-05-10T21:55:35Z,AL,paid_social
106568,2025-11-01T18:15:59Z,AL,referral
106569,2025-10-16T12:29:06Z,TN,app_store
106570,2025-07-14T20:54:38Z,NY,partner
106571,2025-07-01T19:11:51Z,IL,paid_social
106572,2025-09-03T00:55:46Z,NC,partner
106573,2025-12-01T20:00:22Z,FL,referral
106574,2026-01-23T04:43:03Z,PA,school_email
106575,2025-11-10T20:49:37Z,NC,referral
106576,2025-08-17T22:31:20Z,WI,organic
106577,2025-10-19T07:49:10Z,KY,school_email
106578,2025-10-14T16:19:55Z,AL,referral
106579,2026-02-01T07:34:43Z,NC,app_store
106580,2026-02-24T09:20:06Z,WI,app_store
106581,2025-07-26T02:28:41Z,va,app_store
106582,2025-09-09T18:11:22Z,AL,organic
106583,2025-06-04T11:14:40Z,MI,paid_social
106584,2026-02-18T17:19:43Z,GA,paid_social
106585,2025-06-23T19:34:32Z,TN,paid_social
106586,2025-12-21T02:54:49Z,MI,organic
106587,2025-09-03T17:55:06Z,NY,school_email
106588,2025-11-22T19:04:34Z,MI,referral
106589,2025-11-13T13:27:42Z,MI,paid_social
106590,2025-10-09T20:01:12Z,IL,partner
106591,2025-07-09T14:50:37Z,MO,partner
106592,2025-06-03T21:07:36Z,TN,school_email
106593,2026-01-12T05:09:20Z,MI,school_email
106594,2026-01-15T07:17:29Z,IL,partner
106595,2025-08-05T12:59:47Z,FL,partner
106596,2025-10-15T16:49:13Z,AL,app_store
106597,2025-11-29T04:12:00Z,GA,partner
106598,2026-01-16T01:24:40Z,KY,partner
106599,2026-02-09T14:41:46Z,NC,organic
106600,2025-09-06T05:30:04Z,MN,referral
106601,2026-02-04T03:35:40Z,SC,paid_social
106602,2025-08-21T10:03:34Z,AL,partner
106603,2025-12-02T20:29:35Z,wa,app_store
106604,2025-06-03T09:52:36Z,WI,partner
106605,2026-01-31T21:55:56Z,IL,school_email
106606,2025-10-09T05:58:47Z,WA,paid_social
106607,2025-06-15T23:05:53Z,PA,school_email
106608,2026-02-18T08:40:19Z,NY,partner
106609,2025-12-19T15:41:21Z,NC,app_store
106610,2025-08-29T15:12:49Z,NC,referral
106611,2025-12-21T11:29:59Z,IL,school_email
106612,2025-09-24T00:50:33Z,FL,paid_social
106613,2025-09-25T12:38:26Z,PA,paid_social
106614,2025-10-25T18:21:52Z,va,paid_social
106615,2025-05-19T17:20:11Z,VA,referral
106616,2025-09-12T03:53:54Z,ga,partner
106617,2026-01-27T02:13:32Z,NY,app_store
106618,2025-05-17T06:30:23Z,SC,app_store
106619,2025-08-23T07:18:21Z,TX,paid_social
106620,2025-10-12T18:09:35Z,PA,organic
106621,2025-12-01T01:17:22Z,al,partner
106622,2025-07-24T03:35:19Z,FL,school_email
106623,2025-10-22T20:58:22Z,PA,organic
106624,2025-07-06T14:49:35Z,AL,school_email
106625,2025-08-17T15:09:15Z,AL,partner
106626,2026-01-14T21:57:25Z,MI,school_email
106627,2026-02-06T20:14:12Z,PA,app_store
106628,2025-10-19T06:17:23Z,MI,school_email
106629,2025-05-14T14:39:20Z,AL,paid_social
106630,2025-11-16T14:06:02Z,VA,organic
106631,2025-08-26T18:54:04Z,WI,referral
106632,2025-07-09T02:09:28Z,IL,partner
106633,2025-06-26T23:49:01Z,KY,referral
106634,2025-07-06T06:54:34Z,MO,partner
106635,2026-01-24T13:05:27Z,NC,referral
106636,2025-12-19T00:26:29Z,il,referral
106637,2026-02-13T19:25:34Z,NY,referral
106638,2025-12-11T04:30:59Z,MN,partner
106639,2025-11-22T00:29:31Z,AL,school_email
106640,2025-07-23T10:46:58Z,mn,organic
106641,2025-05-11T23:35:57Z,TN,app_store
106642,2025-08-31T02:05:07Z,CA,referral
106643,2025-08-22T07:45:34Z,AL,school_email
106644,2025-12-13T10:41:24Z,GA,school_email
106645,2025-12-14T07:35:40Z,IN,paid_social
106646,2025-08-01T20:44:14Z,ny,app_store
106647,2025-08-01T15:42:31Z,WA,partner
106648,2025-08-12T01:31:10Z,NY,paid_social
106649,2025-09-08T13:14:31Z,VA,app_store
106650,2025-12-25T00:18:26Z,MN,organic
106651,2026-02-01T08:59:34Z,CA,partner
106652,2026-01-27T06:55:35Z,GA,paid_social
106653,2025-08-20T17:53:00Z,OH,paid_social
106654,2025-08-12T21:10:18Z,WI,paid_social
106655,2026-01-29T11:54:21Z,TN,paid_social
106656,2025-10-09T10:42:37Z,IN,organic
106657,2026-02-01T11:30:40Z,FL,partner
106658,2025-07-02T15:43:11Z,ky,partner
106659,2025-08-14T04:47:17Z,FL,organic
106660,2025-07-17T11:13:57Z,MI,school_email
106661,2025-10-14T15:54:03Z,NY,organic
106662,2026-02-15T05:40:40Z,VA,paid_social
106663,2025-05-28T01:48:01Z,TN,app_store
106664,2026-01-28T13:44:55Z,MO,referral
106665,2026-01-03T13:58:22Z,OH,organic
106666,2025-08-30T05:11:37Z,GA,partner
106667,2025-07-06T14:12:59Z,Florida,partner
106668,2025-11-24T10:36:43Z,TN,referral
106669,2025-08-03T13:07:42Z,CA,referral
106670,2026-01-13T03:34:13Z,MO,partner
106671,2026-01-10T17:52:55Z,SC,partner
106672,2025-08-18T07:10:11Z,MN,school_email
106673,2025-07-27T10:22:39Z,GA,partner
106674,2025-06-26T18:02:41Z,IL,app_store
106675,2025-07-11T18:30:56Z,TN,app_store
106676,2025-07-11T06:48:25Z,VA,school_email
106677,2026-01-05T03:24:46Z,GA,referral
106678,2025-11-24T12:27:39Z,KY,app_store
106679,2025-12-02T12:00:55Z,TN,partner
106680,2026-01-05T21:13:25Z,KY,referral
106681,2025-05-12T04:53:17Z,GA,school_email
106682,2025-10-06T08:08:03Z,FL,partner
106683,2025-07-03T02:47:30Z,GA,paid_social
106684,2025-11-26T08:27:08Z,NY,school_email
106685,2026-02-21T11:13:43Z,KY,partner
106686,2025-07-06T06:09:40Z,NY,school_email
106687,2025-11-01T09:36:08Z,MN,partner
106688,2025-10-19T00:19:29Z,WI,referral
106689,2026-01-16T08:39:28Z,TN,school_email
106690,2025-05-12T10:48:06Z,TX,school_email
106691,2025-06-18T15:49:07Z,NY,app_store
106692,2025-09-18T00:02:00Z,TX,school_email
106693,2025-09-27T20:52:11Z,GA,referral
106694,2026-02-18T19:17:05Z,PA,school_email
106695,2026-02-01T03:48:50Z,IN,partner
106696,2025-08-04T16:11:38Z,WI,partner
106697,2025-08-05T19:59:28Z,TN,partner
106698,2025-06-14T16:45:00Z,TN,partner
106699,2025-08-01T04:42:04Z,OH,organic
106700,2026-02-15T10:57:54Z,Georgia,organic
106701,2025-08-28T19:25:35Z,MI,app_store
106702,2026-01-14T08:16:12Z,VA,organic
106703,2025-08-20T21:43:04Z,VA,paid_social
106704,2025-09-08T15:12:55Z,CA,school_email
106705,2026-02-18T04:40:00Z,NC,paid_social
106706,2025-12-21T02:34:55Z,GA,organic
106707,2025-06-03T02:50:46Z,VA,organic
106708,2025-12-16T16:05:40Z,AL,organic
106709,2025-10-19T01:03:37Z,IL,paid_social
106710,2026-01-24T07:50:33Z,VA,paid_social
106711,2025-10-10T21:05:16Z,FL,partner
106712,2025-07-31T14:59:22Z,NC,referral
106713,2026-01-03T17:53:46Z,MI,referral
106714,2025-10-22T11:52:14Z,TX,school_email
106715,2025-07-17T08:39:25Z,TN,app_store
106716,2025-05-24T21:49:59Z,IL,school_email
106717,2025-05-06T07:56:04Z,VA,referral
106718,2025-05-05T17:38:14Z,AL,school_email
106719,2026-02-11T14:32:16Z,PA,organic
106720,2025-09-11T11:17:11Z,NC,partner
106721,2026-01-09T23:50:17Z,WA,school_email
106722,2025-05-23T20:05:37Z,NC,school_email
106723,2025-08-30T18:19:30Z,FL,organic
106724,2026-02-26T03:00:28Z,NC,app_store
106725,2026-01-29T10:19:32Z,AL,school_email
106726,2026-01-22T23:19:33Z,TX,partner
106727,2025-08-27T17:51:34Z,TN,app_store
106728,2025-07-24T12:13:07Z,MN,referral
106729,2025-12-05T07:47:38Z,IN,app_store
106730,2025-11-30T07:34:23Z,TN,organic
106731,2025-08-29T11:28:07Z,MI,app_store
106732,2025-09-11T03:38:19Z,MO,partner
106733,2025-09-10T08:10:13Z,WI,paid_social
106734,2025-06-06T17:11:09Z,MI,paid_social
106735,2026-02-13T01:32:03Z,MN,paid_social
106736,2025-10-21T21:28:50Z,MO,partner
106737,2025-06-04T11:47:07Z,TX,app_store
106738,2025-08-07T15:53:22Z,NC,school_email
106739,2025-07-29T03:28:19Z,OH,referral
106740,2026-01-18T13:30:32Z,IN,app_store
106741,2025-12-16T10:24:26Z,KY,organic
106742,2025-12-11T07:09:16Z,MO,app_store
106743,2025-09-28T03:38:39Z,IL,school_email
106744,2025-08-19T12:58:58Z,NC,referral
106745,2025-06-27T05:01:09Z,KY,partner
106746,2026-02-18T01:56:26Z,IN,referral
106747,2025-12-21T02:57:29Z,PA,referral
106748,2025-11-07T23:42:08Z,VA,partner
106749,2025-06-20T05:51:43Z,AL,partner
106750,2025-05-16T22:05:21Z,IL,organic
106751,2025-05-19T18:58:07Z,CA,organic
106752,2026-01-14T07:37:47Z,WI,paid_social
106753,2025-06-28T12:59:53Z,il,paid_social
106754,2025-11-27T05:05:44Z,WA,referral
106755,2025-10-30T14:32:36Z,PA,app_store
106756,2025-10-18T12:36:09Z,mo,school_email
106757,2025-11-17T13:31:29Z,PA,app_store
106758,2025-05-07T01:24:51Z,CA,partner
106759,2025-05-22T19:14:03Z,SC,organic
106760,2025-07-24T12:49:42Z,WI,paid_social
106761,2025-10-30T14:24:49Z,NC,referral
106762,2025-09-11T14:16:02Z,KY,app_store
106763,2026-01-25T08:03:36Z,KY,partner
106764,2025-09-03T02:24:56Z,NC,paid_social
106765,2025-10-29T01:00:00Z,MN,app_store
106766,2026-02-07T13:11:54Z,GA,organic
106767,2025-09-03T10:37:00Z,SC,referral
106768,2025-09-05T09:52:03Z,WA,partner
106769,2025-08-29T12:52:13Z,TN,organic
106770,2025-06-14T06:28:00Z,KY,school_email
106771,2026-02-23T03:44:54Z,FL,organic
106772,2025-08-14T01:12:46Z,MN,referral
106773,2025-11-20T02:55:38Z,MN,organic
106774,2025-06-15T01:14:40Z,NC,app_store
106775,2026-01-23T14:43:11Z,TN,referral
106776,2025-11-11T18:04:49Z,OH,app_store
106777,2025-05-26T08:21:29Z,WA,app_store
106778,2025-11-18T02:07:41Z,KY,app_store
106779,2025-06-09T17:43:15Z,in,paid_social
106780,2025-09-03T20:32:38Z,GA,school_email
106781,2025-06-09T03:12:12Z,SC,organic
106782,2025-09-28T22:45:12Z,CA,partner
106783,2025-05-10T22:47:29Z,OH,paid_social
106784,2025-08-18T15:34:30Z,WI,app_store
106785,2025-11-21T18:57:48Z,IN,partner
106786,2025-08-07T11:35:41Z,NC,referral
106787,2025-08-02T08:38:00Z,IL,paid_social
106788,2025-09-30T01:48:49Z,KY,school_email
106789,2026-01-19T07:18:18Z,MO,app_store
106790,2026-02-01T22:03:08Z,CA,paid_social
106791,2025-10-28T22:30:17Z,VA,partner
106792,2026-02-02T17:04:43Z,MO,paid_social
106793,2025-07-17T03:01:39Z,WI,organic
106794,2025-06-25T21:23:05Z,CA,partner
106795,2025-12-27T02:52:27Z,WA,partner
106796,2025-12-05T05:47:14Z,IL,partner
106797,2025-08-12T17:29:21Z,tn,school_email
106798,2025-09-13T02:02:55Z,KY,app_store
106799,2025-06-19T11:56:55Z,NC,app_store
106800,2025-05-12T04:22:21Z,NC,app_store
106801,2025-11-04T09:54:44Z,KY,organic
106802,2025-07-16T05:27:16Z,NY,paid_social
106803,2025-12-12T00:22:57Z,VA,partner
106804,2025-07-19T03:13:31Z,IN,app_store
106805,2026-01-08T08:04:47Z,TX,organic
106806,2025-07-27T18:07:00Z,NY,organic
106807,2025-11-15T17:10:46Z,WI,school_email
106808,2025-08-04T09:24:55Z,IN,referral
106809,2025-10-13T22:14:08Z,MI,partner
106810,2025-10-01T20:36:45Z,AL,partner
106811,2026-02-19T16:04:40Z,CA,referral
106812,2025-10-18T00:33:27Z,IL,school_email
106813,2025-07-14T09:02:26Z,FL,paid_social
106814,2025-09-21T13:29:56Z,PA,organic
106815,2025-06-29T07:37:23Z,AL,paid_social
106816,2025-09-06T18:01:40Z,MN,school_email
106817,2025-08-21T02:30:31Z,VA,referral
106818,2025-11-11T23:16:47Z,FL,organic
106819,2025-05-15T19:08:46Z,PA,app_store
106820,2025-08-07T10:18:21Z,mo,referral
106821,2025-07-10T12:27:52Z,CA,organic
106822,2025-12-26T14:10:11Z,NY,organic
106823,2026-01-26T15:04:49Z,SC,school_email
106824,2025-12-06T11:48:16Z,GA,app_store
106825,2025-08-27T09:33:06Z,KY,organic
106826,2025-05-26T21:47:02Z,PA,app_store
106827,2025-07-27T02:42:28Z,MO,partner
106828,2025-08-15T09:16:51Z,OH,partner
106829,2025-08-23T06:36:41Z,MN,referral
106830,2025-10-28T07:07:09Z,FL,partner
106831,2025-12-01T22:26:58Z,WI,school_email
106832,2026-01-19T10:45:36Z,AL,app_store
106833,2025-09-05T02:38:33Z,KY,app_store
106834,2025-10-25T09:08:12Z,va,organic
106835,2025-10-09T07:52:04Z,TN,partner
106836,2026-02-26T09:33:37Z,GA,organic
106837,2025-06-30T07:15:03Z,WI,paid_social
106838,2026-02-08T16:36:49Z,MI,paid_social
106839,2025-11-16T04:33:50Z,OH,school_email
106840,2025-12-15T07:57:02Z,TN,partner
106841,2025-07-15T19:52:26Z,MN,referral
106842,2026-01-13T15:19:11Z,WI,organic
106843,2025-11-25T06:34:04Z,IN,partner
106844,2025-11-30T06:15:47Z,SC,paid_social
106845,2026-01-03T16:26:53Z,WA,organic
106846,2025-07-08T03:22:03Z,KY,partner
106847,2026-01-18T01:46:32Z,MI,organic
106848,2025-06-16T02:42:25Z,IN,organic
106849,2025-11-19T23:42:50Z,OH,paid_social
106850,2026-01-19T15:53:23Z,MI,organic
106851,2025-06-13T17:15:05Z,AL,school_email
106852,2025-09-01T23:09:10Z,WI,app_store
106853,2026-01-16T23:35:51Z,GA,school_email
106854,2025-06-02T04:22:27Z,PA,school_email
106855,2025-05-16T11:36:48Z,MO,organic
106856,2025-06-24T13:33:54Z,OH,partner
106857,2025-05-04T02:38:42Z,CA,paid_social
106858,2025-12-21T21:12:09Z,MN,school_email
106859,2026-01-16T00:37:54Z,FL,referral
106860,2026-01-26T08:47:32Z,Texas,school_email
106861,2025-08-26T03:03:33Z,PA,referral
106862,2025-10-24T02:20:31Z,NY,partner
106863,2025-09-11T21:48:37Z,IN,school_email
106864,2025-06-17T13:16:56Z,MI,app_store
106865,2025-09-09T10:59:17Z,MN,organic
106866,2025-12-09T12:02:39Z,wi,referral
106867,2025-09-29T10:44:56Z,IN,app_store
106868,2025-08-05T20:43:26Z,FL,organic
106869,2025-08-17T09:53:28Z,PA,partner
106870,2025-07-02T02:04:01Z,KY,app_store
106871,2025-07-28T05:39:59Z,MI,paid_social
106872,2025-10-25T10:09:51Z,TX,app_store
106873,2025-05-16T08:43:06Z,TX,referral
106874,2025-12-12T03:29:03Z,AL,school_email
106875,2026-01-02T17:21:54Z,MO,paid_social
106876,2026-02-06T06:19:40Z,TN,paid_social
106877,2025-09-27T16:05:04Z,VA,organic
106878,2025-12-20T17:35:43Z,CA,app_store
106879,2025-11-14T01:30:42Z,wa,organic
106880,2025-10-16T22:08:18Z,FL,partner
106881,2025-06-23T04:24:24Z,FL,organic
106882,2025-09-09T21:34:00Z,WI,partner
106883,2025-09-18T13:04:38Z,AL,referral
106884,2025-05-10T02:09:30Z,AL,partner
106885,2025-07-28T18:21:05Z,WA,app_store
106886,2025-12-22T06:07:31Z,VA,partner
106887,2025-07-08T16:23:39Z,FL,referral
106888,2025-11-08T01:24:19Z,TN,paid_social
106889,2025-10-01T11:22:40Z,TN,partner
106890,2025-09-18T02:08:58Z,TX,organic
106891,2026-01-11T08:02:44Z,VA,app_store
106892,2025-08-04T19:44:08Z,MI,paid_social
106893,2025-06-03T00:03:49Z,TX,paid_social
106894,2026-01-23T18:01:08Z,al,referral
106895,2025-08-21T07:45:41Z,KY,app_store
106896,2026-01-10T03:26:42Z,TX,paid_social
106897,2025-05-11T15:41:35Z,SC,paid_social
106898,2025-09-06T13:49:18Z,MI,app_store
106899,2026-02-06T11:18:20Z,GA,organic
106900,2025-10-19T02:45:16Z,MO,school_email
106901,2025-05-10T06:33:20Z,NY,paid_social
106902,2025-06-13T03:50:34Z,TN,app_store
106903,2025-05-13T23:06:55Z,MO,school_email
106904,2025-10-18T01:04:18Z,MI,partner
106905,2026-01-14T16:29:23Z,KY,referral
106906,2026-02-07T00:36:17Z,NY,app_store
106907,2025-12-27T14:31:48Z,IL,referral
106908,2025-09-05T19:39:25Z,KY,referral
106909,2025-05-26T20:37:57Z,AL,referral
106910,2025-12-26T23:37:28Z,KY,paid_social
106911,2025-10-12T06:48:49Z,CA,organic
106912,2025-06-28T19:18:22Z,NY,school_email
106913,2025-09-20T08:48:40Z,WI,partner
106914,2025-08-21T10:08:17Z,MO,school_email
106915,2025-06-21T22:56:23Z,PA,school_email
106916,2026-01-15T14:53:29Z,SC,referral
106917,2025-10-21T04:33:58Z,OH,paid_social
106918,2025-09-30T10:20:40Z,OH,referral
106919,2025-12-29T10:25:34Z,IL,school_email
106920,2026-01-31T15:10:44Z,MI,app_store
106921,2025-11-16T22:01:09Z,IL,organic
106922,2026-02-05T06:36:31Z,TX,app_store
106923,2025-10-08T04:18:03Z,NY,paid_social
106924,2025-05-10T08:40:35Z,MO,paid_social
106925,2026-01-09T11:39:46Z,FL,partner
106926,2025-06-25T16:22:20Z,MN,school_email
106927,2025-08-05T18:19:50Z,in,school_email
106928,2025-09-29T08:23:13Z,VA,app_store
106929,2025-08-27T11:37:16Z,OH,school_email
106930,2025-10-05T19:27:00Z,KY,school_email
106931,2025-07-03T18:10:13Z,mn,school_email
106932,2025-06-23T09:54:25Z,GA,referral
106933,2025-05-14T17:54:49Z,FL,app_store
106934,2025-11-28T03:10:12Z,VA,organic
106935,2025-08-29T08:40:43Z,PA,organic
106936,2025-06-11T23:38:31Z,MN,partner
106937,2025-12-05T13:42:45Z,WI,organic
106938,2025-12-23T09:17:56Z,MI,school_email
106939,2025-12-21T14:41:46Z,MO,partner
106940,2026-01-09T11:37:42Z,PA,partner
106941,2025-12-28T00:50:45Z,PA,school_email
106942,2025-10-04T04:20:46Z,AL,referral
106943,2025-08-01T17:31:06Z,TN,referral
106944,2025-08-08T07:21:10Z,MN,organic
106945,2025-12-06T04:00:49Z,TN,referral
106946,2025-12-08T22:43:06Z,VA,paid_social
106947,2025-12-27T04:43:31Z,TX,partner
106948,2025-05-20T08:44:59Z,AL,app_store
106949,2025-06-04T16:35:47Z,MO,referral
106950,2025-08-13T05:31:15Z,TN,partner
106951,2025-06-27T11:45:25Z,VA,school_email
106952,2025-06-09T20:49:25Z,MN,organic
106953,2025-06-02T02:18:25Z,GA,referral
106954,2026-02-19T13:56:59Z,NY,school_email
106955,2026-01-23T15:12:57Z,VA,app_store
106956,2025-11-27T19:00:42Z,TX,referral
106957,2025-09-13T06:16:49Z,TN,partner
106958,2025-08-21T06:13:54Z,CA,app_store
106959,2025-11-06T03:47:23Z,AL,school_email
106960,2025-08-16T01:22:16Z,TX,school_email
106961,2025-07-24T10:11:59Z,CA,partner
106962,2026-02-08T18:30:36Z,SC,organic
106963,2025-06-06T07:48:04Z,GA,paid_social
106964,2026-01-29T02:48:28Z,MN,school_email
106965,2025-12-06T20:18:50Z,mn,organic
106966,2025-07-26T12:49:16Z,OH,app_store
106967,2026-02-18T03:11:56Z,PA,school_email
106968,2025-08-03T23:29:39Z,IL,paid_social
106969,2025-12-24T10:34:14Z,SC,app_store
106970,2025-07-27T22:10:43Z,MN,paid_social
106971,2025-06-07T19:47:21Z,NY,referral
106972,2026-01-20T06:03:12Z,MN,paid_social
106973,2025-07-19T08:20:12Z,NC,referral
106974,2025-12-29T12:13:34Z,NC,partner
106975,2025-09-09T16:20:04Z,WA,app_store
106976,2025-07-18T13:40:57Z,WA,partner
106977,2026-01-19T01:03:11Z,MN,paid_social
106978,2025-12-15T19:58:56Z,MI,school_email
106979,2025-12-24T15:28:05Z,TN,app_store
106980,2026-01-30T05:26:53Z,CA,app_store
106981,2025-10-03T17:52:14Z,NC,paid_social
106982,2025-06-28T06:31:49Z,MO,organic
106983,2025-07-07T00:01:46Z,KY,app_store
106984,2025-12-27T13:39:05Z,WA,app_store
106985,2025-10-28T02:54:10Z,Ga.,paid_social
106986,2025-10-27T18:52:43Z,AL,organic
106987,2025-11-15T22:24:26Z,GA,paid_social
106988,2025-05-30T13:08:19Z,CA,app_store
106989,2025-10-27T10:32:42Z,WA,organic
106990,2025-07-22T17:18:51Z,CA,referral
106991,2025-12-22T09:14:35Z,al,paid_social
106992,2025-10-11T19:06:01Z,wi,organic
106993,2025-11-15T23:08:59Z,FL,partner
106994,2025-07-28T16:59:13Z,MO,referral
106995,2026-01-13T18:27:34Z,va,organic
106996,2025-07-19T08:31:39Z,MN,partner
106997,2025-10-31T10:09:29Z,MO,organic
106998,2025-06-17T19:28:32Z,NY,school_email
106999,2025-09-16T13:14:35Z,OH,app_store
107000,2025-07-16T21:28:48Z,VA,partner
107001,2025-09-13T10:14:31Z,MO,referral
107002,2025-09-01T03:17:54Z,PA,app_store
107003,2025-05-07T13:54:01Z,va,referral
107004,2026-01-14T11:17:24Z,WA,referral
107005,2025-09-29T05:20:56Z,MO,school_email
107006,2025-11-22T21:01:58Z,SC,organic
107007,2026-01-24T04:21:50Z,TX,referral
107008,2025-10-06T10:02:05Z,TN,school_email
107009,2025-06-18T17:17:36Z,tn,referral
107010,2026-01-04T05:44:06Z,GA,school_email
107011,2026-02-25T12:29:50Z,NY,organic
107012,2025-12-18T13:46:10Z,NY,organic
107013,2025-09-19T14:22:24Z,PA,partner
107014,2025-05-31T20:02:09Z,OH,organic
107015,2026-01-31T07:08:17Z,WA,organic
107016,2025-11-15T06:56:02Z,MN,paid_social
107017,2026-02-13T05:14:31Z,NY,paid_social
107018,2025-10-23T05:06:40Z,NC,partner
107019,2025-11-20T01:45:40Z,OH,school_email
107020,2025-11-13T15:03:35Z,GA,partner
107021,2026-01-21T22:08:28Z,KY,organic
107022,2025-10-02T02:14:51Z,NY,partner
107023,2025-12-28T13:00:27Z,FL,school_email
107024,2025-05-24T06:15:03Z,PA,school_email
107025,2026-01-20T08:59:50Z,GA,organic
107026,2025-05-20T21:32:20Z,MO,referral
107027,2026-02-01T19:06:27Z,CA,referral
107028,2026-02-05T17:37:19Z,WI,organic
107029,2025-11-09T17:46:15Z,WI,school_email
107030,2025-09-25T22:08:28Z,TN,app_store
107031,2025-12-18T05:46:35Z,WI,partner
107032,2025-07-29T22:38:48Z,KY,paid_social
107033,2025-08-28T03:40:39Z,PA,organic
107034,2026-01-11T13:14:07Z,NY,app_store
107035,2025-12-26T19:08:40Z,KY,app_store
107036,2025-08-14T08:56:04Z,IL,paid_social
107037,2025-05-13T22:18:02Z,MI,referral
107038,2025-08-11T12:07:53Z,OH,school_email
107039,2026-01-28T17:24:52Z,MO,school_email
107040,2025-07-15T03:19:49Z,AL,app_store
107041,2025-06-21T14:12:21Z,GA,partner
107042,2025-06-04T12:55:41Z,AL,app_store
107043,2025-11-14T21:27:40Z,TX,referral
107044,2025-05-23T00:16:31Z,CA,paid_social
107045,2025-08-14T08:53:29Z,VA,organic
107046,2025-08-31T22:45:21Z,VA,organic
107047,2026-01-11T09:56:25Z,NY,referral
107048,2025-11-10T00:55:09Z,MI,organic
107049,2026-02-07T21:02:45Z,MI,referral
107050,2025-08-24T10:22:01Z,WA,organic
107051,2025-09-22T21:37:19Z,OH,school_email
107052,2025-10-01T15:57:19Z,KY,app_store
107053,2025-10-31T02:38:28Z,AL,school_email
107054,2025-07-10T09:36:43Z,IL,referral
107055,2025-12-20T21:15:42Z,TX,partner
107056,2025-09-18T21:56:09Z,OH,referral
107057,2025-09-06T13:05:12Z,OH,partner
107058,2025-11-28T08:30:52Z,KY,school_email
107059,2026-01-20T03:52:32Z,KY,partner
107060,2026-02-18T03:54:17Z,WA,school_email
107061,2026-02-14T07:36:25Z,wi,school_email
107062,2025-09-02T11:09:31Z,MI,referral
107063,2025-07-28T10:57:27Z,IL,referral
107064,2025-10-01T10:19:21Z,IL,organic
107065,2026-02-11T09:01:46Z,CA,school_email
107066,2026-01-12T09:42:52Z,VA,referral
107067,2026-01-13T17:23:10Z,MI,referral
107068,2025-07-17T13:02:46Z,CA,organic
107069,2025-07-02T05:48:04Z,GA,organic
107070,2026-01-12T18:39:34Z,SC,paid_social
107071,2025-10-26T17:24:32Z,IN,partner
107072,2025-05-11T01:52:33Z,PA,organic
107073,2025-10-27T02:16:24Z,PA,app_store
107074,2025-11-19T02:52:07Z,MO,school_email
107075,2025-05-07T21:07:22Z,NY,school_email
107076,2025-07-21T22:13:06Z,MN,referral
107077,2025-08-23T14:59:48Z,MO,organic
107078,2026-01-23T04:41:51Z,KY,school_email
107079,2025-05-30T17:00:15Z,IL,school_email
107080,2025-07-09T03:25:00Z,TX,referral
107081,2026-02-05T06:12:22Z,CA,referral
107082,2025-05-06T14:09:48Z,NY,partner
107083,2025-08-15T23:18:50Z,MN,referral
107084,2025-07-27T18:32:33Z,FL,paid_social
107085,2025-05-31T04:52:29Z,WA,referral
107086,2025-05-26T05:51:40Z,TX,paid_social
107087,2025-06-21T14:54:06Z,IN,partner
107088,2026-02-15T20:06:56Z,MI,paid_social
107089,2025-10-02T15:26:16Z,GA,referral
107090,2025-05-13T11:57:56Z,TN,partner
107091,2025-05-13T07:16:25Z,OH,app_store
107092,2025-09-17T08:19:14Z,FL,paid_social
107093,2025-10-31T14:08:45Z,TN,referral
107094,2026-02-04T10:22:16Z,WI,paid_social
107095,2025-06-26T22:13:16Z,MN,paid_social
107096,2026-01-27T18:49:49Z,WI,paid_social
107097,2025-05-22T06:51:18Z,FL,partner
107098,2025-07-01T17:21:17Z,WA,app_store
107099,2025-10-10T07:02:00Z,NC,paid_social
107100,2025-05-24T15:35:54Z,OH,app_store
107101,2025-05-16T21:42:55Z,OH,referral
107102,2026-01-12T07:47:41Z,WA,organic
107103,2026-01-11T21:06:50Z,KY,paid_social
107104,2025-08-09T14:43:51Z,AL,school_email
107105,2025-12-10T05:32:42Z,MO,organic
107106,2025-07-20T18:20:57Z,IN,organic
107107,2025-11-26T01:31:00Z,WA,school_email
107108,2025-06-25T12:29:41Z,NY,referral
107109,2026-02-22T10:06:59Z,KY,paid_social
107110,2026-01-09T20:18:38Z,NC,school_email
107111,2026-02-25T13:47:49Z,MI,paid_social
107112,2025-09-16T17:01:49Z,IN,school_email
107113,2025-12-11T03:40:43Z,SC,referral
107114,2025-10-09T02:35:37Z,PA,referral
107115,2025-11-01T19:54:52Z,NC,organic
107116,2026-01-24T16:51:28Z,AL,organic
107117,2025-11-17T16:35:41Z,PA,organic
107118,2025-11-03T02:29:02Z,MO,partner
107119,2025-10-26T16:31:58Z,NY,referral
107120,2025-09-02T23:28:26Z,PA,paid_social
107121,2025-07-10T02:59:04Z,IL,partner
107122,2026-02-26T19:14:33Z,TN,app_store
107123,2025-08-13T04:50:59Z,TN,referral
107124,2025-12-06T04:32:34Z,MO,paid_social
107125,2025-11-02T22:11:09Z,TX,partner
107126,2025-08-15T07:34:07Z,GA,partner
107127,2025-12-04T19:15:23Z,VA,organic
107128,2026-02-20T08:39:39Z,IN,partner
107129,2026-02-27T17:23:57Z,PA,partner
107130,2025-07-20T11:43:17Z,IN,organic
107131,2025-11-02T04:45:14Z,VA,partner
107132,2026-02-12T09:26:06Z,TN,paid_social
107133,2025-08-15T18:39:57Z,IL,partner
107134,2025-06-22T00:15:39Z,CA,paid_social
107135,2025-11-02T02:29:02Z,MI,partner
107136,2026-01-28T07:52:38Z,AL,referral
107137,2025-07-25T08:27:41Z,SC,school_email
107138,2026-01-28T14:02:19Z,TN,organic
107139,2026-01-10T07:14:20Z,MN,referral
107140,2025-08-05T03:09:53Z,TX,referral
107141,2025-08-07T16:02:09Z,IN,referral
107142,2025-09-20T18:49:18Z,MN,paid_social
107143,2025-05-06T06:15:18Z,TX,paid_social
107144,2025-05-25T22:26:28Z,MI,referral
107145,2025-06-20T18:39:39Z,GA,paid_social
107146,2025-09-03T23:06:10Z,KY,organic
107147,2025-07-30T10:25:49Z,MO,paid_social
107148,2025-05-19T06:45:18Z,TX,referral
107149,2025-12-09T10:23:19Z,IL,paid_social
107150,2026-01-07T06:26:37Z,FL,referral
107151,2025-10-16T08:17:38Z,AL,referral
107152,2025-09-14T04:34:51Z,FL,app_store
107153,2026-02-22T16:42:58Z,NC,paid_social
107154,2026-01-06T13:00:14Z,GA,organic
107155,2025-08-25T20:56:35Z,wa,paid_social
107156,2025-08-31T09:06:39Z,WA,organic
107157,2026-02-13T14:10:06Z,MO,paid_social
107158,2026-02-04T23:26:21Z,TN,organic
107159,2025-05-20T02:38:56Z,AL,partner
107160,2025-10-09T15:27:25Z,SC,paid_social
107161,2025-09-09T20:40:24Z,VA,organic
107162,2025-08-31T21:07:05Z,AL,school_email
107163,2025-08-30T11:14:50Z,AL,app_store
107164,2025-06-21T08:20:15Z,TX,app_store
107165,2025-06-01T05:28:12Z,NY,organic
107166,2026-01-20T04:26:58Z,FL,partner
107167,2026-01-28T07:34:48Z,OH,school_email
107168,2025-09-03T23:34:31Z,TX,paid_social
107169,2025-12-06T06:11:18Z,MN,school_email
107170,2025-05-16T10:19:32Z,TN,referral
107171,2025-05-31T21:08:41Z,MN,referral
107172,2025-05-06T11:04:47Z,OH,referral
107173,2026-02-20T17:57:42Z,MN,organic
107174,2025-07-28T16:17:42Z,MI,organic
107175,2026-02-02T11:37:30Z,TX,partner
107176,2025-12-31T13:30:19Z,TX,school_email
107177,2025-06-24T14:27:42Z,TX,referral
107178,2026-02-27T15:35:55Z,WI,referral
107179,2025-06-30T23:07:46Z,MN,referral
107180,2025-08-06T14:28:55Z,TX,school_email
107181,2026-01-13T15:20:37Z,IL,organic
107182,2025-06-08T17:22:48Z,VA,app_store
107183,2025-07-14T12:13:35Z,MO,paid_social
107184,2025-06-09T04:04:44Z,CA,organic
107185,2026-02-07T03:53:46Z,MI,referral
107186,2025-07-26T20:07:32Z,IL,paid_social
107187,2026-02-24T17:35:02Z,CA,app_store
107188,2025-10-13T00:53:04Z,GA,partner
107189,2025-10-02T02:16:56Z,IL,organic
107190,2025-11-25T15:17:39Z,pa,referral
107191,2025-07-03T14:11:46Z,KY,school_email
107192,2026-02-14T03:22:02Z,wi,partner
107193,2025-12-24T23:27:28Z,TX,app_store
107194,2026-02-22T00:59:34Z,SC,app_store
107195,2025-08-17T22:01:51Z,AL,paid_social
107196,2025-05-31T03:46:49Z,CA,paid_social
107197,2025-07-19T14:14:45Z,MO,partner
107198,2026-02-20T11:32:06Z,WA,partner
107199,2025-07-27T09:23:01Z,TX,paid_social
107200,2025-12-10T01:51:26Z,IL,referral
107201,2025-09-07T22:14:01Z,CA,organic
107202,2025-12-08T10:38:02Z,WI,referral
107203,2025-12-15T01:43:45Z,MO,school_email
107204,2025-11-21T19:15:26Z,OH,partner
107205,2025-06-12T03:52:59Z,NC,referral
107206,2025-06-26T12:09:15Z,TX,school_email
107207,2025-11-01T18:33:00Z,VA,school_email
107208,2025-10-23T21:39:40Z,IN,app_store
107209,2026-01-28T19:12:31Z,WI,partner
107210,2026-01-01T20:54:07Z,NY,partner
107211,2025-07-11T02:12:17Z,TX,referral
107212,2025-09-22T19:22:38Z,OH,school_email
107213,2026-02-19T19:43:53Z,KY,app_store
107214,2025-09-21T16:31:11Z,NY,partner
107215,2025-11-23T16:31:35Z,IL,paid_social
107216,2025-05-20T17:02:56Z,IN,referral
107217,2025-07-22T08:25:40Z,OH,partner
107218,2025-10-24T11:33:17Z,KY,app_store
107219,2025-12-24T17:56:18Z,PA,organic
107220,2025-09-22T18:22:17Z,VA,paid_social
107221,2025-08-12T20:32:50Z,TX,paid_social
107222,2025-08-03T13:01:03Z,MI,partner
107223,2025-12-30T08:33:44Z,MI,app_store
107224,2026-02-16T07:54:23Z,SC,referral
107225,2025-07-06T17:03:06Z,PA,app_store
107226,2025-07-30T05:29:47Z,NY,organic
107227,2025-12-14T20:45:32Z,TX,partner
107228,2025-06-12T17:05:04Z,CA,paid_social
107229,2026-01-24T23:19:47Z,MI,partner
107230,2026-01-27T02:12:06Z,FL,app_store
107231,2025-10-24T13:32:38Z,PA,paid_social
107232,2025-12-09T17:29:36Z,MO,referral
107233,2025-12-04T05:31:50Z,IL,app_store
107234,2025-09-10T22:39:05Z,CA,school_email
107235,2025-06-04T05:38:43Z,MO,app_store
107236,2025-09-19T04:57:47Z,AL,partner
107237,2025-08-29T13:45:15Z,GA,referral
107238,2026-01-20T03:20:22Z,NC,app_store
107239,2025-09-27T14:01:59Z,IL,partner
107240,2026-01-10T00:56:26Z,FL,school_email
107241,2025-10-21T15:00:11Z,NY,paid_social
107242,2025-06-21T14:56:11Z,MO,paid_social
107243,2025-05-05T02:14:18Z,IL,partner
107244,2025-06-26T04:20:10Z,OH,paid_social
107245,2025-05-22T11:46:56Z,GA,school_email
107246,2025-09-29T18:53:27Z,FL,organic
107247,2026-02-07T23:27:31Z,FL,partner
107248,2025-10-22T23:26:54Z,IN,partner
107249,2025-05-17T14:23:56Z,WA,referral
107250,2025-12-29T14:09:38Z,MO,referral
107251,2026-01-20T20:06:18Z,OH,referral
107252,2026-01-11T20:56:46Z,FL,app_store
107253,2025-11-07T20:08:14Z,CA,paid_social
107254,2025-05-22T12:58:24Z,CA,referral
107255,2026-02-07T08:42:46Z,WI,app_store
107256,2025-07-02T10:36:29Z,MN,app_store
107257,2026-02-26T05:47:41Z,MI,referral
107258,2026-02-11T23:57:06Z,GA,app_store
107259,2025-12-09T15:49:55Z,SC,app_store
107260,2025-08-08T04:20:51Z,SC,school_email
107261,2025-07-29T22:55:52Z,CA,school_email
107262,2026-01-19T12:07:52Z,MI,organic
107263,2025-06-16T11:46:38Z,CA,referral
107264,2026-02-03T01:57:27Z,WA,school_email
107265,2025-08-20T16:08:23Z,FL,partner
107266,2025-09-04T10:10:22Z,al,referral
107267,2025-07-17T11:03:36Z,TN,partner
107268,2025-09-01T03:33:50Z,OH,paid_social
107269,2025-09-20T01:51:56Z,NC,partner
107270,2025-10-19T01:29:59Z,NY,paid_social
107271,2026-01-15T05:16:28Z,KY,school_email
107272,2025-12-14T01:09:55Z,IL,partner
107273,2025-06-25T15:38:07Z,al,partner
107274,2025-05-05T19:13:30Z,WI,referral
107275,2025-08-16T16:59:49Z,VA,organic
107276,2025-05-26T08:07:26Z,TX,organic
107277,2025-06-15T15:21:21Z,OH,organic
107278,2025-10-02T21:07:01Z,IL,school_email
107279,2025-12-08T00:03:55Z,NC,referral
107280,2025-12-24T15:38:50Z,MO,partner
107281,2025-06-27T11:40:29Z,PA,referral
107282,2025-05-24T22:08:00Z,IL,school_email
107283,2025-06-06T19:40:43Z,WI,app_store
107284,2025-05-19T20:08:30Z,NC,referral
107285,2025-11-08T20:56:45Z,OH,organic
107286,2025-12-10T13:56:06Z,IN,referral
107287,2025-05-17T04:29:56Z,mo,school_email
107288,2025-08-24T07:25:06Z,CA,app_store
107289,2025-06-12T00:50:30Z,AL,referral
107290,2025-12-05T20:31:44Z,AL,partner
107291,2026-02-18T19:03:05Z,AL,referral
107292,2026-01-26T18:20:56Z,CA,organic
107293,2025-05-17T01:42:53Z,NY,organic
107294,2025-10-14T10:31:19Z,MI,partner
107295,2025-11-15T15:30:52Z,TX,school_email
107296,2025-08-20T00:44:33Z,mo,paid_social
107297,2025-09-11T21:16:53Z,MI,school_email
107298,2025-06-06T02:30:12Z,MO,school_email
107299,2025-10-23T14:03:25Z,NC,organic
107300,2025-05-16T14:55:03Z,TN,organic
107301,2025-10-21T12:09:27Z,AL,app_store
107302,2025-06-13T02:29:20Z,GA,referral
107303,2025-12-09T04:36:59Z,MN,paid_social
107304,2025-07-08T01:07:28Z,WI,organic
107305,2025-09-28T01:43:36Z,va,app_store
107306,2025-12-07T00:10:56Z,KY,app_store
107307,2025-06-02T22:24:06Z,TN,partner
107308,2025-11-08T14:41:52Z,AL,paid_social
107309,2026-01-06T22:02:22Z,VA,app_store
107310,2026-02-26T09:53:19Z,TX,school_email
107311,2025-06-01T14:11:09Z,CA,referral
107312,2025-11-24T00:33:43Z,IN,referral
107313,2025-12-13T00:51:15Z,MI,app_store
107314,2025-07-08T11:43:10Z,AL,organic
107315,2025-12-12T07:21:35Z,WA,school_email
107316,2025-10-22T06:57:06Z,CA,app_store
107317,2025-08-03T15:31:58Z,FL,partner
107318,2025-07-18T23:48:43Z,TN,school_email
107319,2026-01-31T23:39:33Z,al,school_email
107320,2025-09-02T00:53:10Z,CA,paid_social
107321,2025-09-04T20:47:22Z,MI,school_email
107322,2025-07-02T15:18:16Z,WI,paid_social
107323,2025-11-19T21:50:32Z,VA,partner
107324,2025-09-16T16:35:14Z,MI,school_email
107325,2025-11-12T03:45:32Z,AL,partner
107326,2026-02-25T22:54:08Z,oh,referral
107327,2025-05-24T00:56:35Z,MI,app_store
107328,2025-11-05T07:17:48Z,FL,app_store
107329,2025-06-06T11:09:22Z,MO,school_email
107330,2025-09-10T07:43:06Z,WA,school_email
107331,2025-10-26T07:43:03Z,TX,partner
107332,2025-07-21T07:24:12Z,MI,school_email
107333,2025-09-21T09:52:52Z,VA,app_store
107334,2025-07-23T07:23:21Z,MI,referral
107335,2025-12-21T21:44:19Z,MN,app_store
107336,2025-12-27T19:43:25Z,WA,partner
107337,2025-06-12T03:17:42Z,OH,paid_social
107338,2025-08-06T16:32:29Z,WA,paid_social
107339,2025-07-17T07:38:37Z,VA,school_email
107340,2025-08-18T04:16:27Z,WA,app_store
107341,2025-06-25T10:19:44Z,TX,school_email
107342,2025-11-23T09:10:40Z,IN,school_email
107343,2025-08-25T21:40:22Z,GA,app_store
107344,2025-05-20T05:36:09Z,NC,app_store
107345,2026-01-29T01:34:44Z,NY,paid_social
107346,2025-11-26T02:35:31Z,TX,app_store
107347,2025-12-11T20:15:46Z,NC,referral
107348,2025-07-26T03:23:46Z,IL,organic
107349,2025-06-11T06:09:36Z,CA,organic
107350,2025-09-17T14:17:33Z,SC,partner
107351,2025-05-11T16:09:25Z,IN,referral
107352,2025-09-14T05:42:11Z,FL,school_email
107353,2026-02-16T17:51:23Z,mi,app_store
107354,2025-11-18T04:19:29Z,IN,partner
107355,2025-05-24T06:17:56Z,VA,referral
107356,2026-02-13T06:22:37Z,VA,paid_social
107357,2025-08-07T17:28:24Z,WA,school_email
107358,2025-12-05T17:20:58Z,WA,partner
107359,2025-06-09T18:56:58Z,WI,partner
107360,2025-07-30T22:27:34Z,KY,paid_social
107361,2025-05-12T02:36:07Z,wa,paid_social
107362,2026-01-14T05:12:58Z,KY,paid_social
107363,2025-07-02T21:37:02Z,MO,school_email
107364,2025-10-10T16:42:24Z,IL,paid_social
107365,2026-02-16T06:14:48Z,IL,paid_social
107366,2025-10-05T10:32:03Z,GA,organic
107367,2025-06-02T23:46:44Z,VA,referral
107368,2025-10-23T18:01:28Z,TN,organic
107369,2025-12-24T14:49:29Z,PA,paid_social
107370,2025-12-24T09:48:48Z,TX,partner
107371,2025-05-06T03:48:28Z,WI,referral
107372,2025-11-24T19:42:51Z,MN,paid_social
107373,2025-08-11T06:59:48Z,VA,app_store
107374,2025-08-03T05:31:58Z,SC,organic
107375,2026-02-14T05:43:47Z,PA,paid_social
107376,2025-09-12T22:08:23Z,IL,organic
107377,2026-01-14T18:24:20Z,VA,app_store
107378,2026-02-02T18:59:52Z,GA,organic
107379,2025-05-20T17:28:51Z,IN,organic
107380,2025-10-03T08:22:09Z,MN,app_store
107381,2026-01-04T02:38:20Z,GA,partner
107382,2025-06-29T00:58:06Z,OH,school_email
107383,2025-08-30T05:46:17Z,MN,organic
107384,2026-01-23T22:30:21Z,NY,paid_social
107385,2025-06-23T22:44:02Z,WI,organic
107386,2025-10-28T16:05:55Z,TN,organic
107387,2025-10-28T02:51:36Z,VA,partner
107388,2026-01-06T15:18:05Z,il,paid_social
107389,2025-11-04T02:22:11Z,WI,organic
107390,2026-02-25T02:28:41Z,IN,school_email
107391,2025-06-27T20:15:53Z,SC,app_store
107392,2025-05-05T16:12:23Z,SC,app_store
107393,2026-02-03T01:36:36Z,WI,app_store
107394,2025-10-28T14:56:01Z,VA,school_email
107395,2025-11-01T19:37:55Z,TX,organic
107396,2025-09-19T04:53:27Z,IN,referral
107397,2025-07-11T19:56:53Z,WI,partner
107398,2026-01-11T06:37:35Z,WI,school_email
107399,2026-01-23T16:50:25Z,IL,school_email
107400,2025-10-04T07:37:36Z,oh,paid_social
107401,2026-01-08T06:50:46Z,MN,organic
107402,2025-10-21T00:07:18Z,CA,organic
107403,2025-07-13T11:40:02Z,VA,school_email
107404,2025-11-01T13:48:57Z,ky,paid_social
107405,2026-02-08T07:27:17Z,WI,paid_social
107406,2025-09-01T08:41:58Z,WI,partner
107407,2025-10-01T00:59:21Z,GA,referral
107408,2026-01-18T09:55:51Z,FL,app_store
107409,2025-09-07T01:00:09Z,GA,partner
107410,2025-05-05T06:18:59Z,WI,app_store
107411,2025-11-13T09:02:17Z,FL,referral
107412,2026-02-18T22:38:30Z,tn,paid_social
107413,2025-08-28T08:34:43Z,AL,school_email
107414,2025-09-20T03:18:59Z,FL,partner
107415,2025-11-24T19:24:02Z,KY,organic
107416,2025-08-23T21:20:59Z,FL,organic
107417,2025-09-17T18:02:44Z,SC,paid_social
107418,2025-08-02T06:58:32Z,GA,referral
107419,2025-11-20T17:23:01Z,TN,referral
107420,2025-11-17T21:36:55Z,MI,school_email
107421,2025-11-21T18:04:08Z,WI,organic
107422,2026-02-06T13:51:07Z,WI,paid_social
107423,2025-12-17T01:17:23Z,IN,school_email
107424,2025-06-16T23:57:30Z,WA,paid_social
107425,2025-05-11T22:49:49Z,NY,organic
107426,2026-01-30T05:05:13Z,CA,referral
107427,2025-07-11T11:10:06Z,VA,paid_social
107428,2025-08-22T01:42:38Z,va,school_email
107429,2025-05-29T16:06:58Z,ny,paid_social
107430,2025-06-21T06:37:18Z,NC,school_email
107431,2025-05-26T07:54:11Z,IL,partner
107432,2025-06-16T09:27:47Z,NY,app_store
107433,2026-02-14T23:15:17Z,TN,referral
107434,2025-05-05T18:52:17Z,WA,school_email
107435,2025-08-03T14:27:25Z,SC,paid_social
107436,2025-10-27T18:15:01Z,IL,partner
107437,2025-06-01T08:15:21Z,VA,partner
107438,2026-01-17T08:41:33Z,mi,organic
107439,2025-12-08T12:03:28Z,sc,referral
107440,2025-05-21T21:11:38Z,TX,referral
107441,2025-05-10T00:13:08Z,VA,paid_social
107442,2025-08-17T23:04:41Z,VA,referral
107443,2025-07-13T19:02:47Z,PA,paid_social
107444,2025-10-25T22:02:07Z,CA,paid_social
107445,2026-01-16T04:03:36Z,WI,referral
107446,2025-06-29T10:45:53Z,SC,app_store
107447,2025-05-05T04:44:11Z,IN,app_store
107448,2025-08-11T19:36:47Z,NC,organic
107449,2025-05-10T04:39:32Z,mo,school_email
107450,2025-06-11T23:06:53Z,OH,referral
107451,2025-09-24T17:15:35Z,MN,school_email
107452,2025-06-24T05:42:31Z,IN,paid_social
107453,2025-11-05T07:21:16Z,NY,partner
107454,2025-10-31T00:30:57Z,GA,app_store
107455,2025-11-01T04:36:50Z,NY,referral
107456,2025-09-30T10:37:43Z,TN,referral
107457,2025-07-18T15:40:21Z,MI,referral
107458,2025-08-26T06:51:33Z,CA,partner
107459,2025-05-06T02:23:03Z,NY,app_store
107460,2025-09-05T09:51:27Z,KY,organic
107461,2025-12-21T23:54:03Z,FL,partner
107462,2025-12-25T00:46:29Z,NC,paid_social
107463,2025-06-06T03:18:34Z,mi,school_email
107464,2025-11-25T14:10:10Z,KY,partner
107465,2026-02-10T16:01:29Z,FL,organic
107466,2025-09-13T15:59:45Z,FL,school_email
107467,2025-06-02T21:07:54Z,MO,paid_social
107468,2025-10-08T15:22:02Z,wi,school_email
107469,2025-08-21T11:37:10Z,SC,organic
107470,2025-11-17T04:37:51Z,SC,paid_social
107471,2026-01-08T13:07:34Z,AL,school_email
107472,2025-10-29T23:13:22Z,NY,referral
107473,2025-10-13T06:10:35Z,NY,partner
107474,2025-05-30T09:25:19Z,AL,paid_social
107475,2025-08-15T10:19:10Z,AL,organic
107476,2025-06-01T12:45:06Z,WA,app_store
107477,2025-09-24T03:51:52Z,tx,app_store
107478,2025-09-21T04:58:01Z,MO,paid_social
107479,2025-05-31T13:24:51Z,FL,partner
107480,2025-12-12T08:24:25Z,WI,organic
107481,2025-06-25T18:50:27Z,IL,paid_social
107482,2025-10-07T08:25:52Z,MI,school_email
107483,2026-02-25T17:27:15Z,KY,school_email
107484,2025-12-26T09:49:51Z,IN,app_store
107485,2025-06-13T22:40:54Z,OH,app_store
107486,2025-11-21T23:16:07Z,IN,app_store
107487,2025-11-15T16:11:10Z,NC,organic
107488,2025-07-27T04:56:09Z,KY,school_email
107489,2025-08-25T13:05:38Z,MN,organic
107490,2026-02-19T14:21:36Z,IL,partner
107491,2025-11-02T12:15:44Z,SC,app_store
107492,2025-06-26T10:30:24Z,WA,app_store
107493,2025-09-28T13:29:07Z,AL,app_store
107494,2025-08-15T15:49:50Z,IN,partner
107495,2025-12-16T09:54:15Z,TX,paid_social
107496,2026-01-09T13:28:56Z,WI,partner
107497,2025-12-02T02:36:51Z,FL,organic
107498,2025-06-22T22:41:53Z,WI,paid_social
107499,2025-11-24T12:56:25Z,WI,partner
107500,2025-06-15T06:52:05Z,OH,organic
107501,2025-06-13T14:16:35Z,WI,paid_social
107502,2025-05-27T21:22:27Z,ny,organic
107503,2025-09-27T09:41:03Z,IL,partner
107504,2025-09-15T13:35:35Z,SC,school_email
107505,2025-07-27T23:42:43Z,OH,school_email
107506,2025-09-30T13:52:30Z,NC,partner
107507,2025-05-25T00:43:43Z,IL,referral
107508,2025-10-19T04:25:52Z,MI,organic
107509,2025-10-16T04:37:37Z,IN,app_store
107510,2025-07-20T11:00:23Z,PA,partner
107511,2025-10-08T01:04:00Z,TX,partner
107512,2025-07-06T00:43:33Z,VA,referral
107513,2025-05-10T02:51:10Z,MN,partner
107514,2025-05-21T12:50:54Z,VA,partner
107515,2025-11-25T12:29:38Z,WA,school_email
107516,2025-09-10T10:07:00Z,KY,partner
107517,2026-02-02T07:41:11Z,TX,organic
107518,2025-05-30T09:27:17Z,IL,organic
107519,2025-06-16T16:27:05Z,TX,school_email
107520,2025-05-12T05:59:14Z,TX,paid_social
107521,2025-06-10T04:48:37Z,AL,school_email
107522,2025-08-16T14:29:16Z,MI,paid_social
107523,2025-11-17T02:48:55Z,PA,organic
107524,2026-02-20T03:57:53Z,NY,referral
107525,2025-07-15T07:53:26Z,TN,app_store
107526,2025-09-04T04:53:19Z,CA,app_store
107527,2025-09-18T03:19:43Z,SC,partner
107528,2025-10-17T22:30:17Z,MI,paid_social
107529,2026-02-03T09:26:40Z,PA,organic
107530,2025-05-24T16:41:27Z,SC,referral
107531,2025-11-13T04:30:53Z,VA,organic
107532,2026-02-02T22:06:30Z,WI,school_email
107533,2025-10-08T02:45:14Z,AL,partner
107534,2025-10-09T04:57:18Z,GA,paid_social
107535,2025-10-08T05:22:30Z,MN,school_email
107536,2025-06-05T16:01:11Z,AL,paid_social
107537,2025-10-11T16:04:00Z,TN,app_store
107538,2025-05-09T20:32:21Z,NY,school_email
107539,2025-12-13T04:19:15Z,ca,organic
107540,2025-09-26T16:45:02Z,NY,app_store
107541,2026-02-03T14:25:27Z,MN,school_email
107542,2026-01-10T05:14:39Z,AL,paid_social
107543,2025-07-05T00:46:56Z,MN,referral
107544,2026-01-17T05:02:17Z,IN,app_store
107545,2025-08-01T22:47:35Z,PA,paid_social
107546,2026-01-19T17:32:55Z,FL,organic
107547,2025-12-05T13:05:04Z,PA,school_email
107548,2025-11-06T08:34:22Z,IN,organic
107549,2025-10-23T08:46:11Z,OH,school_email
107550,2025-09-13T10:50:54Z,IL,partner
107551,2025-08-07T19:33:17Z,MI,referral
107552,2025-10-03T12:18:39Z,pa,paid_social
107553,2025-05-06T16:29:49Z,GA,app_store
107554,2026-01-30T05:12:30Z,TN,school_email
107555,2025-10-06T16:47:12Z,TN,partner
107556,2025-06-29T05:14:59Z,GA,partner
107557,2025-08-11T01:23:55Z,CA,app_store
107558,2025-08-17T20:11:40Z,WA,referral
107559,2025-09-07T10:09:30Z,WA,school_email
107560,2025-11-05T08:40:01Z,wi,referral
107561,2025-06-07T22:42:51Z,TX,partner
107562,2026-02-24T20:03:32Z,IL,organic
107563,2026-01-26T12:34:07Z,WA,partner
107564,2025-06-17T19:38:20Z,VA,referral
107565,2026-02-15T04:34:17Z,TN,partner
107566,2025-11-06T15:36:45Z,WI,partner
107567,2025-08-17T20:18:16Z,MO,partner
107568,2025-05-29T06:24:36Z,WA,organic
107569,2026-01-03T01:45:06Z,FL,school_email
107570,2025-08-05T03:12:03Z,OH,referral
107571,2026-01-18T14:00:45Z,TN,organic
107572,2025-10-27T02:21:47Z,TX,organic
107573,2025-09-22T01:45:44Z,WI,partner
107574,2025-12-14T03:01:37Z,al,partner
107575,2025-05-05T23:25:44Z,NC,school_email
107576,2025-07-10T23:27:57Z,GA,partner
107577,2025-08-17T02:50:19Z,OH,app_store
107578,2026-02-19T17:00:57Z,NC,partner
107579,2025-06-04T09:47:24Z,SC,organic
107580,2025-10-16T13:38:00Z,PA,app_store
107581,2026-01-08T03:46:55Z,GA,school_email
107582,2025-08-20T06:41:12Z,VA,app_store
107583,2025-05-09T06:27:42Z,KY,organic
107584,2025-09-05T10:55:13Z,FL,school_email
107585,2025-11-25T00:20:07Z,TN,paid_social
107586,2025-07-17T19:07:43Z,KY,paid_social
107587,2025-06-19T07:44:19Z,MO,app_store
107588,2025-09-22T23:44:17Z,TN,paid_social
107589,2025-09-09T05:10:56Z,CA,referral
107590,2025-10-22T08:19:49Z,PA,app_store
107591,2025-12-02T02:50:21Z,pa,app_store
107592,2025-05-24T11:56:24Z,IN,partner
107593,2026-01-05T21:49:45Z,al,paid_social
107594,2025-05-31T21:25:55Z,AL,school_email
107595,2026-02-15T18:47:28Z,IL,school_email
107596,2025-09-29T13:32:01Z,nc,referral
107597,2025-07-23T18:13:22Z,VA,app_store
107598,2025-05-27T04:24:51Z,IN,school_email
107599,2025-09-11T22:52:58Z,ca,referral
107600,2026-01-04T15:03:19Z,WI,paid_social
107601,2026-02-26T19:06:12Z,IL,organic
107602,2025-08-31T07:22:43Z,ky,paid_social
107603,2025-11-04T07:10:25Z,OH,organic
107604,2026-02-06T11:52:34Z,MO,partner
107605,2025-09-30T04:26:04Z,FL,app_store
107606,2026-02-06T01:33:00Z,NY,app_store
107607,2026-02-20T22:09:32Z,GA,school_email
107608,2026-01-16T11:50:28Z,WA,app_store
107609,2026-02-21T18:08:50Z,MO,app_store
107610,2025-08-24T00:16:17Z,WA,partner
107611,2025-12-08T14:14:48Z,AL,paid_social
107612,2025-06-20T22:24:44Z,NY,partner
107613,2025-05-24T09:51:21Z,NY,referral
107614,2025-10-15T07:50:25Z,MN,organic
107615,2025-07-29T17:56:30Z,VA,app_store
107616,2025-12-25T21:59:43Z,AL,paid_social
107617,2025-06-22T13:30:04Z,TX,referral
107618,2026-01-02T17:53:47Z,CA,referral
107619,2025-10-19T16:40:57Z,GA,partner
107620,2025-08-08T05:16:29Z,FL,paid_social
107621,2025-07-31T00:46:36Z,WA,referral
107622,2025-07-15T23:23:12Z,MN,partner
107623,2025-09-23T11:54:37Z,MN,app_store
107624,2025-08-31T17:05:34Z,NC,paid_social
107625,2025-06-23T22:40:39Z,MN,paid_social
107626,2025-11-02T09:19:31Z,NC,partner
107627,2025-08-23T10:01:37Z,IN,app_store
107628,2025-05-28T05:37:20Z,SC,school_email
107629,2026-02-24T05:25:55Z,CA,app_store
107630,2025-09-05T17:27:06Z,SC,app_store
107631,2025-05-14T00:03:35Z,VA,referral
107632,2026-02-08T19:28:09Z,MO,organic
107633,2025-11-27T04:12:27Z,PA,paid_social
107634,2025-10-10T06:34:03Z,KY,paid_social
107635,2025-05-24T19:44:36Z,TN,paid_social
107636,2025-11-03T02:30:45Z,MI,paid_social
107637,2026-02-23T17:56:41Z,CA,organic
107638,2025-10-29T14:08:42Z,IN,organic
107639,2025-05-08T10:16:01Z,AL,partner
107640,2025-09-11T17:33:00Z,VA,partner
107641,2025-09-20T02:25:57Z,MN,school_email
107642,2025-10-12T06:08:04Z,OH,paid_social
107643,2025-05-14T15:45:28Z,TX,referral
107644,2025-10-26T20:52:13Z,GA,school_email
107645,2025-06-29T15:56:09Z,PA,organic
107646,2025-08-03T16:38:13Z,MN,school_email
107647,2025-06-25T04:35:39Z,TN,app_store
107648,2025-10-17T11:47:45Z,PA,organic
107649,2025-11-16T07:34:31Z,wi,app_store
107650,2025-05-06T08:00:42Z,CA,referral
107651,2026-01-26T16:19:38Z,MN,school_email
107652,2025-08-30T01:47:56Z,CA,organic
107653,2025-05-22T16:56:54Z,NC,referral
107654,2025-06-19T10:16:51Z,FL,app_store
107655,2026-01-14T11:10:44Z,CA,partner
107656,2025-08-12T09:53:41Z,NC,school_email
107657,2025-09-30T17:41:27Z,FL,app_store
107658,2025-09-18T00:02:37Z,IN,paid_social
107659,2025-09-12T20:44:38Z,MO,app_store
107660,2026-01-21T01:58:19Z,TN,organic
107661,2025-06-04T16:59:24Z,KY,school_email
107662,2025-05-18T01:46:50Z,KY,partner
107663,2025-07-24T21:14:18Z,KY,app_store
107664,2025-06-16T13:30:27Z,TN,partner
107665,2025-12-04T09:46:46Z,VA,referral
107666,2025-06-17T03:39:24Z,AL,app_store
107667,2025-08-23T15:54:39Z,PA,paid_social
107668,2025-07-04T09:59:36Z,NY,school_email
107669,2026-01-08T02:25:07Z,WA,paid_social
107670,2025-12-02T01:20:13Z,ny,paid_social
107671,2025-07-08T20:55:21Z,MN,app_store
107672,2025-12-06T13:08:09Z,TN,referral
107673,2026-02-14T18:58:01Z,al,partner
107674,2025-10-31T17:09:08Z,WI,partner
107675,2026-01-25T22:51:29Z,IN,school_email
107676,2025-08-18T08:49:32Z,MN,app_store
107677,2025-06-08T07:06:57Z,WI,paid_social
107678,2025-06-18T19:00:32Z,MN,paid_social
107679,2025-12-07T11:19:21Z,NC,school_email
107680,2025-09-01T22:25:31Z,mo,app_store
107681,2025-12-31T00:06:43Z,CA,paid_social
107682,2026-02-11T11:22:00Z,TX,organic
107683,2026-01-04T17:55:56Z,AL,referral
107684,2025-11-19T14:16:23Z,PA,paid_social
107685,2025-05-09T18:39:16Z,TX,referral
107686,2025-12-17T18:55:31Z,MO,partner
107687,2025-12-17T19:52:14Z,IL,school_email
107688,2025-06-30T11:08:22Z,TX,app_store
107689,2025-08-12T06:24:49Z,KY,partner
107690,2025-11-13T06:16:08Z,sc,referral
107691,2025-12-10T20:01:25Z,KY,paid_social
107692,2025-06-18T22:21:02Z,AL,referral
107693,2025-12-15T19:53:57Z,TN,organic
107694,2025-07-07T03:53:19Z,PA,organic
107695,2025-07-09T07:22:23Z,IL,app_store
107696,2026-01-09T03:58:45Z,NY,school_email
107697,2025-12-19T16:35:01Z,WA,paid_social
107698,2025-12-15T00:51:46Z,SC,referral
107699,2025-09-13T06:26:53Z,KY,organic
107700,2025-07-08T20:16:43Z,FL,school_email
107701,2025-05-29T17:06:58Z,GA,school_email
107702,2025-09-10T04:12:56Z,FL,partner
107703,2025-11-14T13:44:21Z,CA,app_store
107704,2026-02-25T22:22:38Z,TX,partner
107705,2025-06-20T05:22:09Z,VA,referral
107706,2026-01-25T14:08:45Z,MI,school_email
107707,2025-12-17T07:25:42Z,PA,referral
107708,2025-12-17T04:09:22Z,FL,app_store
107709,2025-06-26T16:59:54Z,CA,school_email
107710,2025-12-24T03:54:01Z,KY,referral
107711,2026-01-15T20:56:26Z,NY,school_email
107712,2025-06-18T22:08:35Z,KY,paid_social
107713,2025-05-25T13:29:46Z,IN,partner
107714,2025-12-18T03:44:17Z,MO,referral
107715,2026-01-25T18:08:51Z,FL,referral
107716,2025-10-01T22:07:25Z,wa,paid_social
107717,2025-10-26T12:49:26Z,AL,organic
107718,2025-07-22T06:52:47Z,IL,organic
107719,2025-11-28T23:10:58Z,IL,paid_social
107720,2025-09-23T21:17:30Z,IN,organic
107721,2025-11-11T03:58:45Z,FL,school_email
107722,2025-05-13T13:05:17Z,TX,school_email
107723,2025-05-06T03:49:19Z,AL,paid_social
107724,2025-12-18T14:45:14Z,WA,partner
107725,2025-10-29T13:23:02Z,AL,school_email
107726,2025-09-02T15:02:09Z,IL,referral
107727,2025-08-18T03:48:06Z,MI,partner
107728,2026-01-17T22:11:53Z,NC,app_store
107729,2025-09-02T19:35:50Z,VA,referral
107730,2026-01-12T08:29:26Z,MN,partner
107731,2025-12-07T16:18:05Z,MN,app_store
107732,2025-10-29T00:45:22Z,CA,school_email
107733,2025-05-26T03:17:12Z,CA,school_email
107734,2025-11-28T22:39:38Z,FL,organic
107735,2025-12-04T10:33:28Z,OH,school_email
107736,2026-02-07T13:24:24Z,GA,school_email
107737,2025-05-11T06:17:30Z,AL,referral
107738,2025-10-03T02:19:40Z,SC,app_store
107739,2025-09-25T13:31:03Z,IN,referral
107740,2025-08-16T07:28:52Z,AL,paid_social
107741,2025-05-10T00:23:26Z,FL,paid_social
107742,2026-02-17T15:04:10Z,IL,referral
107743,2025-12-07T11:05:58Z,MO,partner
107744,2026-02-03T19:57:50Z,IL,organic
107745,2025-11-19T04:11:57Z,SC,organic
107746,2025-06-23T22:37:33Z,WI,referral
107747,2025-06-01T21:27:46Z,NC,app_store
107748,2025-08-07T02:17:29Z,NY,app_store
107749,2025-12-27T19:35:07Z,OH,referral
107750,2025-10-25T10:45:58Z,IL,school_email
107751,2026-01-25T05:47:07Z,FL,school_email
107752,2025-10-10T14:57:40Z,AL,school_email
107753,2025-08-08T22:56:18Z,NC,partner
107754,2025-11-19T16:02:39Z,SC,paid_social
107755,2025-07-22T02:41:34Z,VA,school_email
107756,2025-09-03T05:04:36Z,AL,organic
107757,2025-06-21T07:39:02Z,AL,partner
107758,2025-11-27T11:21:11Z,OH,organic
107759,2026-01-23T01:03:11Z,NC,partner
107760,2026-01-03T18:40:09Z,IN,paid_social
107761,2025-11-10T11:23:20Z,fl,paid_social
107762,2025-07-21T04:29:59Z,CA,partner
107763,2025-11-11T00:57:42Z,VA,referral
107764,2025-09-25T20:20:49Z,NC,organic
107765,2025-08-29T04:35:24Z,SC,organic
107766,2026-02-09T03:22:13Z,CA,partner
107767,2025-07-03T21:48:17Z,CA,organic
107768,2026-01-29T17:45:04Z,PA,referral
107769,2025-08-10T11:58:34Z,PA,school_email
107770,2026-01-02T21:42:36Z,GA,referral
107771,2025-09-06T12:45:49Z,IN,referral
107772,2026-01-29T15:43:22Z,CA,school_email
107773,2026-01-16T12:31:06Z,MI,referral
107774,2026-01-11T20:06:29Z,GA,partner
107775,2026-02-06T02:34:09Z,TX,organic
107776,2025-07-18T05:16:14Z,WI,school_email
107777,2025-11-03T07:57:12Z,IL,partner
107778,2025-07-29T02:19:31Z,NC,referral
107779,2025-05-27T05:37:06Z,VA,organic
107780,2025-07-04T00:57:58Z,GA,app_store
107781,2025-07-24T10:12:32Z,IL,organic
107782,2025-11-18T23:47:10Z,OH,organic
107783,2026-01-04T04:18:48Z,WA,app_store
107784,2025-05-29T15:47:08Z,IL,organic
107785,2025-10-22T05:33:12Z,VA,referral
107786,2025-08-30T10:38:28Z,AL,organic
107787,2026-01-12T02:41:50Z,NC,partner
107788,2025-05-05T04:43:37Z,wa,partner
107789,2025-06-29T11:12:19Z,MI,school_email
107790,2025-09-24T20:00:35Z,KY,app_store
107791,2025-09-19T09:29:21Z,TN,organic
107792,2025-11-13T19:01:19Z,VA,app_store
107793,2025-05-10T15:27:37Z,GA,paid_social
107794,2026-02-18T13:34:01Z,OH,referral
107795,2025-09-07T06:25:23Z,SC,paid_social
107796,2025-05-22T15:45:53Z,CA,organic
107797,2025-09-04T09:44:36Z,AL,school_email
107798,2026-02-18T17:50:23Z,MN,referral
107799,2025-12-26T12:27:58Z,CA,app_store
107800,2025-11-26T07:51:50Z,AL,school_email
107801,2025-10-03T05:37:51Z,MN,referral
107802,2025-09-10T14:49:28Z,GA,referral
107803,2025-08-02T08:14:13Z,WA,partner
107804,2026-02-14T00:44:43Z,SC,partner
107805,2025-08-11T12:17:46Z,SC,school_email
107806,2025-11-11T14:49:17Z,WA,paid_social
107807,2026-02-27T22:33:25Z,CA,paid_social
107808,2025-08-31T15:58:23Z,OH,school_email
107809,2025-10-14T00:21:23Z,TX,school_email
107810,2026-01-19T00:51:52Z,PA,partner
107811,2025-05-10T09:45:23Z,IL,paid_social
107812,2026-02-20T15:28:44Z,FL,paid_social
107813,2026-02-06T16:09:47Z,GA,app_store
107814,2025-12-24T11:13:46Z,AL,organic
107815,2025-11-25T21:20:04Z,NC,partner
107816,2025-08-01T09:29:10Z,MI,referral
107817,2025-12-24T18:58:23Z,AL,app_store
107818,2025-10-21T18:52:56Z,FL,app_store
107819,2025-11-07T04:15:34Z,FL,school_email
107820,2025-09-26T16:25:56Z,TN,school_email
107821,2025-10-26T13:40:36Z,VA,paid_social
107822,2026-02-01T22:34:04Z,IL,organic
107823,2025-09-10T06:55:24Z,al,referral
107824,2025-11-08T19:11:20Z,NC,app_store
107825,2025-05-15T21:03:51Z,VA,organic
107826,2025-05-17T02:23:01Z,WI,partner
107827,2025-06-12T07:35:39Z,tn,organic
107828,2026-02-16T13:23:09Z,GA,partner
107829,2026-01-03T20:35:10Z,il,school_email
107830,2025-07-06T15:01:06Z,WI,referral
107831,2025-12-22T23:17:25Z,IL,paid_social
107832,2025-06-29T16:03:05Z,IL,referral
107833,2025-07-05T21:42:53Z,NY,referral
107834,2025-11-24T20:22:05Z,WA,partner
107835,2025-09-09T04:20:07Z,PA,school_email
107836,2025-08-02T09:11:45Z,OH,partner
107837,2025-10-19T11:02:43Z,SC,referral
107838,2025-06-12T12:40:27Z,NY,partner
107839,2025-08-11T22:22:44Z,AL,school_email
107840,2025-07-17T20:10:55Z,TX,partner
107841,2025-10-28T11:13:38Z,ca,paid_social
107842,2025-06-22T20:20:20Z,PA,organic
107843,2025-12-19T01:10:41Z,TX,partner
107844,2025-09-06T11:50:18Z,IL,paid_social
107845,2025-09-10T20:47:24Z,VA,school_email
107846,2026-02-24T06:12:17Z,NC,partner
107847,2026-01-06T15:41:34Z,FL,paid_social
107848,2026-02-11T04:53:21Z,IL,school_email
107849,2025-06-29T12:10:33Z,WA,organic
107850,2025-12-22T20:59:26Z,VA,school_email
107851,2025-09-19T02:22:06Z,IN,partner
107852,2025-07-15T11:45:17Z,SC,paid_social
107853,2025-12-30T11:16:22Z,TX,partner
107854,2026-01-27T15:38:02Z,WI,partner
107855,2025-11-19T17:21:21Z,VA,school_email
107856,2025-05-31T15:59:37Z,TN,app_store
107857,2025-11-21T23:15:42Z,AL,organic
107858,2025-11-04T11:52:10Z,SC,organic
107859,2025-09-17T01:32:37Z,WI,school_email
107860,2025-10-29T05:18:21Z,SC,paid_social
107861,2025-05-06T04:43:09Z,OH,partner
107862,2025-05-21T09:33:58Z,PA,referral
107863,2025-11-13T15:52:31Z,MO,app_store
107864,2025-08-22T20:40:53Z,GA,organic
107865,2025-07-28T04:08:27Z,NC,organic
107866,2026-01-07T02:35:34Z,MI,school_email
107867,2025-11-16T17:37:05Z,MI,organic
107868,2025-06-29T18:42:32Z,CA,organic
107869,2025-11-10T23:12:54Z,MN,partner
107870,2025-06-05T19:59:45Z,VA,paid_social
107871,2025-11-27T04:43:16Z,NC,referral
107872,2026-02-04T05:03:24Z,TN,school_email
107873,2025-05-31T23:46:15Z,PA,organic
107874,2025-08-07T09:08:17Z,NY,partner
107875,2025-07-29T22:03:38Z,CA,partner
107876,2025-10-14T05:52:20Z,TX,school_email
107877,2025-10-02T23:51:34Z,WA,organic
107878,2025-07-31T05:03:07Z,IL,partner
107879,2025-09-16T23:16:54Z,GA,referral
107880,2025-10-21T20:13:47Z,MI,organic
107881,2025-08-08T11:57:20Z,GA,paid_social
107882,2025-06-25T09:26:33Z,WI,organic
107883,2025-07-29T19:21:45Z,KY,school_email
107884,2025-08-20T10:08:21Z,TX,school_email
107885,2025-10-31T16:48:00Z,WI,paid_social
107886,2026-02-03T05:40:48Z,WI,organic
107887,2025-05-07T17:00:20Z,MI,partner
107888,2025-11-25T00:30:23Z,FL,referral
107889,2025-08-14T06:22:30Z,PA,paid_social
107890,2025-10-27T15:24:03Z,VA,organic
107891,2026-02-18T07:27:55Z,MO,paid_social
107892,2025-07-12T14:12:33Z,SC,school_email
107893,2025-11-05T15:55:55Z,AL,app_store
107894,2025-06-10T09:46:13Z,NC,paid_social
107895,2025-07-06T20:06:45Z,IN,paid_social
107896,2025-05-14T07:25:22Z,IN,paid_social
107897,2025-05-22T18:02:52Z,GA,paid_social
107898,2025-05-08T23:51:13Z,WI,paid_social
107899,2025-12-30T05:06:15Z,TN,organic
107900,2025-08-14T15:27:36Z,GA,paid_social
107901,2026-01-21T07:45:29Z,VA,organic
107902,2025-05-17T00:28:39Z,TN,paid_social
107903,2025-07-27T06:39:32Z,WA,organic
107904,2025-09-09T20:32:15Z,MN,organic
107905,2025-05-24T00:42:48Z,KY,school_email
107906,2025-11-02T09:26:38Z,CA,referral
107907,2025-11-17T23:47:17Z,IN,organic
107908,2025-08-19T10:50:25Z,SC,paid_social
107909,2026-01-27T23:48:55Z,AL,partner
107910,2025-06-01T22:39:53Z,CA,organic
107911,2026-02-27T13:41:44Z,KY,paid_social
107912,2025-12-22T18:09:35Z,TX,partner
107913,2025-11-22T03:17:01Z,MI,referral
107914,2026-01-06T16:31:30Z,Florida,referral
107915,2026-01-17T15:47:19Z,MI,organic
107916,2025-11-24T11:55:07Z,FL,school_email
107917,2025-12-08T02:28:42Z,IL,paid_social
107918,2025-08-10T10:49:11Z,MI,school_email
107919,2025-06-25T19:44:36Z,WA,partner
107920,2025-12-22T21:44:32Z,IL,paid_social
107921,2026-02-20T03:05:01Z,MN,organic
107922,2025-06-26T05:32:22Z,ca,organic
107923,2025-06-27T02:25:06Z,NC,app_store
107924,2025-11-08T17:01:16Z,CA,organic
107925,2025-10-09T02:35:50Z,NC,referral
107926,2025-09-02T20:26:17Z,IN,school_email
107927,2025-07-09T10:57:09Z,WA,app_store
107928,2026-02-20T10:41:38Z,TX,paid_social
107929,2026-02-21T19:49:33Z,GA,school_email
107930,2026-01-03T23:32:56Z,IL,paid_social
107931,2025-06-16T19:41:20Z,SC,referral
107932,2025-11-17T19:48:20Z,IN,school_email
107933,2025-07-16T15:13:02Z,WI,organic
107934,2025-06-04T02:39:38Z,nc,organic
107935,2026-02-20T19:56:41Z,FL,partner
107936,2025-12-18T23:53:27Z,OH,partner
107937,2025-08-19T10:17:40Z,NC,referral
107938,2025-08-08T19:10:09Z,al,paid_social
107939,2025-08-19T07:02:58Z,CA,organic
107940,2025-06-23T13:06:24Z,OH,app_store
107941,2026-01-03T20:40:55Z,SC,paid_social
107942,2025-06-16T12:08:34Z,AL,school_email
107943,2025-07-23T07:15:49Z,IL,organic
107944,2025-10-13T21:29:20Z,GA,organic
107945,2025-10-28T08:04:52Z,GA,referral
107946,2025-08-18T13:00:56Z,TX,partner
107947,2025-08-01T10:20:40Z,mi,school_email
107948,2025-11-18T02:46:47Z,MN,paid_social
107949,2025-05-26T00:59:29Z,MN,app_store
107950,2025-09-11T01:48:19Z,IN,app_store
107951,2025-06-22T06:13:00Z,CA,organic
107952,2026-02-12T00:09:09Z,FL,app_store
107953,2025-05-15T08:46:12Z,OH,school_email
107954,2025-08-13T03:32:12Z,CA,partner
107955,2025-05-09T04:30:28Z,WA,partner
107956,2026-01-29T06:21:47Z,IN,school_email
107957,2025-11-10T05:09:44Z,TX,referral
107958,2026-02-12T07:30:20Z,AL,paid_social
107959,2025-09-26T01:53:56Z,SC,school_email
107960,2025-07-25T09:57:32Z,TN,paid_social
107961,2025-09-14T12:29:05Z,CA,school_email
107962,2025-06-23T12:09:47Z,IN,partner
107963,2026-01-11T04:56:41Z,tn,organic
107964,2025-12-30T15:59:05Z,FL,organic
107965,2026-02-18T08:40:14Z,mo,referral
107966,2025-06-20T09:27:11Z,MO,organic
107967,2025-05-17T12:30:21Z,TN,school_email
107968,2025-09-30T15:28:33Z,WI,referral
107969,2025-11-29T11:55:44Z,MO,school_email
107970,2025-09-03T08:13:52Z,IN,paid_social
107971,2026-01-20T21:21:50Z,MO,referral
107972,2025-08-19T20:09:05Z,VA,partner
107973,2025-11-06T10:16:51Z,NY,partner
107974,2025-12-22T06:50:19Z,NY,school_email
107975,2025-10-03T16:00:36Z,MN,school_email
107976,2025-08-13T15:50:33Z,OH,organic
107977,2026-02-20T08:39:03Z,TX,app_store
107978,2025-08-05T21:23:20Z,IL,partner
107979,2025-08-18T06:40:24Z,SC,school_email
107980,2025-08-07T20:00:10Z,SC,referral
107981,2025-07-28T10:03:10Z,IL,paid_social
107982,2025-06-13T11:53:24Z,TN,referral
107983,2025-05-27T13:18:37Z,CA,partner
107984,2025-11-14T05:00:24Z,FL,referral
107985,2025-11-24T10:06:27Z,TX,school_email
107986,2026-02-27T08:11:10Z,KY,referral
107987,2025-10-21T01:27:34Z,MO,app_store
107988,2025-07-28T09:35:27Z,IN,paid_social
107989,2026-02-16T06:24:39Z,KY,school_email
107990,2026-01-13T10:09:20Z,IL,app_store
107991,2025-07-13T14:45:02Z,MO,paid_social
107992,2025-07-04T15:31:39Z,NY,referral
107993,2025-12-01T07:05:15Z,MI,partner
107994,2025-09-23T16:03:52Z,FL,app_store
107995,2025-12-27T13:48:48Z,MI,school_email
107996,2025-07-26T20:03:52Z,Ga.,partner
107997,2025-12-05T18:46:16Z,TN,app_store
107998,2026-02-04T12:22:28Z,NC,organic
107999,2025-07-06T11:09:29Z,IN,school_email
108000,2025-09-30T14:07:57Z,VA,referral
